unit,task_id,mixer,seed,p,strategy,status,loss,energy_report,p_opt,p_feas,p_opt_given_feas,objective_evaluations,gradient_evaluations,work_credits,work_budget,nominal_layer_work,fit_seconds,iterations,winner_call,active_parameter_count,earlier_parameter_change,incomplete_previous_calls_charged,ancestor_calls,ancestor_gradients,ancestor_credits,ancestor_layer_work,ancestor_fit_seconds,cumulative_layer_work,cumulative_credits,cumulative_fit_seconds,cumulative_calls,parent_record,parent_sha256,winner_sha256,has_state,complex_state_sha256,independent_state_error,cnot,ancillas,one_qubit,toffoli,initial_parameters_sha256,anchor_present,prefix_present
tv2_m16_branch_00__X__s9101,tv2_m16_branch_00,X,9101,1,SHARED_P1,CONVERGED,0.6081285002946124,0.6081285002946123,3.78101683449678e-05,0.00019162088412625751,0.19731757588622215,7,7,21,64,21,0.08341217041015625,4,7,2,,0,0,0,0,0,0.0,21,21,0.08341217041015625,7,,,3070b202d9f6e2f53f9428ada76e96b270e096615d7b2d29734b89bb309bc6a4,True,d88a644baa3263a93abb44ac3a19c49583ebc078c89c31d07d093c3f528b64ef,9.889445383256551e-18,9970,509,12457,1348,66808559f3520a3c59256e187b2ad82c712579873da9f7828314da69f62478d9,False,False
tv2_m16_branch_00__X__s9101,tv2_m16_branch_00,X,9101,2,FROZEN_LAYERWISE,CONVERGED,0.5152674810892077,0.5152674810892081,3.785568438084369e-05,0.0001470215926562671,0.25748384095762966,7,6,19,64,38,0.12064743041992188,3,7,2,0.0,0,7,7,21,21,0.08341217041015625,59,40,0.20405960083007812,14,fits/tv2_m16_branch_00__X__s9101/p001/SHARED_P1/WINNER.json,3070b202d9f6e2f53f9428ada76e96b270e096615d7b2d29734b89bb309bc6a4,89942b9bc9a08e1c8ce6bd3342eca9c8f1abebb34f0e2bbcd263ee5aaec8312c,False,,,19940,509,24898,2696,4e1d0572b3870ea35614184b37a1eb0467c10419fae2c79b44c6807be3af1de2,True,True
tv2_m16_branch_00__X__s9101,tv2_m16_branch_00,X,9101,2,WARM_JOINT,CONVERGED,0.5152674810892077,0.5152674810892081,3.785568438084369e-05,0.0001470215926562671,0.25748384095762966,7,6,19,64,38,0.12175869941711426,3,7,4,0.0,0,7,7,21,21,0.08341217041015625,59,40,0.2051708698272705,14,fits/tv2_m16_branch_00__X__s9101/p001/SHARED_P1/WINNER.json,3070b202d9f6e2f53f9428ada76e96b270e096615d7b2d29734b89bb309bc6a4,0c04492c8c98f4726719e16451fc18f9877d2f6e8e6a5a6e5599d83fb5fe936f,False,,,19940,509,24898,2696,4e1d0572b3870ea35614184b37a1eb0467c10419fae2c79b44c6807be3af1de2,True,False
tv2_m16_branch_00__X__s9101,tv2_m16_branch_00,X,9101,3,FROZEN_LAYERWISE,CONVERGED,0.4265425418219668,0.42654254182196727,1.765845984469116e-05,5.199606398099562e-05,0.3396114723442387,6,5,16,64,48,0.15090394020080566,3,6,2,0.0,0,14,13,40,59,0.20405960083007812,107,56,0.3549635410308838,20,fits/tv2_m16_branch_00__X__s9101/p002/FROZEN_LAYERWISE/WINNER.json,89942b9bc9a08e1c8ce6bd3342eca9c8f1abebb34f0e2bbcd263ee5aaec8312c,c8fbea5e9fd479d2389f89b1441be979277004f741aaabcd4485f4d31613a10b,False,,,29910,509,37339,4044,e2c59eb4387d1495b4f4855b3e8bc5843ebe1394eadd600a9024bc0621420921,True,True
tv2_m16_branch_00__X__s9101,tv2_m16_branch_00,X,9101,3,WARM_JOINT,CONVERGED,0.4265425418219668,0.42654254182196727,1.765845984469116e-05,5.199606398099562e-05,0.3396114723442387,7,6,19,64,57,0.15921568870544434,4,7,6,0.0,0,14,13,40,59,0.2051708698272705,116,59,0.36438655853271484,21,fits/tv2_m16_branch_00__X__s9101/p002/WARM_JOINT/WINNER.json,0c04492c8c98f4726719e16451fc18f9877d2f6e8e6a5a6e5599d83fb5fe936f,8c35a799b0690f8b1a0ff7c892c0d7cb5ccfd87d064bcee9df5f39cc0f9cf0c7,False,,,29910,509,37339,4044,e2c59eb4387d1495b4f4855b3e8bc5843ebe1394eadd600a9024bc0621420921,True,False
tv2_m16_branch_00__X__s9101,tv2_m16_branch_00,X,9101,4,FROZEN_LAYERWISE,CONVERGED,0.37764857392569096,0.3776485739256915,5.608460489256535e-06,1.3898269370710184e-05,0.4035366087432474,6,5,16,64,64,0.18384075164794922,4,6,2,0.0,0,20,18,56,107,0.3549635410308838,171,72,0.538804292678833,26,fits/tv2_m16_branch_00__X__s9101/p003/FROZEN_LAYERWISE/WINNER.json,c8fbea5e9fd479d2389f89b1441be979277004f741aaabcd4485f4d31613a10b,e09717d5ae0bd6dccb7b3b02814a6de95db09308638f4edf1cc8552b3620a171,True,44b04a1c434a9caccb5c86fe281e4b1c3d7d60415f386368b4dc30740d4f41ea,1.5593224665824853e-16,39880,509,49780,5392,234dcac6bb15274af344cb40b24b52afc2a8767516d91ed4703496a1505fe74e,True,True
tv2_m16_branch_00__X__s9101,tv2_m16_branch_00,X,9101,4,WARM_JOINT,CONVERGED,0.376441551578645,0.3764415515786449,3.252969592509489e-06,5.858843146925357e-06,0.5552238745658524,13,12,37,64,148,0.42019176483154297,11,13,8,1.4595616359455157,0,21,19,59,116,0.36438655853271484,264,96,0.7845783233642578,34,fits/tv2_m16_branch_00__X__s9101/p003/WARM_JOINT/WINNER.json,8c35a799b0690f8b1a0ff7c892c0d7cb5ccfd87d064bcee9df5f39cc0f9cf0c7,2096f793722d6a57e812107e5eb406c8cc455201c30bc4bbe758ad7e762d1e2a,True,a44cc3342f2639dcabf94bdc253296087f0add92b226cacace1d7f7fb809ee11,9.309503074677274e-17,39880,509,49780,5392,234dcac6bb15274af344cb40b24b52afc2a8767516d91ed4703496a1505fe74e,True,False
tv2_m16_branch_00__X__s9101,tv2_m16_branch_00,X,9101,4,RANDOM_JOINT,CONVERGED,0.37644155157919745,0.37644155157919734,3.2529854249042353e-06,5.858856827873537e-06,0.5552252803700789,14,14,42,64,168,0.45893192291259766,11,14,8,5.920499264098299,0,0,0,0,0,0.0,168,42,0.45893192291259766,14,,,c5bdefd2d093dd961fa713001a59f18d92bc53cea691967370b0ec83a8c606eb,True,fc09e56cd06286807a84a56b0a63fc27da2ef1624d25031de5a8834235e8f083,1.3092278833360675e-16,39880,509,49780,5392,85ad5e90300e5dc4ed007809a39a46a7a355d1ce1c044593dbb72c2af34ad449,False,False
tv2_m16_branch_00__X__s9101,tv2_m16_branch_00,X,9101,5,FROZEN_LAYERWISE,CONVERGED,0.37257527639062477,0.37257527639062515,2.506866882070368e-06,9.29709408707604e-06,0.26963983139152936,11,10,31,64,155,0.42360877990722656,7,11,2,0.0,0,26,23,72,171,0.538804292678833,326,103,0.9624130725860596,37,fits/tv2_m16_branch_00__X__s9101/p004/FROZEN_LAYERWISE/WINNER.json,e09717d5ae0bd6dccb7b3b02814a6de95db09308638f4edf1cc8552b3620a171,83be8ea9497f5da5d15ee50b6aea08d55aea315649b55a9fce92f78265c9d529,False,,,49850,509,62221,6740,8ef11fc13d22069188c500609c704a8c71e8e93bed3e09c10f838b19774e1d2e,True,True
tv2_m16_branch_00__X__s9101,tv2_m16_branch_00,X,9101,5,WARM_JOINT,BUDGET_EXHAUSTED,0.3683424186380012,0.3683424186380013,2.555682167481201e-06,9.314746154762033e-06,0.274369491666141,22,21,64,64,320,0.8947620391845703,18,22,10,1.4595616359455157,0,34,31,96,264,0.7845783233642578,584,160,1.6793403625488281,56,fits/tv2_m16_branch_00__X__s9101/p004/WARM_JOINT/WINNER.json,2096f793722d6a57e812107e5eb406c8cc455201c30bc4bbe758ad7e762d1e2a,dfc5f3083bd8cbb1e5a79092f38d4413db1c25db6db4a4aa62b1c6f02d9bc019,False,,,49850,509,62221,6740,4c1a4c5f71d99bcf5b41aea0c08b44335885fb78f4261c0b259c4141ddd87f50,True,False
tv2_m16_branch_00__X__s9101,tv2_m16_branch_00,X,9101,6,FROZEN_LAYERWISE,CONVERGED,0.3717743949534494,0.37177439495344966,4.012501845684108e-06,1.244378851341958e-05,0.3224501799718761,14,13,40,64,240,0.7253158092498779,5,14,2,0.0,0,37,33,103,326,0.9624130725860596,566,143,1.6877288818359375,51,fits/tv2_m16_branch_00__X__s9101/p005/FROZEN_LAYERWISE/WINNER.json,83be8ea9497f5da5d15ee50b6aea08d55aea315649b55a9fce92f78265c9d529,223682314fd4ad8a7185fb554505c75635d47a37b419a7c27bfef8be6ea98cf6,False,,,59820,509,74662,8088,920bd6336fa46584961f6b23e4ec098dcb87a2739a2e100b0a0054753ba2c54a,True,True
tv2_m16_branch_00__X__s9101,tv2_m16_branch_00,X,9101,6,WARM_JOINT,BUDGET_EXHAUSTED,0.3677640255258905,0.36776402552589055,1.0778636201865557e-05,2.6810906307941553e-05,0.4020243134665261,22,21,64,64,384,1.0574426651000977,15,21,12,2.8028312202328274,0,56,52,160,584,1.6793403625488281,968,224,2.736783027648926,78,fits/tv2_m16_branch_00__X__s9101/p005/WARM_JOINT/WINNER.json,dfc5f3083bd8cbb1e5a79092f38d4413db1c25db6db4a4aa62b1c6f02d9bc019,5ccb835711cf418cace3690dedac9d7c6a9782fdc08b57418d783e4a1860e80c,False,,,59820,509,74662,8088,96c5827c9746390a6350378614e27d6497cf3710c1b41709cb16df688dc06a17,True,False
tv2_m16_branch_00__X__s9101,tv2_m16_branch_00,X,9101,7,FROZEN_LAYERWISE,CONVERGED,0.3711032164558092,0.37110321645581,3.2788935708856194e-06,1.1335945531559338e-05,0.28924747051378824,13,12,37,64,259,0.9082908630371094,4,13,2,0.0,0,51,46,143,566,1.6877288818359375,825,180,2.596019744873047,64,fits/tv2_m16_branch_00__X__s9101/p006/FROZEN_LAYERWISE/WINNER.json,223682314fd4ad8a7185fb554505c75635d47a37b419a7c27bfef8be6ea98cf6,cf879af5c21c81e5e7211484d39d047fcfe97cab48fec8caeec6af71a556ea15,False,,,69790,509,87103,9436,385336e3d40b9dd4239bdf84242f878ada82102d01ad8e56c2aac37c7af266c1,True,True
tv2_m16_branch_00__X__s9101,tv2_m16_branch_00,X,9101,7,WARM_JOINT,BUDGET_EXHAUSTED,0.3645283058266423,0.36452830582664186,3.684038557698123e-05,0.00010374813670052264,0.3550944310770995,22,21,64,64,448,1.3313610553741455,19,22,14,7.47020368632084,0,78,73,224,968,2.736783027648926,1416,288,4.068144083023071,100,fits/tv2_m16_branch_00__X__s9101/p006/WARM_JOINT/WINNER.json,5ccb835711cf418cace3690dedac9d7c6a9782fdc08b57418d783e4a1860e80c,a601be5e9b3ef2d34e2777f87cba11740138dd6e1e994bcd339672de0b86a211,False,,,69790,509,87103,9436,e95537890efd37bbb906a4d584928f35e9c2e64a32df2012632e448f0ab07c0e,True,False
tv2_m16_branch_00__X__s9101,tv2_m16_branch_00,X,9101,8,FROZEN_LAYERWISE,CONVERGED,0.370150447778096,0.370150447778096,4.148962773104672e-06,1.2262112851895948e-05,0.3383562705070983,13,12,37,64,296,0.7901992797851562,5,13,2,0.0,0,64,58,180,825,2.596019744873047,1121,217,3.386219024658203,77,fits/tv2_m16_branch_00__X__s9101/p007/FROZEN_LAYERWISE/WINNER.json,cf879af5c21c81e5e7211484d39d047fcfe97cab48fec8caeec6af71a556ea15,f0120ad4bf9a2642dc01eab726319e73fdb7739cc3a95f408a18ec7fbbb2b1e3,True,474367b694cdcc653eaf384782e60b0782125f3f487ccc54235aade0124d6772,2.9935919515653524e-16,79760,509,99544,10784,d35976eeb9a176f9cc5608a1d726b8ba8ed7bb390146a32fb62b933f7f876128,True,True
tv2_m16_branch_00__X__s9101,tv2_m16_branch_00,X,9101,8,WARM_JOINT,BUDGET_EXHAUSTED,0.3615076663879495,0.3615076663879496,4.295069762592137e-05,0.00011195576488481328,0.3836398926853976,22,21,64,64,512,1.3698077201843262,19,22,16,4.858931405576123,0,100,94,288,1416,4.068144083023071,1928,352,5.4379518032073975,122,fits/tv2_m16_branch_00__X__s9101/p007/WARM_JOINT/WINNER.json,a601be5e9b3ef2d34e2777f87cba11740138dd6e1e994bcd339672de0b86a211,0f372c729d1f914d265fbe2a8869c5646491ec9413d6985d1e0828002422c108,True,f867f1f92b791eefd6ceb36207fc2d328165b39f93bd425cc1411449e85159f5,1.665695898455916e-16,79760,509,99544,10784,76838267decde3734814428458b2c7f4a00f4851cabf14a8f4f6719c31cab6a4,True,False
tv2_m16_branch_00__X__s9101,tv2_m16_branch_00,X,9101,8,RANDOM_JOINT,BUDGET_EXHAUSTED,0.3697581841873749,0.3697581841873746,1.8466471626796406e-05,9.428128394918895e-05,0.19586572067419605,21,21,63,64,504,1.4010987281799316,13,21,16,4.654295748375087,0,0,0,0,0,0.0,504,63,1.4010987281799316,21,,,03464ab1b63a5fdca50a349cc325b15bfaf52b02f50936ddc042bd33b316a0aa,True,7bec271047b32a96b2b3a019030cdc5c848da077a233abed5820704b63a5caa0,1.1210126175528405e-16,79760,509,99544,10784,7fc6b3065a707c1eb5aac5445af14aa3ed4197af3eac54733c1aaa13e1a3815a,False,False
tv2_m16_branch_00__X__s9101,tv2_m16_branch_00,X,9101,9,FROZEN_LAYERWISE,CONVERGED,0.36875012967584403,0.36875012967584336,4.353774733440693e-06,1.268509171513545e-05,0.3432198072518393,12,11,34,64,306,0.8789684772491455,5,12,2,0.0,0,77,70,217,1121,3.386219024658203,1427,251,4.265187501907349,89,fits/tv2_m16_branch_00__X__s9101/p008/FROZEN_LAYERWISE/WINNER.json,f0120ad4bf9a2642dc01eab726319e73fdb7739cc3a95f408a18ec7fbbb2b1e3,eea839ba8367b479d59abea1cd8551c356f5cf26932fe757aebc507f19113c8f,False,,,89730,509,111985,12132,a11496e90b8355f98c781e26d37fc9d95581221bea79f83bb44ac638049299b5,True,True
tv2_m16_branch_00__X__s9101,tv2_m16_branch_00,X,9101,9,WARM_JOINT,BUDGET_EXHAUSTED,0.360698524609247,0.36069852460924706,7.252749171544479e-06,2.8757832402198286e-05,0.2522008289814663,22,21,64,64,576,1.5666429996490479,16,22,18,2.7060959984815636,0,122,115,352,1928,5.4379518032073975,2504,416,7.004594802856445,144,fits/tv2_m16_branch_00__X__s9101/p008/WARM_JOINT/WINNER.json,0f372c729d1f914d265fbe2a8869c5646491ec9413d6985d1e0828002422c108,064af2389bcb8cae5bd12426b69353e818632c0a29cccb769b1cdb06864222ed,False,,,89730,509,111985,12132,92fc7d994420ac16d726b0e7be96fb2d6d34807175e36e205906e79d954ab8cd,True,False
tv2_m16_branch_00__X__s9101,tv2_m16_branch_00,X,9101,10,FROZEN_LAYERWISE,CONVERGED,0.3668283519041362,0.3668283519041362,4.39664753670731e-06,1.378034856155206e-05,0.3190519831243022,12,11,34,64,340,1.0758116245269775,5,12,2,0.0,0,89,81,251,1427,4.265187501907349,1767,285,5.340999126434326,101,fits/tv2_m16_branch_00__X__s9101/p009/FROZEN_LAYERWISE/WINNER.json,eea839ba8367b479d59abea1cd8551c356f5cf26932fe757aebc507f19113c8f,ac98303f706f5e546fe671bd5b14aaf7a853c452e6dfc8e708d8a3bef5aaea44,False,,,99700,509,124426,13480,7d08c365feb77f2a443774e5c20045cb0bad74b82c15df2991456d092a49a27a,True,True
tv2_m16_branch_00__X__s9101,tv2_m16_branch_00,X,9101,10,WARM_JOINT,BUDGET_EXHAUSTED,0.34679993185742203,0.3467999318574214,3.8375093589251865e-06,9.83929982953011e-06,0.390018540486783,22,21,64,64,640,1.7647476196289062,20,22,20,4.971466679844344,0,144,136,416,2504,7.004594802856445,3144,480,8.769342422485352,166,fits/tv2_m16_branch_00__X__s9101/p009/WARM_JOINT/WINNER.json,064af2389bcb8cae5bd12426b69353e818632c0a29cccb769b1cdb06864222ed,7e2f87423f3f75975c08af2a568262304e76e45b0beae3b9f58d9aa33c1b050b,False,,,99700,509,124426,13480,0c8ae5b5e35e76c7ec8a42f4cdbe6662d7493077944168cac379703a660010c0,True,False
tv2_m16_branch_00__X__s9101,tv2_m16_branch_00,X,9101,11,FROZEN_LAYERWISE,CONVERGED,0.36521265833318317,0.36521265833318284,4.630180141037746e-06,1.3702460567930768e-05,0.3379086637821982,12,11,34,64,374,1.2359490394592285,5,12,2,0.0,0,101,92,285,1767,5.340999126434326,2141,319,6.576948165893555,113,fits/tv2_m16_branch_00__X__s9101/p010/FROZEN_LAYERWISE/WINNER.json,ac98303f706f5e546fe671bd5b14aaf7a853c452e6dfc8e708d8a3bef5aaea44,5f1d0725669200ea9a46cc13f745563180389144f5ad053f68ea9f4384172984,False,,,109670,509,136867,14828,350197160b3ce20685203fbcb489eeb613abac9f582c42bd112606613955cc20,True,True
tv2_m16_branch_00__X__s9101,tv2_m16_branch_00,X,9101,11,WARM_JOINT,BUDGET_EXHAUSTED,0.3448746894993289,0.34487468949932887,1.591844844797003e-06,8.820214371446633e-06,0.18047688840196738,22,21,64,64,704,2.371788501739502,18,22,22,3.5352346238039596,0,166,157,480,3144,8.769342422485352,3848,544,11.141130924224854,188,fits/tv2_m16_branch_00__X__s9101/p010/WARM_JOINT/WINNER.json,7e2f87423f3f75975c08af2a568262304e76e45b0beae3b9f58d9aa33c1b050b,44fb048e8a7d457d4d627e6e3c04090e8ddb84bcee1fb9b77667cc9fec32ab3e,False,,,109670,509,136867,14828,caed4fb9eec0ce4a97eca5528b3ba357c954952698c1af6e4cdcccd949d6fde1,True,False
tv2_m16_branch_00__X__s9101,tv2_m16_branch_00,X,9101,12,FROZEN_LAYERWISE,CONVERGED,0.36445279652177576,0.3644527965217758,4.234759952625026e-06,1.344344023515968e-05,0.3150056740349488,13,12,37,64,444,1.4566655158996582,5,13,2,0.0,0,113,103,319,2141,6.576948165893555,2585,356,8.033613681793213,126,fits/tv2_m16_branch_00__X__s9101/p011/FROZEN_LAYERWISE/WINNER.json,5f1d0725669200ea9a46cc13f745563180389144f5ad053f68ea9f4384172984,079ea3044b80d001ef74b8866ea448e979df92d486c74c398f89654df8a39c3a,False,,,119640,509,149308,16176,636c2d2ccbb32c182e31788c4d28f91980b8c4ddedf74df748a140b2ade65ea4,True,True
tv2_m16_branch_00__X__s9101,tv2_m16_branch_00,X,9101,12,WARM_JOINT,BUDGET_EXHAUSTED,0.34468740740886383,0.34468740740886383,3.3684640685828105e-06,9.605302893238037e-06,0.35068795914329254,22,21,64,64,768,2.6021807193756104,19,21,24,3.2493203809573075,0,188,178,544,3848,11.141130924224854,4616,608,13.743311643600464,210,fits/tv2_m16_branch_00__X__s9101/p011/WARM_JOINT/WINNER.json,44fb048e8a7d457d4d627e6e3c04090e8ddb84bcee1fb9b77667cc9fec32ab3e,bc31cb9aad19e8a150984512764affb6cb8a22c8e91ebffa17b5fe3a1a8c9cc0,False,,,119640,509,149308,16176,4fae664cd33d9017f5aa864fd03a06558d9ebe6c61c5394d219684294b0db40c,True,False
tv2_m16_branch_00__X__s9101,tv2_m16_branch_00,X,9101,13,FROZEN_LAYERWISE,CONVERGED,0.36381291476611277,0.363812914766112,4.454428579870498e-06,1.4033097403643342e-05,0.3174230500754607,14,13,40,64,520,1.7474861145019531,5,14,2,0.0,0,126,115,356,2585,8.033613681793213,3105,396,9.781099796295166,140,fits/tv2_m16_branch_00__X__s9101/p012/FROZEN_LAYERWISE/WINNER.json,079ea3044b80d001ef74b8866ea448e979df92d486c74c398f89654df8a39c3a,8fb90ec1b2ec38e912f9bc4ae743f70bffb3445f4c05c223f0e7348d6f198f4d,False,,,129610,509,161749,17524,5b4f426befdd898a6a4c0957831cb6ca609c2c8dc5788eac6b8021b0f04ebb19,True,True
tv2_m16_branch_00__X__s9101,tv2_m16_branch_00,X,9101,13,WARM_JOINT,BUDGET_EXHAUSTED,0.34468333265978357,0.34468333265978357,3.5255864678727937e-06,8.849471755250291e-06,0.3983951319784826,22,21,64,64,832,2.8013222217559814,17,22,26,0.1412130487815486,0,210,199,608,4616,13.743311643600464,5448,672,16.544633865356445,232,fits/tv2_m16_branch_00__X__s9101/p012/WARM_JOINT/WINNER.json,bc31cb9aad19e8a150984512764affb6cb8a22c8e91ebffa17b5fe3a1a8c9cc0,04f374c8466557cc881a3553492be6bc189814c3e9df7676829cfa33c7f99b75,False,,,129610,509,161749,17524,e8af4e9958e567c6f374002990ef69dad6a772c82a2c00ad64cb1a3ab8b250f5,True,False
tv2_m16_branch_00__X__s9101,tv2_m16_branch_00,X,9101,14,FROZEN_LAYERWISE,CONVERGED,0.36327366433573116,0.3632736643357308,4.07619261311115e-06,1.35894865671689e-05,0.29995192187458364,14,13,40,64,560,1.8553075790405273,5,14,2,0.0,0,140,128,396,3105,9.781099796295166,3665,436,11.636407375335693,154,fits/tv2_m16_branch_00__X__s9101/p013/FROZEN_LAYERWISE/WINNER.json,8fb90ec1b2ec38e912f9bc4ae743f70bffb3445f4c05c223f0e7348d6f198f4d,482f9f99cb779be3fa8f95f848836304c963fd1cca280e209ce3153cdb1b61f5,False,,,139580,509,174190,18872,64b79d7729a5202bb92a6672a061a9346d728c5c52281274fc5f387000796161,True,True
tv2_m16_branch_00__X__s9101,tv2_m16_branch_00,X,9101,14,WARM_JOINT,BUDGET_EXHAUSTED,0.344682042093649,0.34468204209364933,4.3032562804967405e-06,9.178299943510746e-06,0.46885112787572764,22,21,64,64,896,2.9772918224334717,17,21,28,0.13068735716560997,0,232,220,672,5448,16.544633865356445,6344,736,19.521925687789917,254,fits/tv2_m16_branch_00__X__s9101/p013/WARM_JOINT/WINNER.json,04f374c8466557cc881a3553492be6bc189814c3e9df7676829cfa33c7f99b75,dfea62007abfca3e7b150245d8fb742e56e8676c8a38b8ed5a9b0659e08bf4a2,False,,,139580,509,174190,18872,dc8292165568f371c969ab51b17c374f6924dcc0ded7398798e45a7d877bd903,True,False
tv2_m16_branch_00__X__s9101,tv2_m16_branch_00,X,9101,15,FROZEN_LAYERWISE,CONVERGED,0.36310827476385243,0.36310827476385243,4.028931071532689e-06,1.3612610679312936e-05,0.29597049136617487,14,13,40,64,600,2.042534828186035,5,14,2,0.0,0,154,141,436,3665,11.636407375335693,4265,476,13.678942203521729,168,fits/tv2_m16_branch_00__X__s9101/p014/FROZEN_LAYERWISE/WINNER.json,482f9f99cb779be3fa8f95f848836304c963fd1cca280e209ce3153cdb1b61f5,1aa0934056084069128b84422173bd7c298c489a76faa993913c7156049cb931,False,,,149550,509,186631,20220,0877ddaeb9f2069014961f1ce0348b24a1ede4f856502d3a0f74652758dbe793,True,True
tv2_m16_branch_00__X__s9101,tv2_m16_branch_00,X,9101,15,WARM_JOINT,BUDGET_EXHAUSTED,0.3446810463599718,0.34468104635997143,4.277614770979372e-06,9.470111377596506e-06,0.4516963529171313,22,21,64,64,960,3.263044595718384,19,22,30,0.11343016217540303,0,254,241,736,6344,19.521925687789917,7304,800,22.7849702835083,276,fits/tv2_m16_branch_00__X__s9101/p014/WARM_JOINT/WINNER.json,dfea62007abfca3e7b150245d8fb742e56e8676c8a38b8ed5a9b0659e08bf4a2,2044d72dacbf904d0d005d1fa41b7dcbcdf3f426608baa7e124e7fe90483edb9,False,,,149550,509,186631,20220,18ab2f075242053f68fbfa75354732c1f8bf3d3bc54f6d967465250269db77d8,True,False
tv2_m16_branch_00__X__s9101,tv2_m16_branch_00,X,9101,16,FROZEN_LAYERWISE,CONVERGED,0.3631082746098488,0.3631082746098482,4.0289564417648756e-06,1.3612613889190442e-05,0.2959722853054846,4,3,10,64,160,0.5618066787719727,2,4,2,0.0,0,168,154,476,4265,13.678942203521729,4425,486,14.240748882293701,172,fits/tv2_m16_branch_00__X__s9101/p015/FROZEN_LAYERWISE/WINNER.json,1aa0934056084069128b84422173bd7c298c489a76faa993913c7156049cb931,b66bb68213fa9054fd616365957febb3efb44b1fce9c51c585db64b16f017c58,True,d83062322ad4f53b1d5aac25738fe0db4f108b38f57775662f3dfb723be26d51,3.8163916471489756e-16,159520,509,199072,21568,61c153ec3d7929e5a951029b805f56c9c68e3b324ee088e80c7a0936ae5ad48a,True,True
tv2_m16_branch_00__X__s9101,tv2_m16_branch_00,X,9101,16,WARM_JOINT,BUDGET_EXHAUSTED,0.34468077912411577,0.3446807791241162,4.492593484020133e-06,9.544112940089213e-06,0.47071880982771963,22,21,64,64,1024,3.467363119125366,18,22,32,0.038988746040967914,0,276,262,800,7304,22.7849702835083,8328,864,26.252333402633667,298,fits/tv2_m16_branch_00__X__s9101/p015/WARM_JOINT/WINNER.json,2044d72dacbf904d0d005d1fa41b7dcbcdf3f426608baa7e124e7fe90483edb9,391736f350aaf335b815cca7eb399b83103336bad3785667de33429835d4f92a,True,27df27c61b6b8c21ebe93247d45036eab712d6d0a20c31b4d6a52c81f1baa132,3.6692579655131937e-16,159520,509,199072,21568,dc50925a19b0b458db82b792d842390ef348ac70d02057f27ba963001e4d852a,True,False
tv2_m16_branch_00__X__s9101,tv2_m16_branch_00,X,9101,16,RANDOM_JOINT,BUDGET_EXHAUSTED,0.3538187322976333,0.35381873229763317,2.0528520120640263e-05,5.3091823162906786e-05,0.3866606738602782,21,21,63,64,1008,3.4049081802368164,17,21,32,4.598626398766433,0,0,0,0,0,0.0,1008,63,3.4049081802368164,21,,,a01ad91ed7612cca15f6d851a179120ab2edc8bce5f8262dfa0b3a67c0689209,True,c3c1eb04208517c9f08da8fe85bf0f95f0a967792ba6bf0dd11ae7df79da7221,1.0838898772828417e-16,159520,509,199072,21568,cdecc3a0efb909a549aab7ea3852c5fc99211aeb8c18753eb66ac27e57127d8d,False,False
tv2_m16_branch_00__X__s9101,tv2_m16_branch_00,X,9101,17,FROZEN_LAYERWISE,CONVERGED,0.3630731668906047,0.36307316689060465,4.194251891149116e-06,1.3950780284304637e-05,0.3006464015398386,15,14,43,68,731,2.4659037590026855,5,15,2,0.0,0,172,157,486,4425,14.240748882293701,5156,529,16.706652641296387,187,fits/tv2_m16_branch_00__X__s9101/p016/FROZEN_LAYERWISE/WINNER.json,b66bb68213fa9054fd616365957febb3efb44b1fce9c51c585db64b16f017c58,c312b2adccc6ce7cfdbe027dda297d56745d7867b587e894f2ea2fbff91961e4,False,,,169490,509,211513,22916,6753e2e00622d385da092dcefff05ed6f0a24033f38a581833d7c3860bd93939,True,True
tv2_m16_branch_00__X__s9101,tv2_m16_branch_00,X,9101,17,WARM_JOINT,BUDGET_EXHAUSTED,0.3446792836931724,0.3446792836931727,3.774902581151111e-06,8.836343248861956e-06,0.42720189504151346,23,22,67,68,1139,3.9092516899108887,20,23,34,0.5220573804783484,0,298,283,864,8328,26.252333402633667,9467,931,30.161585092544556,321,fits/tv2_m16_branch_00__X__s9101/p016/WARM_JOINT/WINNER.json,391736f350aaf335b815cca7eb399b83103336bad3785667de33429835d4f92a,85414efdbd6a3ddebe128130d3eee8da2e6b6595c42e1d451b61587fc4ac020e,False,,,169490,509,211513,22916,873e85f9a2288b6300e3f05668d2c4e430a3a1961edb444ab849d0175d428545,True,False
tv2_m16_branch_00__X__s9101,tv2_m16_branch_00,X,9101,18,FROZEN_LAYERWISE,CONVERGED,0.36307316655916744,0.3630731665591682,4.19373149045925e-06,1.3949730631606524e-05,0.3006317183614518,4,3,10,72,180,0.5977785587310791,2,4,2,0.0,0,187,171,529,5156,16.706652641296387,5336,539,17.304431200027466,191,fits/tv2_m16_branch_00__X__s9101/p017/FROZEN_LAYERWISE/WINNER.json,c312b2adccc6ce7cfdbe027dda297d56745d7867b587e894f2ea2fbff91961e4,3c95a75b0476c6b503e2689f2a1ffb1e0902ff1f76810e6509bf79c60810dd1a,False,,,179460,509,223954,24264,abdc291a0b9a8b38040cce599584fa6684144822d6cb0c73c076250b077af2d5,True,True
tv2_m16_branch_00__X__s9101,tv2_m16_branch_00,X,9101,18,WARM_JOINT,BUDGET_EXHAUSTED,0.3446786805000286,0.3446786805000285,4.014891564027765e-06,8.941354124756442e-06,0.44902500314929966,24,23,70,72,1260,4.327908992767334,22,24,36,0.05840316209782204,0,321,305,931,9467,30.161585092544556,10727,1001,34.48949408531189,345,fits/tv2_m16_branch_00__X__s9101/p017/WARM_JOINT/WINNER.json,85414efdbd6a3ddebe128130d3eee8da2e6b6595c42e1d451b61587fc4ac020e,87e28bfafb773de7b1cf1e5cd6c20619b4041faf05e7f7f1273117c03b82c665,False,,,179460,509,223954,24264,3819f0884f77235743dd4a246b5375cec4dac018c8d879aedef7be1315102ade,True,False
tv2_m16_branch_00__X__s9101,tv2_m16_branch_00,X,9101,19,FROZEN_LAYERWISE,CONVERGED,0.3630731665246605,0.3630731665246603,4.1935613809100785e-06,1.3949387390420069e-05,0.3006269209922483,4,3,10,76,190,0.6480638980865479,2,4,2,0.0,0,191,174,539,5336,17.304431200027466,5526,549,17.952495098114014,195,fits/tv2_m16_branch_00__X__s9101/p018/FROZEN_LAYERWISE/WINNER.json,3c95a75b0476c6b503e2689f2a1ffb1e0902ff1f76810e6509bf79c60810dd1a,a3e48f37237f38214b557aad07ffcc41dc72b98a2c8101f9780a3a73a1abe82a,False,,,189430,509,236395,25612,0dcd5a31ffee038cb401f6b19562194bc657909ec5881b791db94f8f5a0875e8,True,True
tv2_m16_branch_00__X__s9101,tv2_m16_branch_00,X,9101,19,WARM_JOINT,BUDGET_EXHAUSTED,0.3446783052197899,0.3446783052197898,4.10661610131376e-06,8.910061854576463e-06,0.46089647505695874,26,25,76,76,1444,4.8763933181762695,23,26,38,0.12168629790030994,0,345,328,1001,10727,34.48949408531189,12171,1077,39.36588740348816,371,fits/tv2_m16_branch_00__X__s9101/p018/WARM_JOINT/WINNER.json,87e28bfafb773de7b1cf1e5cd6c20619b4041faf05e7f7f1273117c03b82c665,f540ffdc6aeedb2c28e99d6fa195d6d5ac73e54376ae5b1219a9a3c369da1216,False,,,189430,509,236395,25612,bd2e34e7059295978b89b863e1ce7d244be78228cbf28e1c22ed0ff3738fda39,True,False
tv2_m16_branch_00__X__s9101,tv2_m16_branch_00,X,9101,20,FROZEN_LAYERWISE,CONVERGED,0.36306263658829224,0.36306263658829196,4.282028756058752e-06,1.4139583845698683e-05,0.3028398008588748,15,14,43,80,860,2.869870662689209,10,15,2,0.0,0,195,177,549,5526,17.952495098114014,6386,592,20.822365760803223,210,fits/tv2_m16_branch_00__X__s9101/p019/FROZEN_LAYERWISE/WINNER.json,a3e48f37237f38214b557aad07ffcc41dc72b98a2c8101f9780a3a73a1abe82a,b29f1fd7dd61fd60b52607eb5fd169ddbb308dfccaa88659fb936a9d6f4d77f7,False,,,199400,509,248836,26960,5dd8874f212fa57e45423e9eebefb5b07a58a19f0c59e2b28a7b855c176cd833,True,True
tv2_m16_branch_00__X__s9101,tv2_m16_branch_00,X,9101,20,WARM_JOINT,BUDGET_EXHAUSTED,0.344678156219526,0.3446781562195259,3.97193543768315e-06,8.824745041803966e-06,0.45009067331323166,27,26,79,80,1580,5.2868616580963135,24,27,40,0.08090815042629806,0,371,353,1077,12171,39.36588740348816,13751,1156,44.65274906158447,398,fits/tv2_m16_branch_00__X__s9101/p019/WARM_JOINT/WINNER.json,f540ffdc6aeedb2c28e99d6fa195d6d5ac73e54376ae5b1219a9a3c369da1216,dd691a9c0cdda750b5e75b351e6de1c500ef8a17c9df2d0cda82245cbe20ad36,False,,,199400,509,248836,26960,58efd5569ce14c5811212ef91eecd2ef535b04d684997b086be397c3a4b6e1b8,True,False
tv2_m16_branch_00__X__s9101,tv2_m16_branch_00,X,9101,21,FROZEN_LAYERWISE,CONVERGED,0.3630626364453278,0.3630626364453278,4.28235093858775e-06,1.4140282040843229e-05,0.3028476324742657,4,3,10,84,210,0.7405622005462646,2,4,2,0.0,0,210,191,592,6386,20.822365760803223,6596,602,21.562927961349487,214,fits/tv2_m16_branch_00__X__s9101/p020/FROZEN_LAYERWISE/WINNER.json,b29f1fd7dd61fd60b52607eb5fd169ddbb308dfccaa88659fb936a9d6f4d77f7,fefd72ab3c53dc19f1bee01c2e0d5cf73dcc50909424bab372fbd7b92d01052c,False,,,209370,509,261277,28308,bd6be009e555c20d1bd08e9470d9b1bda68801608513b44da23eb798c663e81e,True,True
tv2_m16_branch_00__X__s9101,tv2_m16_branch_00,X,9101,21,WARM_JOINT,BUDGET_EXHAUSTED,0.3446780433258855,0.3446780433258853,4.086225442961792e-06,8.844576253762614e-06,0.462003529137244,28,27,82,84,1722,5.905637264251709,23,28,42,0.030352622965989173,0,398,379,1156,13751,44.65274906158447,15473,1238,50.55838632583618,426,fits/tv2_m16_branch_00__X__s9101/p020/WARM_JOINT/WINNER.json,dd691a9c0cdda750b5e75b351e6de1c500ef8a17c9df2d0cda82245cbe20ad36,034314f287dc5c02e854d933d0c718b4f80f2adb1727231395be8db800877f16,False,,,209370,509,261277,28308,472afb66fef591f53c01d0fad58232819916fc2991d677500a6bd0add9b5f16d,True,False
tv2_m16_branch_00__X__s9101,tv2_m16_branch_00,X,9101,22,FROZEN_LAYERWISE,CONVERGED,0.36306263603149097,0.3630626360314908,4.281812306923637e-06,1.4139110944385968e-05,0.302834621198284,4,3,10,88,220,0.7552530765533447,2,4,2,0.0,0,214,194,602,6596,21.562927961349487,6816,612,22.318181037902832,218,fits/tv2_m16_branch_00__X__s9101/p021/FROZEN_LAYERWISE/WINNER.json,fefd72ab3c53dc19f1bee01c2e0d5cf73dcc50909424bab372fbd7b92d01052c,160ad96fb934c2908b4691d926180062c9e02d7746dfc5e024690d2565d5a1e6,False,,,219340,509,273718,29656,37d8148cf3a94dd8ab58ff1fc242376fb1259017f2e5f8e3a7d8e319c2ae9918,True,True
tv2_m16_branch_00__X__s9101,tv2_m16_branch_00,X,9101,22,WARM_JOINT,BUDGET_EXHAUSTED,0.3446778056415508,0.3446778056415515,4.051400809446009e-06,8.8042651537268e-06,0.46016342519296705,30,29,88,88,1936,6.702111482620239,27,30,44,0.16856377090877772,0,426,406,1238,15473,50.55838632583618,17409,1326,57.26049780845642,456,fits/tv2_m16_branch_00__X__s9101/p021/WARM_JOINT/WINNER.json,034314f287dc5c02e854d933d0c718b4f80f2adb1727231395be8db800877f16,cd0adbf4cc0a553515750dba375e73aa8e310a82e3ca4cd14fabbf5667566c16,False,,,219340,509,273718,29656,59fd6ca844c58530791f04c1ce1d8687df979890aabb74354485f47b10a84fd7,True,False
tv2_m16_branch_00__X__s9101,tv2_m16_branch_00,X,9101,23,FROZEN_LAYERWISE,CONVERGED,0.3630626355329292,0.3630626355329292,4.282414136732128e-06,1.4140414715263002e-05,0.3028492602914778,4,3,10,92,230,0.8218412399291992,2,4,2,0.0,0,218,197,612,6816,22.318181037902832,7046,622,23.14002227783203,222,fits/tv2_m16_branch_00__X__s9101/p022/FROZEN_LAYERWISE/WINNER.json,160ad96fb934c2908b4691d926180062c9e02d7746dfc5e024690d2565d5a1e6,c8ff198beaf08d7758a9bb805963c6f4a03d62f78c789d2e3072cf86837ba2e8,False,,,229310,509,286159,31004,012a6a96510866f5c4d73c49b3879439390dc3f9133a44f1ed70f23f996a3fe6,True,True
tv2_m16_branch_00__X__s9101,tv2_m16_branch_00,X,9101,23,WARM_JOINT,CONVERGED,0.3446776954865797,0.3446776954865804,3.976416608295387e-06,8.675268518721898e-06,0.45836236650358125,22,21,64,92,1472,5.07478928565979,16,20,46,0.007671735615227715,0,456,435,1326,17409,57.26049780845642,18881,1390,62.33528709411621,478,fits/tv2_m16_branch_00__X__s9101/p022/WARM_JOINT/WINNER.json,cd0adbf4cc0a553515750dba375e73aa8e310a82e3ca4cd14fabbf5667566c16,5c0e0e28914b069ac8c7e4a0f6b881c114a28739562867648845e1d2b3116f19,False,,,229310,509,286159,31004,d729242c3328dc5d34f8b010817db7ec86589132c77dfdcdd1a15c8d5ee6fb67,True,False
tv2_m16_branch_00__X__s9101,tv2_m16_branch_00,X,9101,24,FROZEN_LAYERWISE,CONVERGED,0.3630626355209563,0.363062635520956,4.282511749513464e-06,1.414062607936106e-05,0.3028516365172827,4,3,10,96,240,0.8355200290679932,2,4,2,0.0,0,222,200,622,7046,23.14002227783203,7286,632,23.975542306900024,226,fits/tv2_m16_branch_00__X__s9101/p023/FROZEN_LAYERWISE/WINNER.json,c8ff198beaf08d7758a9bb805963c6f4a03d62f78c789d2e3072cf86837ba2e8,b757dc7f182c3fb4cb507faf65bfa049f5fac7e2a684e1dbfb2b4de607b66ef8,False,,,239280,509,298600,32352,ef998f0ae8b589dd5c0956edfe7eac87c9b3debff1f1d3de7abbf6180868e8d6,True,True
tv2_m16_branch_00__X__s9101,tv2_m16_branch_00,X,9101,24,WARM_JOINT,CONVERGED,0.34467766545342904,0.3446776654534284,3.970489134402328e-06,8.676142563201248e-06,0.4576329982454013,22,21,64,96,1536,5.258821249008179,15,20,48,0.006214211333719355,0,478,456,1390,18881,62.33528709411621,20417,1454,67.59410834312439,500,fits/tv2_m16_branch_00__X__s9101/p023/WARM_JOINT/WINNER.json,5c0e0e28914b069ac8c7e4a0f6b881c114a28739562867648845e1d2b3116f19,25859cea631d10c5b550316a73d06df8a2250cc52e4fce8102d6782df47be1c7,False,,,239280,509,298600,32352,079e877886605cddc2f2a9f378381bab9460a3301c25bb5e79a780835486b84b,True,False
tv2_m16_branch_00__X__s9101,tv2_m16_branch_00,X,9101,25,FROZEN_LAYERWISE,CONVERGED,0.36306263506594116,0.3630626350659405,4.281946489591139e-06,1.4139397971612524e-05,0.30283796369463145,4,3,10,100,250,0.851210355758667,2,4,2,0.0,0,226,203,632,7286,23.975542306900024,7536,642,24.82675266265869,230,fits/tv2_m16_branch_00__X__s9101/p024/FROZEN_LAYERWISE/WINNER.json,b757dc7f182c3fb4cb507faf65bfa049f5fac7e2a684e1dbfb2b4de607b66ef8,a155bfc5b70d44bb51451118b92ca5c8e9f08343294136a0825991b8c235d87b,False,,,249250,509,311041,33700,842c8b72e3f445cd48e78104adf52af5bec738f6fa5f7140e4bdc74576690223,True,True
tv2_m16_branch_00__X__s9101,tv2_m16_branch_00,X,9101,25,WARM_JOINT,BUDGET_EXHAUSTED,0.3446755332412649,0.3446755332412653,4.06672544560706e-06,1.0257603169360943e-05,0.39645961911981636,34,33,100,100,2500,8.575552225112915,29,34,50,0.38375276232074135,0,500,477,1454,20417,67.59410834312439,22917,1554,76.1696605682373,534,fits/tv2_m16_branch_00__X__s9101/p024/WARM_JOINT/WINNER.json,25859cea631d10c5b550316a73d06df8a2250cc52e4fce8102d6782df47be1c7,8975662452c46c1b02eb92649cb8ddf5ab3461900945e37e75aff83d61fd6846,False,,,249250,509,311041,33700,81610303c2c428984a172bd6c91e7e54276172e3fb647f543f63d849a548aaf3,True,False
tv2_m16_branch_00__X__s9101,tv2_m16_branch_00,X,9101,26,FROZEN_LAYERWISE,CONVERGED,0.363062634499832,0.36306263449983245,4.282595617247317e-06,1.41408028842844e-05,0.3028537808137362,4,3,10,104,260,0.8962888717651367,2,4,2,0.0,0,230,206,642,7536,24.82675266265869,7796,652,25.723041534423828,234,fits/tv2_m16_branch_00__X__s9101/p025/FROZEN_LAYERWISE/WINNER.json,a155bfc5b70d44bb51451118b92ca5c8e9f08343294136a0825991b8c235d87b,77cd43215db57c1264b2417d6cd2c79bc5e81cd0ad8d71d0f7796f68bb568111,False,,,259220,509,323482,35048,c5e3002d499d69724947cf172c49abd3400187297f3e0e52e6f885673012507f,True,True
tv2_m16_branch_00__X__s9101,tv2_m16_branch_00,X,9101,26,WARM_JOINT,BUDGET_EXHAUSTED,0.3446728317376622,0.3446728317376628,5.4592486311411115e-06,1.4651829061518646e-05,0.37259843861263736,35,34,103,104,2678,9.126946687698364,32,35,52,0.2069892393985353,0,534,510,1554,22917,76.1696605682373,25595,1657,85.29660725593567,569,fits/tv2_m16_branch_00__X__s9101/p025/WARM_JOINT/WINNER.json,8975662452c46c1b02eb92649cb8ddf5ab3461900945e37e75aff83d61fd6846,ebd806bbc913a4fbf517c8fbe3df675a7663fc8b9c2cce412630c5671dd469e3,False,,,259220,509,323482,35048,21aa8da0d729b4a5cbd5abc1e5450662f287b1965f96901d24af47b1f6c219db,True,False
tv2_m16_branch_00__X__s9101,tv2_m16_branch_00,X,9101,27,FROZEN_LAYERWISE,CONVERGED,0.36306263449755705,0.3630626344975578,4.28264302414247e-06,1.4140905468473532e-05,0.30285493624792387,4,3,10,108,270,0.9246411323547363,2,4,2,0.0,0,234,209,652,7796,25.723041534423828,8066,662,26.647682666778564,238,fits/tv2_m16_branch_00__X__s9101/p026/FROZEN_LAYERWISE/WINNER.json,77cd43215db57c1264b2417d6cd2c79bc5e81cd0ad8d71d0f7796f68bb568111,6949256ad7d1b4406035f39853718c480bbf92bcbbcb233d94e29df4d95128ec,False,,,269190,509,335923,36396,89a1310a082ac2c090e9b879c6153058ebdecef588f1440d22f4ced8b83d7305,True,True
tv2_m16_branch_00__X__s9101,tv2_m16_branch_00,X,9101,27,WARM_JOINT,BUDGET_EXHAUSTED,0.34467181060462326,0.34467181060462365,5.627940667175815e-06,1.5711311296168177e-05,0.35820948112385825,36,35,106,108,2862,9.739015340805054,29,36,54,0.15555228273052374,0,569,544,1657,25595,85.29660725593567,28457,1763,95.03562259674072,605,fits/tv2_m16_branch_00__X__s9101/p026/WARM_JOINT/WINNER.json,ebd806bbc913a4fbf517c8fbe3df675a7663fc8b9c2cce412630c5671dd469e3,fce0931423bf88ee17e52c5b29839abcd7ff60af41a0be1d6b453786fe714701,False,,,269190,509,335923,36396,2fd23fb98e2da5625caa8a7418b2e47fe231ecd1d9e3dde57374245e69fdcbba,True,False
tv2_m16_branch_00__X__s9101,tv2_m16_branch_00,X,9101,28,FROZEN_LAYERWISE,CONVERGED,0.3630626339197609,0.3630626339197609,4.282003096630538e-06,1.4139515497250138e-05,0.30283945001250606,4,3,10,112,280,0.9423818588256836,2,4,2,0.0,0,238,212,662,8066,26.647682666778564,8346,672,27.590064525604248,242,fits/tv2_m16_branch_00__X__s9101/p027/FROZEN_LAYERWISE/WINNER.json,6949256ad7d1b4406035f39853718c480bbf92bcbbcb233d94e29df4d95128ec,ffb3728cfaab4a93e684f397b67e2de8bce49b15440993c440c712c128367ba7,False,,,279160,509,348364,37744,a73008e762702579f152da9fcd71b1e8acc785e8789110a6c7432cdc5fac8f73,True,True
tv2_m16_branch_00__X__s9101,tv2_m16_branch_00,X,9101,28,WARM_JOINT,BUDGET_EXHAUSTED,0.344667899841702,0.3446678998417024,6.61373266185097e-06,2.2413027981335717e-05,0.2950842995135912,38,37,112,112,3136,10.495062828063965,33,38,56,0.706660567190087,0,605,579,1763,28457,95.03562259674072,31593,1875,105.53068542480469,643,fits/tv2_m16_branch_00__X__s9101/p027/WARM_JOINT/WINNER.json,fce0931423bf88ee17e52c5b29839abcd7ff60af41a0be1d6b453786fe714701,a2c52d1d25a1d0e6c4347b8717a049c15bf8038a2d91eb65c522e157ad972803,False,,,279160,509,348364,37744,ea0c5be58ec1932940d5fce8ffad6288a9b9de62d94bd1381d5900da15eeab69,True,False
tv2_m16_branch_00__X__s9101,tv2_m16_branch_00,X,9101,29,FROZEN_LAYERWISE,CONVERGED,0.36306263357888263,0.363062633578883,4.2815215172783634e-06,1.413846641189412e-05,0.3028278592985511,4,3,10,116,290,0.9762980937957764,2,4,2,0.0,0,242,215,672,8346,27.590064525604248,8636,682,28.566362619400024,246,fits/tv2_m16_branch_00__X__s9101/p028/FROZEN_LAYERWISE/WINNER.json,ffb3728cfaab4a93e684f397b67e2de8bce49b15440993c440c712c128367ba7,17823040598f088827e47f1f21ed7739e6ee8da830536a20a1ab2ae71aeda0f1,False,,,289130,509,360805,39092,e4013b4f6ba58bbe6062ec218dd8f1535dc023048ef858f7f5d69aca445a7e54,True,True
tv2_m16_branch_00__X__s9101,tv2_m16_branch_00,X,9101,29,WARM_JOINT,BUDGET_EXHAUSTED,0.344666791785549,0.3446667917855496,6.224734387084182e-06,2.3150161663989616e-05,0.2688851368483892,39,38,115,116,3335,11.172459840774536,32,39,58,0.14315818168656902,0,643,616,1875,31593,105.53068542480469,34928,1990,116.70314526557922,682,fits/tv2_m16_branch_00__X__s9101/p028/WARM_JOINT/WINNER.json,a2c52d1d25a1d0e6c4347b8717a049c15bf8038a2d91eb65c522e157ad972803,2bfd28ce025788a4fb1fbc041a1a36725efe65f3cd309332ca8933bf57877803,False,,,289130,509,360805,39092,1aed6922c2b9a4134b5d446df07683889fb1f31e3e15fb64fe7cd8b4b07d6b67,True,False
tv2_m16_branch_00__X__s9101,tv2_m16_branch_00,X,9101,30,FROZEN_LAYERWISE,CONVERGED,0.36305375691253905,0.36305375691253905,4.193846019886645e-06,1.3960504364612219e-05,0.30040791581408866,15,14,43,120,1290,4.308564186096191,4,15,2,0.0,0,246,218,682,8636,28.566362619400024,9926,725,32.874926805496216,261,fits/tv2_m16_branch_00__X__s9101/p029/FROZEN_LAYERWISE/WINNER.json,17823040598f088827e47f1f21ed7739e6ee8da830536a20a1ab2ae71aeda0f1,7f84a41a097a7e90acb02c4c48977c62bc5283c0c85a8c632957a0edb7cb0c4e,False,,,299100,509,373246,40440,23bfe898b03fa31ee4e60ec91201ba8a542dba387080e39f175125c7bd8c6f71,True,True
tv2_m16_branch_00__X__s9101,tv2_m16_branch_00,X,9101,30,WARM_JOINT,BUDGET_EXHAUSTED,0.34466591572977806,0.34466591572977806,5.384811018512296e-06,2.3656976775179845e-05,0.22762042122651405,40,39,118,120,3540,11.83482050895691,36,40,60,0.26323321885828377,0,682,654,1990,34928,116.70314526557922,38468,2108,128.53796577453613,722,fits/tv2_m16_branch_00__X__s9101/p029/WARM_JOINT/WINNER.json,2bfd28ce025788a4fb1fbc041a1a36725efe65f3cd309332ca8933bf57877803,adb9c8789dd6bb8d4f829e64c32d5731d96f7862638b92da2e0ff5bee212a12f,False,,,299100,509,373246,40440,5bf4fd28224bdab4cff6aabec30563c72b37c4130fc17b9af84db279930868cf,True,False
tv2_m16_branch_00__X__s9101,tv2_m16_branch_00,X,9101,31,FROZEN_LAYERWISE,CONVERGED,0.3630537566124299,0.3630537566124294,4.194347062907571e-06,1.3961526458877812e-05,0.30042181098618215,4,3,10,124,310,1.0532989501953125,2,4,2,0.0,0,261,232,725,9926,32.874926805496216,10236,735,33.92822575569153,265,fits/tv2_m16_branch_00__X__s9101/p030/FROZEN_LAYERWISE/WINNER.json,7f84a41a097a7e90acb02c4c48977c62bc5283c0c85a8c632957a0edb7cb0c4e,57030e0bf8b5f36b5419800c20f7c72325b54ef4317ea82a2e06e6d06eb6c020,False,,,309070,509,385687,41788,f44b722e34a536d46ca9c0c60c6a4f47a63e48eca11520d936fbd832a6460619,True,True
tv2_m16_branch_00__X__s9101,tv2_m16_branch_00,X,9101,31,WARM_JOINT,BUDGET_EXHAUSTED,0.34466471739589183,0.344664717395892,5.707235338834893e-06,2.4334400781904047e-05,0.23453362957180365,42,41,124,124,3844,12.873015880584717,30,42,62,0.16498949866682358,0,722,693,2108,38468,128.53796577453613,42312,2232,141.41098165512085,764,fits/tv2_m16_branch_00__X__s9101/p030/WARM_JOINT/WINNER.json,adb9c8789dd6bb8d4f829e64c32d5731d96f7862638b92da2e0ff5bee212a12f,337716120bef2538057c6de659015d0db5f35a64d1d272689466528275bca9e2,False,,,309070,509,385687,41788,d7a0c7d53a24cf65f4ebed251e44b3f5d511a6925133c6034ec182c90747ee3e,True,False
tv2_m16_branch_00__X__s9101,tv2_m16_branch_00,X,9101,32,FROZEN_LAYERWISE,CONVERGED,0.3630537563657078,0.3630537563657082,4.193888229226202e-06,1.3960589978919572e-05,0.3004090970051376,4,3,10,128,320,1.0821938514709473,2,4,2,0.0,0,265,235,735,10236,33.92822575569153,10556,745,35.010419607162476,269,fits/tv2_m16_branch_00__X__s9101/p031/FROZEN_LAYERWISE/WINNER.json,57030e0bf8b5f36b5419800c20f7c72325b54ef4317ea82a2e06e6d06eb6c020,6d048738d586bdee343d36a670e73a92031775929aa2d90e2de946a4cbedc504,True,cb2f3b1d8b34f10ceb1bedd2bbdc47f1f72619db6c3c0429693da678acc9150b,4.319008591980991e-16,319040,509,398128,43136,53ae72713537064f5cd58d04675ba8cb2172d1f3aa396ef2025e0ae2b8b3fba7,True,True
tv2_m16_branch_00__X__s9101,tv2_m16_branch_00,X,9101,32,WARM_JOINT,BUDGET_EXHAUSTED,0.34460621859816093,0.344606218598161,2.718895317602627e-05,8.563107663192347e-05,0.3175126863451132,43,42,127,128,4064,13.65278172492981,35,43,64,1.173329984244925,0,764,734,2232,42312,141.41098165512085,46376,2359,155.06376338005066,807,fits/tv2_m16_branch_00__X__s9101/p031/WARM_JOINT/WINNER.json,337716120bef2538057c6de659015d0db5f35a64d1d272689466528275bca9e2,40c03ca0cc4ff0e934b59b73e151d865994046ca7cf1c8d643d7e971597c87b3,True,c3db671a787cd70e4667440cf94d21d44e735e51706e072a552628ba076fa01d,1.9329521701561158e-16,319040,509,398128,43136,466c6f9d00bc6d2bdbe3e6a3d936e79a03b2e58255a670383a914188d0a51df7,True,False
tv2_m16_branch_00__X__s9101,tv2_m16_branch_00,X,9101,32,RANDOM_JOINT,BUDGET_EXHAUSTED,0.34427440830394684,0.34427440830394657,0.00010905177565279875,0.00047481237075342077,0.22967340863456873,42,42,126,128,4032,13.58747124671936,33,42,64,2.5483675433301336,0,0,0,0,0,0.0,4032,126,13.58747124671936,42,,,222e417ce615c0a0a347bce46098a2dcf78f813190eaa9efcedd60bc096632c7,True,71a9e540ce14d3663711964ce3e468d3ce47d960b86a1a12274c7378917e0d13,3.872903710154804e-16,319040,509,398128,43136,c667e112d6de9c62ddd1f5934b4266a259e0be83482d0d67cae22d063434ea4f,False,False
tv2_m16_branch_00__X__s9101,tv2_m16_branch_00,X,9101,33,FROZEN_LAYERWISE,CONVERGED,0.36305375342940865,0.3630537534294085,4.195387692006852e-06,1.3963644075966844e-05,0.3004507755412953,4,3,10,132,330,3.953108310699463,2,4,2,0.0,0,269,238,745,10556,35.010419607162476,10886,755,38.96352791786194,273,fits/tv2_m16_branch_00__X__s9101/p032/FROZEN_LAYERWISE/WINNER.json,6d048738d586bdee343d36a670e73a92031775929aa2d90e2de946a4cbedc504,a2487ee04c765b5bc23683209579b25b43560a206a465b95bb67fada7a02fda0,False,,,329010,509,410569,44484,b04053d49b6e789945af845f97bce29e8a722b24bf505ca23232b8026d566d64,True,True
tv2_m16_branch_00__X__s9101,tv2_m16_branch_00,X,9101,33,WARM_JOINT,BUDGET_EXHAUSTED,0.3439604327290575,0.34396043272905785,0.00020607785552411573,0.00073331646204242,0.2810217228045738,44,43,130,132,4290,18.65869903564453,32,44,66,1.2374555725105507,0,807,776,2359,46376,155.06376338005066,50666,2489,173.7224624156952,851,fits/tv2_m16_branch_00__X__s9101/p032/WARM_JOINT/WINNER.json,40c03ca0cc4ff0e934b59b73e151d865994046ca7cf1c8d643d7e971597c87b3,e7d3857b4b1666b7d0b7ce794dc750e2d22c10aed636c5fdf113d6bce815febd,False,,,329010,509,410569,44484,72513e57b93ead0ff38153a2a10faab27aa1d08803063c90a20884ffdf6eb641,True,False
tv2_m16_branch_00__X__s9101,tv2_m16_branch_00,X,9101,34,FROZEN_LAYERWISE,CONVERGED,0.3630537530491265,0.36305375304912624,4.195916991509421e-06,1.3964721039764156e-05,0.3004655072995489,4,3,10,136,340,1.5250279903411865,2,4,2,0.0,0,273,241,755,10886,38.96352791786194,11226,765,40.488555908203125,277,fits/tv2_m16_branch_00__X__s9101/p033/FROZEN_LAYERWISE/WINNER.json,a2487ee04c765b5bc23683209579b25b43560a206a465b95bb67fada7a02fda0,56eb653638b11bc0e4b18ee8cfbf85734d29b6c1c7695d43235a5a959fe460b9,False,,,338980,509,423010,45832,b21bebb5fcf49ef8a537ae4e8f782f22eb183b637a96cdae64706c5f68c927ce,True,True
tv2_m16_branch_00__X__s9101,tv2_m16_branch_00,X,9101,34,WARM_JOINT,BUDGET_EXHAUSTED,0.31093862442052217,0.3109386244205225,0.011138543238038664,0.03873673224345077,0.2875447306199108,46,45,136,136,4624,20.266698598861694,39,46,68,4.823821584798299,0,851,819,2489,50666,173.7224624156952,55290,2625,193.98916101455688,897,fits/tv2_m16_branch_00__X__s9101/p033/WARM_JOINT/WINNER.json,e7d3857b4b1666b7d0b7ce794dc750e2d22c10aed636c5fdf113d6bce815febd,2c874339820b11092f3e5f98e1625c5e4a71507df0119520286e4d96a3d616f2,False,,,338980,509,423010,45832,f38a092d7b6ca9f1d2c5cf50af2ef4d5480c38479280f943f73a7ad1146d98c0,True,False
tv2_m16_branch_00__X__s9101,tv2_m16_branch_00,X,9101,35,FROZEN_LAYERWISE,CONVERGED,0.3630537507907808,0.36305375079078145,4.197123217838395e-06,1.3967169014462516e-05,0.300499207354935,4,3,10,140,350,1.5113940238952637,2,4,2,0.0,0,277,244,765,11226,40.488555908203125,11576,775,41.99994993209839,281,fits/tv2_m16_branch_00__X__s9101/p034/FROZEN_LAYERWISE/WINNER.json,56eb653638b11bc0e4b18ee8cfbf85734d29b6c1c7695d43235a5a959fe460b9,ee4d7ea20b330175c3c01bbfac312da1e96129686c578228e6c09e04ec5a64f2,False,,,348950,509,435451,47180,6e0cfa99657a072797c127ebbb9c7510d0994d73f65208f1b8b63faad81773b7,True,True
tv2_m16_branch_00__X__s9101,tv2_m16_branch_00,X,9101,35,WARM_JOINT,BUDGET_EXHAUSTED,0.29690515289193564,0.29690515289193553,0.016795712913411392,0.0593938510785108,0.28278538280351084,47,46,139,140,4865,20.88441276550293,44,47,70,3.0269242281676147,0,897,864,2625,55290,193.98916101455688,60155,2764,214.87357378005981,944,fits/tv2_m16_branch_00__X__s9101/p034/WARM_JOINT/WINNER.json,2c874339820b11092f3e5f98e1625c5e4a71507df0119520286e4d96a3d616f2,54099553f1062aeb5a5172c1e8c39418de6a9c623f5717898743d405d70e393d,False,,,348950,509,435451,47180,d95120af117a1d954256064920f51b18c4557a3dc21dcd200239a89533be5759,True,False
tv2_m16_branch_00__X__s9101,tv2_m16_branch_00,X,9101,36,FROZEN_LAYERWISE,CONVERGED,0.36305374947505203,0.3630537494750523,4.197992638040997e-06,1.396892900528489e-05,0.3005235860567953,4,3,10,144,360,1.5519297122955322,2,4,2,0.0,0,281,247,775,11576,41.99994993209839,11936,785,43.55187964439392,285,fits/tv2_m16_branch_00__X__s9101/p035/FROZEN_LAYERWISE/WINNER.json,ee4d7ea20b330175c3c01bbfac312da1e96129686c578228e6c09e04ec5a64f2,91e555b629ebdffc726514dfde87335f0eb610558283227f6f309fa1c91cba18,False,,,358920,509,447892,48528,363e75d1290dc56a9a7fef3080f50c68ac09da573ff99a9370c93b135754f83b,True,True
tv2_m16_branch_00__X__s9101,tv2_m16_branch_00,X,9101,36,WARM_JOINT,BUDGET_EXHAUSTED,0.29426089028598024,0.2942608902859806,0.017216525512458825,0.06145880765130397,0.28013113450133037,48,47,142,144,5112,22.615124702453613,41,48,72,0.9582684006511055,0,944,910,2764,60155,214.87357378005981,65267,2906,237.48869848251343,992,fits/tv2_m16_branch_00__X__s9101/p035/WARM_JOINT/WINNER.json,54099553f1062aeb5a5172c1e8c39418de6a9c623f5717898743d405d70e393d,2e6b045875994c8262b6cb3fffc3d8123bea690c7e83e4a5fc33a905ae7d4986,False,,,358920,509,447892,48528,eed7496c8f808b2c7b37fa705adb34fdf523c8cbf1f4706ea4c34600d1d145f5,True,False
tv2_m16_branch_00__X__s9101,tv2_m16_branch_00,X,9101,37,FROZEN_LAYERWISE,CONVERGED,0.3630537490636264,0.3630537490636273,4.197490025277721e-06,1.3967910297032906e-05,0.30050952046630486,4,3,10,148,370,1.5977389812469482,2,4,2,0.0,0,285,250,785,11936,43.55187964439392,12306,795,45.14961862564087,289,fits/tv2_m16_branch_00__X__s9101/p036/FROZEN_LAYERWISE/WINNER.json,91e555b629ebdffc726514dfde87335f0eb610558283227f6f309fa1c91cba18,a83b5028be86b00dff5ff6e3f0e1871a162e6749d8a4800984d0447d3a6f2238,False,,,368890,509,460333,49876,76ca6b2ae8e7e09e623cf84710e8e32b640bb498ec92907240464edcdd8764f2,True,True
tv2_m16_branch_00__X__s9101,tv2_m16_branch_00,X,9101,37,WARM_JOINT,BUDGET_EXHAUSTED,0.29388737873507687,0.2938873787350773,0.017440962949498828,0.06188278085985173,0.28183870710332226,50,49,148,148,5476,23.211846113204956,44,50,74,0.7049321509629072,0,992,957,2906,65267,237.48869848251343,70743,3054,260.7005445957184,1042,fits/tv2_m16_branch_00__X__s9101/p036/WARM_JOINT/WINNER.json,2e6b045875994c8262b6cb3fffc3d8123bea690c7e83e4a5fc33a905ae7d4986,0bd224b7a1b832446a35400e0d716654c397960ab021b7c546cfd2ec773f1d8a,False,,,368890,509,460333,49876,f97e1ccd3f78f3eab691f1ea2202fe08cac5a90e5a92444830d653eb279f484a,True,False
tv2_m16_branch_00__X__s9101,tv2_m16_branch_00,X,9101,38,FROZEN_LAYERWISE,CONVERGED,0.3630537481617431,0.36305374816174274,4.1967123425520445e-06,1.3966331091835136e-05,0.3004878170907381,4,3,10,152,380,1.6411325931549072,2,4,2,0.0,0,289,253,795,12306,45.14961862564087,12686,805,46.790751218795776,293,fits/tv2_m16_branch_00__X__s9101/p037/FROZEN_LAYERWISE/WINNER.json,a83b5028be86b00dff5ff6e3f0e1871a162e6749d8a4800984d0447d3a6f2238,dd6ab82c3a67f922cfc66620a6d4941676f7d42a6a78950a3969bdbb422e2fbb,False,,,378860,509,472774,51224,6cef75bf1d4acc13c7d9121f7c993e322e23bce52894737d1953ca685e67edf8,True,True
tv2_m16_branch_00__X__s9101,tv2_m16_branch_00,X,9101,38,WARM_JOINT,BUDGET_EXHAUSTED,0.29003657717010944,0.29003657717010967,0.018576633832959655,0.0681861574612749,0.27243995738445764,51,50,151,152,5738,24.532010793685913,48,51,76,2.4894001181505723,0,1042,1006,3054,70743,260.7005445957184,76481,3205,285.2325553894043,1093,fits/tv2_m16_branch_00__X__s9101/p037/WARM_JOINT/WINNER.json,0bd224b7a1b832446a35400e0d716654c397960ab021b7c546cfd2ec773f1d8a,8aec566520fcecf5720e1fa3152a757781081944ad1214e38ddd6fc673ef8979,False,,,378860,509,472774,51224,1c3a2a82d15901d6950a4f76295436c86eeedfa1f9bf428e3dbf6066998d5634,True,False
tv2_m16_branch_00__X__s9101,tv2_m16_branch_00,X,9101,39,FROZEN_LAYERWISE,CONVERGED,0.3630537478109696,0.36305374781096955,4.1971845259342755e-06,1.3967288981759592e-05,0.30050101572434973,4,3,10,156,390,1.6379570960998535,2,4,2,0.0,0,293,256,805,12686,46.790751218795776,13076,815,48.42870831489563,297,fits/tv2_m16_branch_00__X__s9101/p038/FROZEN_LAYERWISE/WINNER.json,dd6ab82c3a67f922cfc66620a6d4941676f7d42a6a78950a3969bdbb422e2fbb,824ca59d6952893785be406b93cd95dc5494e6a0cea6cb5f67397ef49937f1e7,False,,,388830,509,485215,52572,203cadf343547a04447f7f3cccbc3e0567236157dd548be9df1e46f070c2b97f,True,True
tv2_m16_branch_00__X__s9101,tv2_m16_branch_00,X,9101,39,WARM_JOINT,BUDGET_EXHAUSTED,0.28148153715131924,0.2814815371513193,0.020794629752019417,0.07890956778461419,0.2635248213344537,52,51,154,156,6006,25.679247856140137,47,52,78,2.376128334286986,0,1093,1056,3205,76481,285.2325553894043,82487,3359,310.91180324554443,1145,fits/tv2_m16_branch_00__X__s9101/p038/WARM_JOINT/WINNER.json,8aec566520fcecf5720e1fa3152a757781081944ad1214e38ddd6fc673ef8979,b3dd215c26c8b698427b12fca5ab88c0188685a93d7e55a6134a672fb8fa9a86,False,,,388830,509,485215,52572,7e2df1317f8d251d0acff34557fa1630c9f99e6cd270094ebe49b9a371257d79,True,False
tv2_m16_branch_00__X__s9101,tv2_m16_branch_00,X,9101,40,FROZEN_LAYERWISE,CONVERGED,0.3630537478039928,0.36305374780399313,4.197250885800539e-06,1.3967423571090122e-05,0.30050287115857505,4,3,10,160,400,1.7425339221954346,2,4,2,0.0,0,297,259,815,13076,48.42870831489563,13476,825,50.171242237091064,301,fits/tv2_m16_branch_00__X__s9101/p039/FROZEN_LAYERWISE/WINNER.json,824ca59d6952893785be406b93cd95dc5494e6a0cea6cb5f67397ef49937f1e7,bfd1d63b65a0fd177fbd911f69fd800edd846a8a5a530fc5709bca7a97569b5c,False,,,398800,509,497656,53920,23078dd175b0a698f5a6f9070484248e43042068eb80eb9db72574b9ccbd85f3,True,True
tv2_m16_branch_00__X__s9101,tv2_m16_branch_00,X,9101,40,WARM_JOINT,BUDGET_EXHAUSTED,0.2779381128897755,0.2779381128897759,0.021986008649319128,0.08267583322054635,0.2659302941727744,54,53,160,160,6400,27.748366355895996,51,54,80,2.0992993448890753,0,1145,1107,3359,82487,310.91180324554443,88887,3519,338.66016960144043,1199,fits/tv2_m16_branch_00__X__s9101/p039/WARM_JOINT/WINNER.json,b3dd215c26c8b698427b12fca5ab88c0188685a93d7e55a6134a672fb8fa9a86,556f77446176c56bcafadf6dfe00815550ca8c5df7617ab6a76b93698294b9db,False,,,398800,509,497656,53920,fd0c76061a75ebbcae8a7e8764b00765cc9fe9a879bed49a83d22436d7688411,True,False
tv2_m16_branch_00__X__s9101,tv2_m16_branch_00,X,9101,41,FROZEN_LAYERWISE,CONVERGED,0.3630537471283527,0.3630537471283529,4.19657404160555e-06,1.3966048741985747e-05,0.3004839893612504,4,3,10,164,410,1.7448432445526123,2,4,2,0.0,0,301,262,825,13476,50.171242237091064,13886,835,51.91608548164368,305,fits/tv2_m16_branch_00__X__s9101/p040/FROZEN_LAYERWISE/WINNER.json,bfd1d63b65a0fd177fbd911f69fd800edd846a8a5a530fc5709bca7a97569b5c,587d8d48f7143907dd9e153b142a8c845c120f923c8cbcecf7a210fca2d00001,False,,,408770,509,510097,55268,f73490054060f31106ce85e1dd66d2869ee17ce06f8d57c2276d3fbce82a1a11,True,True
tv2_m16_branch_00__X__s9101,tv2_m16_branch_00,X,9101,41,WARM_JOINT,BUDGET_EXHAUSTED,0.2774607523461732,0.2774607523461734,0.02221407730130243,0.08296842578479319,0.2677413376375513,55,54,163,164,6683,28.663363695144653,50,55,82,0.8659278899924387,0,1199,1160,3519,88887,338.66016960144043,95570,3682,367.3235332965851,1254,fits/tv2_m16_branch_00__X__s9101/p040/WARM_JOINT/WINNER.json,556f77446176c56bcafadf6dfe00815550ca8c5df7617ab6a76b93698294b9db,68714f278bec4f63bf2d7447fe0cd2890bd2aa144ad9c95a86254e8e0f946dc2,False,,,408770,509,510097,55268,cb4eeef1a9187e3097e52baec12d8924521fcc5a7a5b757daab41efae9ec506c,True,False
tv2_m16_branch_00__X__s9101,tv2_m16_branch_00,X,9101,42,FROZEN_LAYERWISE,CONVERGED,0.36304623119133067,0.363046231191332,4.275497888955367e-06,1.4133087661486714e-05,0.30251690156895344,15,14,43,168,1806,7.820978879928589,4,15,2,0.0,0,305,265,835,13886,51.91608548164368,15692,878,59.737064361572266,320,fits/tv2_m16_branch_00__X__s9101/p041/FROZEN_LAYERWISE/WINNER.json,587d8d48f7143907dd9e153b142a8c845c120f923c8cbcecf7a210fca2d00001,21420eeb86e5c320e0a5529f096405714c9f8b0310c6ceeb7077d39994ea4698,False,,,418740,509,522538,56616,a800c088d6a2431286a93ebdb42e6263ead0b3b2c8874e02b3af3170704214a6,True,True
tv2_m16_branch_00__X__s9101,tv2_m16_branch_00,X,9101,42,WARM_JOINT,BUDGET_EXHAUSTED,0.27745692332550215,0.277456923325502,0.022242803961547597,0.08300720363898996,0.26796233322453183,56,55,166,168,6972,30.331921100616455,49,56,84,0.12748587444282,0,1254,1214,3682,95570,367.3235332965851,102542,3848,397.65545439720154,1310,fits/tv2_m16_branch_00__X__s9101/p041/WARM_JOINT/WINNER.json,68714f278bec4f63bf2d7447fe0cd2890bd2aa144ad9c95a86254e8e0f946dc2,14a70ecee3563da82eccba7887214f98cf2503400193417933a8c2ded94de432,False,,,418740,509,522538,56616,0596f46788678c50704ddab6adf3969f52eb6cdcefda3d9c69850450054f10f3,True,False
tv2_m16_branch_00__X__s9101,tv2_m16_branch_00,X,9101,43,FROZEN_LAYERWISE,CONVERGED,0.36304623118472434,0.3630462311847249,4.275433254981157e-06,1.4132949885296738e-05,0.30251527739648454,4,3,10,172,430,1.8655905723571777,2,4,2,0.0,0,320,279,878,15692,59.737064361572266,16122,888,61.60265493392944,324,fits/tv2_m16_branch_00__X__s9101/p042/FROZEN_LAYERWISE/WINNER.json,21420eeb86e5c320e0a5529f096405714c9f8b0310c6ceeb7077d39994ea4698,10b5aa05eb18dcfb14c854545b54d56106e19cddfef4114c54567e63f1322b63,False,,,428710,509,534979,57964,61e685bb9f0c67f3466e4d1bd932c36ea1a90147a2902d8306301e6cfa0b3cd3,True,True
tv2_m16_branch_00__X__s9101,tv2_m16_branch_00,X,9101,43,WARM_JOINT,BUDGET_EXHAUSTED,0.27745555800441085,0.27745555800441046,0.022228533546541928,0.08299238717326352,0.26783822352447023,58,57,172,172,7396,31.31931185722351,53,58,86,0.12467859330060294,0,1310,1269,3848,102542,397.65545439720154,109938,4020,428.97476625442505,1368,fits/tv2_m16_branch_00__X__s9101/p042/WARM_JOINT/WINNER.json,14a70ecee3563da82eccba7887214f98cf2503400193417933a8c2ded94de432,9d9f9a8090c4d74dfafc70cd37936b9b8b6820ac1454bad399302d5ce362052f,False,,,428710,509,534979,57964,b150b2dc710c30f99aacac258f65c83e63db0d13281123bc134fbe538f609e6e,True,False
tv2_m16_branch_00__X__s9101,tv2_m16_branch_00,X,9101,44,FROZEN_LAYERWISE,CONVERGED,0.36304622869452235,0.3630462286945223,4.276886044651324e-06,1.4136024883586068e-05,0.3025522436379831,4,3,10,176,440,1.8851239681243896,2,4,2,0.0,0,324,282,888,16122,61.60265493392944,16562,898,63.48777890205383,328,fits/tv2_m16_branch_00__X__s9101/p043/FROZEN_LAYERWISE/WINNER.json,10b5aa05eb18dcfb14c854545b54d56106e19cddfef4114c54567e63f1322b63,1ae3643103765524e7fb63a6f08b74a5d866cfc43050f09934bc3ff9e34dd122,False,,,438680,509,547420,59312,4c2fbfc04afbad7b435c149fd07298ef76407e6b92d74367a995b2220e7e4973,True,True
tv2_m16_branch_00__X__s9101,tv2_m16_branch_00,X,9101,44,WARM_JOINT,BUDGET_EXHAUSTED,0.2774547123962373,0.27745471239623726,0.02223917438688345,0.08300475621451935,0.26792650687881103,59,58,175,176,7700,32.690460205078125,57,59,88,0.08339790620939036,0,1368,1326,4020,109938,428.97476625442505,117638,4195,461.6652264595032,1427,fits/tv2_m16_branch_00__X__s9101/p043/WARM_JOINT/WINNER.json,9d9f9a8090c4d74dfafc70cd37936b9b8b6820ac1454bad399302d5ce362052f,d8c01e7856b13b38cb925c369bc57e97bfe98613efb506ee98f57cbc0063e3d0,False,,,438680,509,547420,59312,6501368fc9cf85f5c9a0dfc291f10e431288733d1c869fe34680bb6a9afc1773,True,False
tv2_m16_branch_00__X__s9101,tv2_m16_branch_00,X,9101,45,FROZEN_LAYERWISE,CONVERGED,0.3630462283723062,0.36304622837230655,4.277411790086402e-06,1.4137135052180787e-05,0.3025656736176239,4,3,10,180,450,1.8715016841888428,2,4,2,0.0,0,328,285,898,16562,63.48777890205383,17012,908,65.35928058624268,332,fits/tv2_m16_branch_00__X__s9101/p044/FROZEN_LAYERWISE/WINNER.json,1ae3643103765524e7fb63a6f08b74a5d866cfc43050f09934bc3ff9e34dd122,9517d8b7baad47e55b64a49237fe959e15f07219000a6712a40787253d091848,False,,,448650,509,559861,60660,d6a33b947a3803c454c3771aa30901b1f1fea543a6b10c18adba36d8d8cef6b7,True,True
tv2_m16_branch_00__X__s9101,tv2_m16_branch_00,X,9101,45,WARM_JOINT,BUDGET_EXHAUSTED,0.277453865217371,0.2774538652173715,0.022235395583957963,0.08299218358259715,0.26792156350276536,60,59,178,180,8010,34.467121839523315,57,60,90,0.0945570772680302,0,1427,1384,4195,117638,461.6652264595032,125648,4373,496.1323482990265,1487,fits/tv2_m16_branch_00__X__s9101/p044/WARM_JOINT/WINNER.json,d8c01e7856b13b38cb925c369bc57e97bfe98613efb506ee98f57cbc0063e3d0,f6d22f0d58aa4cd1f1b0e27e47705376726542243e81d11b663a63aafdc057af,False,,,448650,509,559861,60660,d5c4542774127ca61fae58cecf3a2cb37e9c03c524cca4e5631ac5141da53447,True,False
tv2_m16_branch_00__X__s9101,tv2_m16_branch_00,X,9101,46,FROZEN_LAYERWISE,CONVERGED,0.3630462281028538,0.3630462281028539,4.276933801473528e-06,1.4136123385315403e-05,0.30255351378132456,4,3,10,184,460,2.0940330028533936,2,4,2,0.0,0,332,288,908,17012,65.35928058624268,17472,918,67.45331358909607,336,fits/tv2_m16_branch_00__X__s9101/p045/FROZEN_LAYERWISE/WINNER.json,9517d8b7baad47e55b64a49237fe959e15f07219000a6712a40787253d091848,7d2e070a414480b9808e3feee4448bb9b9351236f03b47a638626bd7133de1cb,False,,,458620,509,572302,62008,ab9d31c6b0f7c92d65a3314b52b78138f333e81e013460ad36dd85e5ad0c15a8,True,True
tv2_m16_branch_00__X__s9101,tv2_m16_branch_00,X,9101,46,WARM_JOINT,BUDGET_EXHAUSTED,0.277448963951679,0.2774489639516793,0.022289768683586272,0.08297668765731621,0.2686268795838218,62,61,184,184,8464,37.150574684143066,53,62,92,0.16063253268828492,0,1487,1443,4373,125648,496.1323482990265,134112,4557,533.2829229831696,1549,fits/tv2_m16_branch_00__X__s9101/p045/WARM_JOINT/WINNER.json,f6d22f0d58aa4cd1f1b0e27e47705376726542243e81d11b663a63aafdc057af,279561fef5156225f57dab7e400df3927833c10ad4a99fbfa56b2685bcf28edd,False,,,458620,509,572302,62008,d842d364d3d3b2010a20e626d11645d570223b4f5589bfc7f4fdc170a583efab,True,False
tv2_m16_branch_00__X__s9101,tv2_m16_branch_00,X,9101,47,FROZEN_LAYERWISE,CONVERGED,0.363046227080558,0.3630462270805581,4.27601941342468e-06,1.413417946090052e-05,0.3025304316570666,4,3,10,188,470,2.032025098800659,2,4,2,0.0,0,336,291,918,17472,67.45331358909607,17942,928,69.48533868789673,340,fits/tv2_m16_branch_00__X__s9101/p046/FROZEN_LAYERWISE/WINNER.json,7d2e070a414480b9808e3feee4448bb9b9351236f03b47a638626bd7133de1cb,0f2ba376c5c4e0bc98787bf4fc1e0a55ac945fbdb2d366db6d1e8d62e2de878e,False,,,468590,509,584743,63356,4f4edec1f6afbc89c2315abd3164d793d70059ba89406e68a223d1768918c344,True,True
tv2_m16_branch_00__X__s9101,tv2_m16_branch_00,X,9101,47,WARM_JOINT,BUDGET_EXHAUSTED,0.27737675859577404,0.2773767585957735,0.022473958076588883,0.08295740763729728,0.27090959947601706,63,62,187,188,8789,38.47807502746582,57,63,94,0.3209223855312717,0,1549,1504,4557,134112,533.2829229831696,142901,4744,571.7609980106354,1612,fits/tv2_m16_branch_00__X__s9101/p046/WARM_JOINT/WINNER.json,279561fef5156225f57dab7e400df3927833c10ad4a99fbfa56b2685bcf28edd,57b5f127e2b9ac183e124dea5e88f1f00cc96ee87c25ac53ab692d40ddb3e244,False,,,468590,509,584743,63356,78e91bab78cd683946348df653508cbe699685e68e5d5db2ac98f5eda7513dd8,True,False
tv2_m16_branch_00__X__s9101,tv2_m16_branch_00,X,9101,48,FROZEN_LAYERWISE,CONVERGED,0.36304622707773254,0.3630462270777326,4.276067443520647e-06,1.4134281536666332e-05,0.30253164495329465,4,3,10,192,480,2.212151050567627,2,4,2,0.0,0,340,294,928,17942,69.48533868789673,18422,938,71.69748973846436,344,fits/tv2_m16_branch_00__X__s9101/p047/FROZEN_LAYERWISE/WINNER.json,0f2ba376c5c4e0bc98787bf4fc1e0a55ac945fbdb2d366db6d1e8d62e2de878e,5941e66c1b04f7493713016fb4e1af865edba2e93ee6a147c1fc6009be925a8b,False,,,478560,509,597184,64704,0021ea5952a5b74d710310b02052b4019fc2f5f841577382d02bdf7082011df7,True,True
tv2_m16_branch_00__X__s9101,tv2_m16_branch_00,X,9101,48,WARM_JOINT,BUDGET_EXHAUSTED,0.27736078150143806,0.2773607815014376,0.022527136237115535,0.08299306146087934,0.27143397099207156,64,63,190,192,9120,40.78266882896423,60,64,96,0.24617456131357862,0,1612,1566,4744,142901,571.7609980106354,152021,4934,612.5436668395996,1676,fits/tv2_m16_branch_00__X__s9101/p047/WARM_JOINT/WINNER.json,57b5f127e2b9ac183e124dea5e88f1f00cc96ee87c25ac53ab692d40ddb3e244,1d0d983930316797c88117be88ef07b74b8d702f98b7fb406d0abb76ffabfc8e,False,,,478560,509,597184,64704,549c1116b24c66497c4cc7b7364fcb65fe2800eb6253e29710b5d265d8f7dfd1,True,False
tv2_m16_branch_00__X__s9101,tv2_m16_branch_00,X,9101,49,FROZEN_LAYERWISE,CONVERGED,0.36304622707773265,0.3630462270777327,4.276067443520647e-06,1.4134281536666339e-05,0.3025316449532945,4,3,10,196,490,2.0668728351593018,2,1,2,0.0,0,344,297,938,18422,71.69748973846436,18912,948,73.76436257362366,348,fits/tv2_m16_branch_00__X__s9101/p048/FROZEN_LAYERWISE/WINNER.json,5941e66c1b04f7493713016fb4e1af865edba2e93ee6a147c1fc6009be925a8b,934ec9fc3b4e37b63c07d51abf538e271a093a793458f4dcc552bc00c4536828,False,,,488530,509,609625,66052,5f0e6f01dd51809059ceb87fa00947160ca7611b49d20c10219b63ec981d70e5,True,True
tv2_m16_branch_00__X__s9101,tv2_m16_branch_00,X,9101,49,WARM_JOINT,BUDGET_EXHAUSTED,0.27711841740040033,0.2771184174004003,0.022306424266816335,0.08330380940191578,0.267771959373365,66,65,196,196,9604,42.65239429473877,56,66,98,0.6413852496379988,0,1676,1629,4934,152021,612.5436668395996,161625,5130,655.1960611343384,1742,fits/tv2_m16_branch_00__X__s9101/p048/WARM_JOINT/WINNER.json,1d0d983930316797c88117be88ef07b74b8d702f98b7fb406d0abb76ffabfc8e,fa96192e310572215b46b90000c32856b045fdd43e441f1780e8a4661243a086,False,,,488530,509,609625,66052,634de740fe06bf78aac3d98d8bde8b2b47f581424d7f25b0bbc3e2b597cc7856,True,False
tv2_m16_branch_00__X__s9101,tv2_m16_branch_00,X,9101,50,FROZEN_LAYERWISE,CONVERGED,0.36304622707521494,0.3630462270752148,4.276111433247388e-06,1.4134375005163516e-05,0.3025327566082869,4,3,10,200,500,2.187934160232544,2,4,2,0.0,0,348,300,948,18912,73.76436257362366,19412,958,75.9522967338562,352,fits/tv2_m16_branch_00__X__s9101/p049/FROZEN_LAYERWISE/WINNER.json,934ec9fc3b4e37b63c07d51abf538e271a093a793458f4dcc552bc00c4536828,1660d04f048a5542b469ba70e6f5d76570bcf2c36ac8971dc1bb6f5750b6bacd,False,,,498500,509,622066,67400,e4d88aa307870c45d3a9216352863e0027c1df57477c0c5948535ef07313dce7,True,True
tv2_m16_branch_00__X__s9101,tv2_m16_branch_00,X,9101,50,WARM_JOINT,BUDGET_EXHAUSTED,0.27693515585876716,0.27693515585876693,0.022166626410329203,0.08353884813641059,0.2653451287014793,67,66,199,200,9950,43.35148906707764,59,67,100,0.9694372406903975,0,1742,1694,5130,161625,655.1960611343384,171575,5329,698.547550201416,1809,fits/tv2_m16_branch_00__X__s9101/p049/WARM_JOINT/WINNER.json,fa96192e310572215b46b90000c32856b045fdd43e441f1780e8a4661243a086,8037157389c5c7e7eaf07b11a47a2def67ca8716cc6f63e099ca8cee97b1b15c,False,,,498500,509,622066,67400,a9f10a5f483e9e49dc09f346010f455c03eb16aed114a2e164db072442b7f011,True,False
tv2_m16_branch_00__X__s9101,tv2_m16_branch_00,X,9101,51,FROZEN_LAYERWISE,CONVERGED,0.36304622533961095,0.3630462253396105,4.277332538880644e-06,1.4136954601623707e-05,0.3025639297440602,4,3,10,204,510,2.1634397506713867,2,4,2,0.0,0,352,303,958,19412,75.9522967338562,19922,968,78.11573648452759,356,fits/tv2_m16_branch_00__X__s9101/p050/FROZEN_LAYERWISE/WINNER.json,1660d04f048a5542b469ba70e6f5d76570bcf2c36ac8971dc1bb6f5750b6bacd,561ede7b89eba4ae5120ea085c37ff3d184a91e60f3f689e5e914d444975fd78,False,,,508470,509,634507,68748,55ca544cf27b8c03e77a9d8aa2c02b09c5b051f84c4f9a1876bb937f4e70c830,True,True
tv2_m16_branch_00__X__s9101,tv2_m16_branch_00,X,9101,51,WARM_JOINT,BUDGET_EXHAUSTED,0.2768605421918895,0.2768605421918896,0.022290334690834235,0.08364770673440276,0.2664787303925767,68,67,202,204,10302,44.017552852630615,59,67,102,0.8369846947625426,0,1809,1760,5329,171575,698.547550201416,181877,5531,742.5651030540466,1877,fits/tv2_m16_branch_00__X__s9101/p050/WARM_JOINT/WINNER.json,8037157389c5c7e7eaf07b11a47a2def67ca8716cc6f63e099ca8cee97b1b15c,bdfbf67691153f1b6d2fb35ae0a7ff8afbb407bcdaebfb01aad66e4a4c5464dd,False,,,508470,509,634507,68748,7b17a58e9078b41b2ee68ee5d77d6e732bfb54f435ac141ce5a3b4d0e34cd027,True,False
tv2_m16_branch_00__X__s9101,tv2_m16_branch_00,X,9101,52,FROZEN_LAYERWISE,CONVERGED,0.3630462252699464,0.363046225269947,4.27757808664602e-06,1.4137472774080222e-05,0.302570208622334,4,3,10,208,520,2.29721736907959,2,4,2,0.0,0,356,306,968,19922,78.11573648452759,20442,978,80.41295385360718,360,fits/tv2_m16_branch_00__X__s9101/p051/FROZEN_LAYERWISE/WINNER.json,561ede7b89eba4ae5120ea085c37ff3d184a91e60f3f689e5e914d444975fd78,c02236bda2cc55174b92bb5f0e3b42df3f6dae29ae181571282b4c06c6d98db5,False,,,518440,509,646948,70096,df561b5535819100f55e919820eb4b82e52b271c6373a75cd47ba14fe43cd5d4,True,True
tv2_m16_branch_00__X__s9101,tv2_m16_branch_00,X,9101,52,WARM_JOINT,BUDGET_EXHAUSTED,0.2768124426623864,0.2768124426623867,0.022235204348064985,0.08370950581522914,0.2656234095700487,70,69,208,208,10816,47.379724979400635,66,70,104,0.35204535839574813,0,1877,1827,5531,181877,742.5651030540466,192693,5739,789.9448280334473,1947,fits/tv2_m16_branch_00__X__s9101/p051/WARM_JOINT/WINNER.json,bdfbf67691153f1b6d2fb35ae0a7ff8afbb407bcdaebfb01aad66e4a4c5464dd,077eb741529973c3c21da5762cfc1621052a788e8dfed54a35d21590d8336f59,False,,,518440,509,646948,70096,2ea5d92053b43589819c629da1f17ead90e07f7fc6685ef94508b23aac08dd29,True,False
tv2_m16_branch_00__X__s9101,tv2_m16_branch_00,X,9101,53,FROZEN_LAYERWISE,CONVERGED,0.36304622430852906,0.3630462243085292,4.276679595945275e-06,1.4135568508592166e-05,0.30254740680190806,4,3,10,212,530,2.2783257961273193,2,4,2,0.0,0,360,309,978,20442,80.41295385360718,20972,988,82.6912796497345,364,fits/tv2_m16_branch_00__X__s9101/p052/FROZEN_LAYERWISE/WINNER.json,c02236bda2cc55174b92bb5f0e3b42df3f6dae29ae181571282b4c06c6d98db5,52bc518feb948bb66d0166ef77e284256d09e9c3ffcfce67fbede0ac408673e4,False,,,528410,509,659389,71444,951f5864d3c6b9e27373e985919807bcb7885b621707e522744600f1e9fdbd9a,True,True
tv2_m16_branch_00__X__s9101,tv2_m16_branch_00,X,9101,53,WARM_JOINT,BUDGET_EXHAUSTED,0.2763794062767961,0.2763794062767959,0.022668317687190527,0.08397612500263148,0.2699376481884606,71,70,211,212,11183,47.958080530166626,67,71,106,1.3842613919858375,0,1947,1896,5739,192693,789.9448280334473,203876,5950,837.9029085636139,2018,fits/tv2_m16_branch_00__X__s9101/p052/WARM_JOINT/WINNER.json,077eb741529973c3c21da5762cfc1621052a788e8dfed54a35d21590d8336f59,1da68926a2583f9c2e1e2730a1352a3ff5c6faec19a5d8667e1423ac654c8532,False,,,528410,509,659389,71444,42658f86c9a12d2e4d421c22daaba99970f9d9ec29691ed860ebdb1646170f7f,True,False
tv2_m16_branch_00__X__s9101,tv2_m16_branch_00,X,9101,54,FROZEN_LAYERWISE,CONVERGED,0.3630462234530085,0.36304622345300835,4.27754426528877e-06,1.4137393547168024e-05,0.30256951191301024,4,3,10,216,540,2.3619179725646973,2,4,2,0.0,0,364,312,988,20972,82.6912796497345,21512,998,85.0531976222992,368,fits/tv2_m16_branch_00__X__s9101/p053/FROZEN_LAYERWISE/WINNER.json,52bc518feb948bb66d0166ef77e284256d09e9c3ffcfce67fbede0ac408673e4,fda41451129fb04a358498772365ba78e8709a29adbe8f1db9aca30f499b88ad,False,,,538380,509,671830,72792,7ee7edfd7d6d4296d9e7befa864fdb0b6d719176a2e241b8f8b933911f73a349,True,True
tv2_m16_branch_00__X__s9101,tv2_m16_branch_00,X,9101,54,WARM_JOINT,BUDGET_EXHAUSTED,0.27243927092245934,0.272439270922459,0.023647762698702043,0.08801788433930684,0.26866997401960363,72,71,214,216,11556,50.49070405960083,67,72,108,1.8750948871719244,0,2018,1966,5950,203876,837.9029085636139,215432,6164,888.3936126232147,2090,fits/tv2_m16_branch_00__X__s9101/p053/WARM_JOINT/WINNER.json,1da68926a2583f9c2e1e2730a1352a3ff5c6faec19a5d8667e1423ac654c8532,f5c56d76d6dfb89eda5deb0f1028a730bef8a8559856d6bae4aede74804e105b,False,,,538380,509,671830,72792,71f4c5917773357b553e8226cc1b4e9262c16772fe170af6f1bfab87f7a42b1b,True,False
tv2_m16_branch_00__X__s9101,tv2_m16_branch_00,X,9101,55,FROZEN_LAYERWISE,CONVERGED,0.3630462234413771,0.3630462234413768,4.277644665158428e-06,1.4137605367872488e-05,0.3025720801967861,4,3,10,220,550,2.3695619106292725,2,4,2,0.0,0,368,315,998,21512,85.0531976222992,22062,1008,87.42275953292847,372,fits/tv2_m16_branch_00__X__s9101/p054/FROZEN_LAYERWISE/WINNER.json,fda41451129fb04a358498772365ba78e8709a29adbe8f1db9aca30f499b88ad,5c7cf11b98c555191a8fd894232d0ac80ec7e66eedc74beffa0bb47e26bdde88,False,,,548350,509,684271,74140,8390f11803e4658cfe5f6decd40aebd5839c23830bbdc2dce5bf54e90c97a80c,True,True
tv2_m16_branch_00__X__s9101,tv2_m16_branch_00,X,9101,55,WARM_JOINT,BUDGET_EXHAUSTED,0.2692919650749813,0.2692919650749812,0.02377857013795678,0.09165137455209192,0.25944586487834664,74,73,220,220,12100,52.78016924858093,70,74,110,1.0018220661085686,0,2090,2037,6164,215432,888.3936126232147,227532,6384,941.1737818717957,2164,fits/tv2_m16_branch_00__X__s9101/p054/WARM_JOINT/WINNER.json,f5c56d76d6dfb89eda5deb0f1028a730bef8a8559856d6bae4aede74804e105b,dbfa65c189e5cea3e2bb603c0656d765192912eafeec2a2b3784df58e4c715e5,False,,,548350,509,684271,74140,b74f423b0257e3d9d840db234ce61fe74f497a92941da565a3f5b2d91a16049c,True,False
tv2_m16_branch_00__X__s9101,tv2_m16_branch_00,X,9101,56,FROZEN_LAYERWISE,CONVERGED,0.36304622261117914,0.3630462226111798,4.276808026401446e-06,1.4135833177988273e-05,0.3025508275706813,4,3,10,224,560,2.4363856315612793,2,4,2,0.0,0,372,318,1008,22062,87.42275953292847,22622,1018,89.85914516448975,376,fits/tv2_m16_branch_00__X__s9101/p055/FROZEN_LAYERWISE/WINNER.json,5c7cf11b98c555191a8fd894232d0ac80ec7e66eedc74beffa0bb47e26bdde88,32057d77a4edefb0f3dd5625a68cd13ad60c804018ea355a9ee8b064a674d410,False,,,558320,509,696712,75488,8aee4c5c0e97507efb50b6731fd0f3affe6f5314b5f30db18b2ba468ad3f7287,True,True
tv2_m16_branch_00__X__s9101,tv2_m16_branch_00,X,9101,56,WARM_JOINT,BUDGET_EXHAUSTED,0.2613379784091937,0.2613379784091935,0.028786471112472952,0.09845859687863974,0.29237133196154735,75,74,223,224,12488,54.13667941093445,70,75,112,2.4271444304383523,0,2164,2110,6384,227532,941.1737818717957,240020,6607,995.3104612827301,2239,fits/tv2_m16_branch_00__X__s9101/p055/WARM_JOINT/WINNER.json,dbfa65c189e5cea3e2bb603c0656d765192912eafeec2a2b3784df58e4c715e5,2a4db2a7efac18e539f5fae16f11387886c1eaed57e9bdacaf2212f71f98a388,False,,,558320,509,696712,75488,ab5ec847121107e3196f37c29651d8ae9a34d3cf4406b3b1da8dfb012e3652ba,True,False
tv2_m16_branch_00__X__s9101,tv2_m16_branch_00,X,9101,57,FROZEN_LAYERWISE,CONVERGED,0.3630462226037192,0.3630462226037192,4.276728813147761e-06,1.4135665333925606e-05,0.3025488162119691,4,3,10,228,570,2.437958240509033,2,4,2,0.0,0,376,321,1018,22622,89.85914516448975,23192,1028,92.29710340499878,380,fits/tv2_m16_branch_00__X__s9101/p056/FROZEN_LAYERWISE/WINNER.json,32057d77a4edefb0f3dd5625a68cd13ad60c804018ea355a9ee8b064a674d410,60e716f616435b3ca08bb2c197115a133387b35536e621e1f0c2f64ded5de875,False,,,568290,509,709153,76836,44134835ac4a75b7f23ff195c1975c5e30c49d74810e5917b9335a3a3ece613b,True,True
tv2_m16_branch_00__X__s9101,tv2_m16_branch_00,X,9101,57,WARM_JOINT,BUDGET_EXHAUSTED,0.24053514916683102,0.2405351491668309,0.03400387676798083,0.1190991575295271,0.2855089613841355,76,75,226,228,12882,54.780423402786255,69,76,114,2.1456613941606975,0,2239,2184,6607,240020,995.3104612827301,252902,6833,1050.0908846855164,2315,fits/tv2_m16_branch_00__X__s9101/p056/WARM_JOINT/WINNER.json,2a4db2a7efac18e539f5fae16f11387886c1eaed57e9bdacaf2212f71f98a388,8456faffc8bc837fc6872c59e8c8ce263da13a0ed2ce598ffebbf8eeb3876a1c,False,,,568290,509,709153,76836,18fb3123043ec59d7ebf07bb4df38480554ee321b9ef4311c848ecb80c8575cc,True,False
tv2_m16_branch_00__X__s9101,tv2_m16_branch_00,X,9101,58,FROZEN_LAYERWISE,CONVERGED,0.36304622252695384,0.36304622252695395,4.27698412943491e-06,1.4136205658110372e-05,0.30255531313532313,4,3,10,232,580,2.535759925842285,2,4,2,0.0,0,380,324,1028,23192,92.29710340499878,23772,1038,94.83286333084106,384,fits/tv2_m16_branch_00__X__s9101/p057/FROZEN_LAYERWISE/WINNER.json,60e716f616435b3ca08bb2c197115a133387b35536e621e1f0c2f64ded5de875,652a6e8f0ec498ba6982747e0b2066f65e5aef0ac5eadf6764a187c75e796f89,False,,,578260,509,721594,78184,4b80b1c4aebc548b863febb5889a971b94d244471546c1f1545e4c35bd7867fa,True,True
tv2_m16_branch_00__X__s9101,tv2_m16_branch_00,X,9101,58,WARM_JOINT,BUDGET_EXHAUSTED,0.20586861829744935,0.2058686182974489,0.03984996173047235,0.15952657446709478,0.24980140057286895,78,77,232,232,13456,58.932767152786255,70,77,116,2.887588888515479,0,2315,2259,6833,252902,1050.0908846855164,266358,7065,1109.0236518383026,2393,fits/tv2_m16_branch_00__X__s9101/p057/WARM_JOINT/WINNER.json,8456faffc8bc837fc6872c59e8c8ce263da13a0ed2ce598ffebbf8eeb3876a1c,22fce2fb8cd7502871cdceb25b21a6cd8d9b7e0f34ebb705d2bc75d1460b7567,False,,,578260,509,721594,78184,3affa2a9e19c769877016ab3023b2639345256e0a272ba59abbe1d6b5a9b04d3,True,False
tv2_m16_branch_00__X__s9101,tv2_m16_branch_00,X,9101,59,FROZEN_LAYERWISE,CONVERGED,0.3630462225256925,0.36304622252569263,4.276955602021235e-06,1.413614527500447e-05,0.3025545874647841,4,3,10,236,590,2.558410406112671,2,4,2,0.0,0,384,327,1038,23772,94.83286333084106,24362,1048,97.39127373695374,388,fits/tv2_m16_branch_00__X__s9101/p058/FROZEN_LAYERWISE/WINNER.json,652a6e8f0ec498ba6982747e0b2066f65e5aef0ac5eadf6764a187c75e796f89,c934643b3cbf8f4b3b90c16f5654347bac3cac5fd75f918d5732fcf2ec6f737b,False,,,588230,509,734035,79532,31b46706747806fb002f75f50ff709ad0dcb751464bff1f404a651f1ef5a3a04,True,True
tv2_m16_branch_00__X__s9101,tv2_m16_branch_00,X,9101,59,WARM_JOINT,BUDGET_EXHAUSTED,0.19114811219579064,0.19114811219579067,0.0434556469089957,0.17732228301642508,0.2450659114566581,79,78,235,236,13865,58.68265461921692,74,79,118,1.439337358639993,0,2393,2336,7065,266358,1109.0236518383026,280223,7300,1167.7063064575195,2472,fits/tv2_m16_branch_00__X__s9101/p058/WARM_JOINT/WINNER.json,22fce2fb8cd7502871cdceb25b21a6cd8d9b7e0f34ebb705d2bc75d1460b7567,e00935c5d320518dc6f6069a6c7d914cd167ddea5efe086a8b1b04d9b1f1cf1a,False,,,588230,509,734035,79532,436757bdba48ea14e8fb649239ad806b258e994f8e49b0ea4265f1f3e8e0fa17,True,False
tv2_m16_branch_00__X__s9101,tv2_m16_branch_00,X,9101,60,FROZEN_LAYERWISE,CONVERGED,0.3630462222283557,0.36304622222835553,4.276386844591446e-06,1.4134938511924304e-05,0.30254018020551454,3,2,7,240,420,1.850895643234253,1,2,2,0.0,0,388,330,1048,24362,97.39127373695374,24782,1055,99.24216938018799,391,fits/tv2_m16_branch_00__X__s9101/p059/FROZEN_LAYERWISE/WINNER.json,c934643b3cbf8f4b3b90c16f5654347bac3cac5fd75f918d5732fcf2ec6f737b,4480abf9eff7253d33ef168cd66f3d931a5f705e5e63df549a7c078364d2feb6,False,,,598200,509,746476,80880,585dd8c7b2be9bd434a72a57d82fbf4e5d3b2717bc5e9db5a332e995d96ee883,True,True
tv2_m16_branch_00__X__s9101,tv2_m16_branch_00,X,9101,60,WARM_JOINT,BUDGET_EXHAUSTED,0.1784799929443118,0.1784799929443118,0.0481509155724318,0.1932942621069154,0.2491068024864517,80,79,238,240,14280,62.26670551300049,72,80,120,1.2142122630746548,0,2472,2414,7300,280223,1167.7063064575195,294503,7538,1229.97301197052,2552,fits/tv2_m16_branch_00__X__s9101/p059/WARM_JOINT/WINNER.json,e00935c5d320518dc6f6069a6c7d914cd167ddea5efe086a8b1b04d9b1f1cf1a,0a1fd4155a08aea55effa32fc1677d2ec219205d0744d3ae50d2651c91777014,False,,,598200,509,746476,80880,76e76450fec8b494cb7fedb1e27eeb496378a03d8d86a38274c61518579b70a0,True,False
tv2_m16_branch_00__X__s9101,tv2_m16_branch_00,X,9101,61,FROZEN_LAYERWISE,CONVERGED,0.36304622222420674,0.3630462222242065,4.276328277038501e-06,1.4134814175361108e-05,0.3025386979966613,4,3,10,244,610,2.597597599029541,2,4,2,0.0,0,391,332,1055,24782,99.24216938018799,25392,1065,101.83976697921753,395,fits/tv2_m16_branch_00__X__s9101/p060/FROZEN_LAYERWISE/WINNER.json,4480abf9eff7253d33ef168cd66f3d931a5f705e5e63df549a7c078364d2feb6,1ba31bb1529d6cf111773905f9b1a363e63a3d681fb953504ffe892eaad79177,False,,,608170,509,758917,82228,313483ffe05c9bcd7707fd9cc5d4d2f705b13900ef19bed9d4e5f89f2f1551b8,True,True
tv2_m16_branch_00__X__s9101,tv2_m16_branch_00,X,9101,61,WARM_JOINT,BUDGET_EXHAUSTED,0.16455141074875504,0.16455141074875498,0.050499622709765095,0.20964575324171253,0.24088073299315158,82,81,244,244,14884,63.140896797180176,72,82,122,1.8582833943557702,0,2552,2493,7538,294503,1229.97301197052,309387,7782,1293.1139087677002,2634,fits/tv2_m16_branch_00__X__s9101/p060/WARM_JOINT/WINNER.json,0a1fd4155a08aea55effa32fc1677d2ec219205d0744d3ae50d2651c91777014,1780421f31e3bd67bee2297a9067c6970eb7c30899cc63bccfd96cc7410ab6b5,False,,,608170,509,758917,82228,0b5075182f01acacd41526b30c5ce69f2395c9932b062efc1fff8726d9d5fba9,True,False
tv2_m16_branch_00__X__s9101,tv2_m16_branch_00,X,9101,62,FROZEN_LAYERWISE,CONVERGED,0.3630462220976538,0.3630462220976546,4.276009758727558e-06,1.4134136903474584e-05,0.30253065948981933,4,3,10,248,620,2.707399368286133,2,4,2,0.0,0,395,335,1065,25392,101.83976697921753,26012,1075,104.54716634750366,399,fits/tv2_m16_branch_00__X__s9101/p061/FROZEN_LAYERWISE/WINNER.json,1ba31bb1529d6cf111773905f9b1a363e63a3d681fb953504ffe892eaad79177,3f0fa7dbeacbc2b7738dc17f19ec9a2bbfaf8ec405300c620fb1b73840ab535e,False,,,618140,509,771358,83576,dd493043f66142feaa92700645074ba93287efec39a50da9bdaa5b7b91150456,True,True
tv2_m16_branch_00__X__s9101,tv2_m16_branch_00,X,9101,62,WARM_JOINT,BUDGET_EXHAUSTED,0.15260050836567912,0.15260050836567982,0.05286815887633904,0.22292484407742816,0.23715687273499414,83,82,247,248,15314,66.51929974555969,72,83,124,1.4996717067129346,0,2634,2574,7782,309387,1293.1139087677002,324701,8029,1359.63320851326,2717,fits/tv2_m16_branch_00__X__s9101/p061/WARM_JOINT/WINNER.json,1780421f31e3bd67bee2297a9067c6970eb7c30899cc63bccfd96cc7410ab6b5,535a3a7c29852abda1b43a27fb99408466c303729bbb7394b927520bc97f2a64,False,,,618140,509,771358,83576,376f9b8a0504e3c5dd4811dbde498cdf75540e4e43268b3f6a5e5d526859801f,True,False
tv2_m16_branch_00__X__s9101,tv2_m16_branch_00,X,9101,63,FROZEN_LAYERWISE,CONVERGED,0.3630462202422136,0.36304622024221356,4.277270391568112e-06,1.41368012196437e-05,0.3025628163763567,4,3,10,252,630,2.8200480937957764,2,4,2,0.0,0,399,338,1075,26012,104.54716634750366,26642,1085,107.36721444129944,403,fits/tv2_m16_branch_00__X__s9101/p062/FROZEN_LAYERWISE/WINNER.json,3f0fa7dbeacbc2b7738dc17f19ec9a2bbfaf8ec405300c620fb1b73840ab535e,854971ccd766de9b8f522f8d752e75db6061e50d81d1c5d952c471b30037a76c,False,,,628110,509,783799,84924,d43baacbf92783841ce92409a4d9fd6d84bfaf13bc13891919799e9b71d31ebb,True,True
tv2_m16_branch_00__X__s9101,tv2_m16_branch_00,X,9101,63,WARM_JOINT,BUDGET_EXHAUSTED,0.14396947449698924,0.1439694744969892,0.05541403857425319,0.23221825898443277,0.23862911907356943,84,83,250,252,15750,66.96132469177246,78,84,126,1.6545851365274384,0,2717,2656,8029,324701,1359.63320851326,340451,8279,1426.5945332050323,2801,fits/tv2_m16_branch_00__X__s9101/p062/WARM_JOINT/WINNER.json,535a3a7c29852abda1b43a27fb99408466c303729bbb7394b927520bc97f2a64,8992f4224fc50295929960d950f3e04c50e834027119be3f5a641f03c55b749d,False,,,628110,509,783799,84924,99b63b8497d12d6c98a0347c583673346587efe53270a033a414d0812d18093a,True,False
tv2_m16_branch_00__X__s9101,tv2_m16_branch_00,X,9101,64,FROZEN_LAYERWISE,CONVERGED,0.3630462202205397,0.36304622022053923,4.2771352409643e-06,1.4136515370385868e-05,0.3025593739970978,4,3,10,256,640,2.8306069374084473,2,4,2,0.0,0,403,341,1085,26642,107.36721444129944,27282,1095,110.19782137870789,407,fits/tv2_m16_branch_00__X__s9101/p063/FROZEN_LAYERWISE/WINNER.json,854971ccd766de9b8f522f8d752e75db6061e50d81d1c5d952c471b30037a76c,0386e771898a0f14d162fff44785955ccc5b8d80f792495e31867d7f87761ab8,True,8d20024598898e7513e7f0859743b77f3604903d449b0b4833a7cc96275ee508,7.155476753615698e-16,638080,509,796240,86272,afab82970a5142514bf1b28da207b3f164162f55536a23c95efc9f5d7d3bf13e,True,True
tv2_m16_branch_00__X__s9101,tv2_m16_branch_00,X,9101,64,WARM_JOINT,BUDGET_EXHAUSTED,0.14291010534451798,0.1429101053445191,0.055498803256267895,0.23313740714478073,0.23805190224922834,86,85,256,256,16384,71.28549575805664,77,86,128,0.6112024240241634,0,2801,2739,8279,340451,1426.5945332050323,356835,8535,1497.880028963089,2887,fits/tv2_m16_branch_00__X__s9101/p063/WARM_JOINT/WINNER.json,8992f4224fc50295929960d950f3e04c50e834027119be3f5a641f03c55b749d,97f027877c101368510165a448534d1994d5072e68927ba807d12943d70a431c,True,72ffacbe38de3dc7a515cc23eb80fcc993580f2a5a0e4ad528e228eabda42a1c,9.309503074677275e-16,638080,509,796240,86272,724d4b2ea67cef2c663da775a379799e426622efbfbb2ec4346a0a8dedda3280,True,False
tv2_m16_branch_00__X__s9101,tv2_m16_branch_00,X,9101,64,RANDOM_JOINT,BUDGET_EXHAUSTED,0.2714044188935076,0.2714044188935082,0.018422734164011433,0.09388763281458556,0.19622109549181688,85,85,255,256,16320,72.32933235168457,66,85,128,3.001281640938898,0,0,0,0,0,0.0,16320,255,72.32933235168457,85,,,f4ece3b1952bd3c014b04eb3c427d45ddb5ff35ddee74d78219943a1a1c2ed1b,True,2ab04e43997a64a1e2088c29fafebff4d686920b28950992f5714bc7a518bcd5,1.8041124150158794e-16,638080,509,796240,86272,58f7a784923963ed57b82d47b11e8bc31d1473c9cd569956100e0c148c0a42f8,False,False
tv2_m16_branch_00__X__s9101,tv2_m16_branch_00,X,9101,65,FROZEN_LAYERWISE,CONVERGED,0.36304621943675974,0.3630462194367594,4.277962314823182e-06,1.4138257900591519e-05,0.3025805827636091,4,3,10,260,650,4.733431816101074,2,4,2,0.0,0,407,344,1095,27282,110.19782137870789,27932,1105,114.93125319480896,411,fits/tv2_m16_branch_00__X__s9101/p064/FROZEN_LAYERWISE/WINNER.json,0386e771898a0f14d162fff44785955ccc5b8d80f792495e31867d7f87761ab8,ee1e89a4c4a907649f221836d771ca7f665fb5d8d78c01b4d348a7b11c758b40,False,,,648050,509,808681,87620,20f9700afa34905eaee05f245d4b170073353d189dceb88bc8da2b791b2a18be,True,True
tv2_m16_branch_00__X__s9101,tv2_m16_branch_00,X,9101,65,WARM_JOINT,BUDGET_EXHAUSTED,0.141945852811893,0.14194585281189245,0.05585724848567279,0.23450828192212475,0.23818880948614773,87,86,259,260,16835,66.60825181007385,79,87,130,1.5528196661334395,0,2887,2824,8535,356835,1497.880028963089,373670,8794,1564.4882807731628,2974,fits/tv2_m16_branch_00__X__s9101/p064/WARM_JOINT/WINNER.json,97f027877c101368510165a448534d1994d5072e68927ba807d12943d70a431c,8815986e4fd3c3ecbbdea30956fcc47523ac4c609d04f3d9f3a8111668684d67,False,,,648050,509,808681,87620,901acbc96752f8ec5f74f15c61104337c547233005df0b2cce4a1e5f9f4a72b5,True,False
tv2_m16_branch_00__X__s9101,tv2_m16_branch_00,X,9101,66,FROZEN_LAYERWISE,CONVERGED,0.363046219034769,0.3630462190347694,4.277375156322215e-06,1.413701733992856e-05,0.3025656016026242,4,3,10,264,660,2.63223934173584,2,4,2,0.0,0,411,347,1105,27932,114.93125319480896,28592,1115,117.5634925365448,415,fits/tv2_m16_branch_00__X__s9101/p065/FROZEN_LAYERWISE/WINNER.json,ee1e89a4c4a907649f221836d771ca7f665fb5d8d78c01b4d348a7b11c758b40,a8370b9126f1bf41799fc42be7350c9ca3fc65d78f4a39c83f958c26dee7bdbc,False,,,658020,509,821122,88968,6ceb98fecf3178dedb87cc148a58eac6c23d2e83a9ff30fffd9ddc8427eed0cc,True,True
tv2_m16_branch_00__X__s9101,tv2_m16_branch_00,X,9101,66,WARM_JOINT,BUDGET_EXHAUSTED,0.13979785816574106,0.139797858165741,0.056144136488243096,0.23711065233502732,0.23678453892874374,88,87,262,264,17292,72.64860939979553,79,88,132,1.8567665599347936,0,2974,2910,8794,373670,1564.4882807731628,390962,9056,1637.1368901729584,3062,fits/tv2_m16_branch_00__X__s9101/p065/WARM_JOINT/WINNER.json,8815986e4fd3c3ecbbdea30956fcc47523ac4c609d04f3d9f3a8111668684d67,85581c1f87c4c7370d1d191e28f2d407361969bb03dce64d0e153ce104415cde,False,,,658020,509,821122,88968,fc5d353c0b9139c959918247ec315bcb4fd409ef7df394718e52950aad3d2730,True,False
tv2_m16_branch_00__X__s9101,tv2_m16_branch_00,X,9101,67,FROZEN_LAYERWISE,CONVERGED,0.3630462187185421,0.3630462187185423,4.277900108295728e-06,1.4138123703623473e-05,0.30257905489957915,4,3,10,268,670,2.9318130016326904,2,4,2,0.0,0,415,350,1115,28592,117.5634925365448,29262,1125,120.49530553817749,419,fits/tv2_m16_branch_00__X__s9101/p066/FROZEN_LAYERWISE/WINNER.json,a8370b9126f1bf41799fc42be7350c9ca3fc65d78f4a39c83f958c26dee7bdbc,7a5ac76565e2f3ba8d7127220da3561c0c34a8bd7a13e671183bf9bc31af4693,False,,,667990,509,833563,90316,7955bf4015dd83ce0f118e1c2e30d5001f5703479915a43d9614e9fd63277f11,True,True
tv2_m16_branch_00__X__s9101,tv2_m16_branch_00,X,9101,67,WARM_JOINT,BUDGET_EXHAUSTED,0.13972832665979307,0.13972832665979312,0.056059343192197957,0.23710119796576712,0.23643635575511454,90,89,268,268,17956,72.07516741752625,82,90,134,0.2182627875980594,0,3062,2997,9056,390962,1637.1368901729584,408918,9324,1709.2120575904846,3152,fits/tv2_m16_branch_00__X__s9101/p066/WARM_JOINT/WINNER.json,85581c1f87c4c7370d1d191e28f2d407361969bb03dce64d0e153ce104415cde,0ceaa713eb66c52266e16bb57e5e9b7a1ee4d1eac00f42bd80b687b61ae47f5c,False,,,667990,509,833563,90316,949820c13f751d13926a4d9d79df03788f36f974252dd26a5d0179eb92cf99ce,True,False
tv2_m16_branch_00__X__s9101,tv2_m16_branch_00,X,9101,68,FROZEN_LAYERWISE,CONVERGED,0.36304621857710573,0.3630462185771056,4.277550725266125e-06,1.4137386125143981e-05,0.3025701277026244,4,3,10,272,680,2.7057366371154785,2,4,2,0.0,0,419,353,1125,29262,120.49530553817749,29942,1135,123.20104217529297,423,fits/tv2_m16_branch_00__X__s9101/p067/FROZEN_LAYERWISE/WINNER.json,7a5ac76565e2f3ba8d7127220da3561c0c34a8bd7a13e671183bf9bc31af4693,95e35338361119cdc57dee9e6570b917943a7fd1191f8c677efeba2b62693dbb,False,,,677960,509,846004,91664,78fac4922983e2c2960763d04dbae9e02c6cc500daee5e65d482e2dce1132960,True,True
tv2_m16_branch_00__X__s9101,tv2_m16_branch_00,X,9101,68,WARM_JOINT,BUDGET_EXHAUSTED,0.13971605530358522,0.13971605530358572,0.05607452148331403,0.23711108987980298,0.23649050540714686,91,90,271,272,18428,76.18223977088928,81,91,136,0.18482864151543232,0,3152,3086,9324,408918,1709.2120575904846,427346,9595,1785.394297361374,3243,fits/tv2_m16_branch_00__X__s9101/p067/WARM_JOINT/WINNER.json,0ceaa713eb66c52266e16bb57e5e9b7a1ee4d1eac00f42bd80b687b61ae47f5c,7e918fcefe4b2555406f6c8371e91be7d23042a16e11a8c2dad6f38b285b1561,False,,,677960,509,846004,91664,c26d01a86856d80d2584406f1a881f599220d56f9b6d2f2c3643bb7243004689,True,False
tv2_m16_branch_00__X__s9101,tv2_m16_branch_00,X,9101,69,FROZEN_LAYERWISE,CONVERGED,0.36304621431063755,0.3630462143106372,4.275698188036584e-06,1.4133439351644513e-05,0.3025235458727235,4,3,10,276,690,2.926269292831421,2,4,2,0.0,0,423,356,1135,29942,123.20104217529297,30632,1145,126.12731146812439,427,fits/tv2_m16_branch_00__X__s9101/p068/FROZEN_LAYERWISE/WINNER.json,95e35338361119cdc57dee9e6570b917943a7fd1191f8c677efeba2b62693dbb,289d95dc9e023699f112eff21bf6c36a2e2de81c7bae9a92c847b5c992be410c,False,,,687930,509,858445,93012,251d409f76e203b101e6d8242f168b18830e1f4abb9f53baab911af28b8d6fe8,True,True
tv2_m16_branch_00__X__s9101,tv2_m16_branch_00,X,9101,69,WARM_JOINT,BUDGET_EXHAUSTED,0.13970968531396455,0.13970968531396366,0.0560502963564278,0.2370852519486047,0.23641409955174428,92,91,274,276,18906,76.92038989067078,81,92,138,0.20125645784095836,0,3243,3176,9595,427346,1785.394297361374,446252,9869,1862.3146872520447,3335,fits/tv2_m16_branch_00__X__s9101/p068/WARM_JOINT/WINNER.json,7e918fcefe4b2555406f6c8371e91be7d23042a16e11a8c2dad6f38b285b1561,c18a55c36926eda94b26777db4e49bba45d40183cf34ea79569a0079ac7c7309,False,,,687930,509,858445,93012,ad303e7f02d40b1773c418bfc8ea920b95f38c3f9e4b4f2191d5218d51d30a28,True,False
tv2_m16_branch_00__X__s9101,tv2_m16_branch_00,X,9101,70,FROZEN_LAYERWISE,CONVERGED,0.3630462141111123,0.36304621411111226,4.2753005813387495e-06,1.413259068477906e-05,0.3025135784865892,4,3,10,280,700,2.82958984375,2,4,2,0.0,0,427,359,1145,30632,126.12731146812439,31332,1155,128.9569013118744,431,fits/tv2_m16_branch_00__X__s9101/p069/FROZEN_LAYERWISE/WINNER.json,289d95dc9e023699f112eff21bf6c36a2e2de81c7bae9a92c847b5c992be410c,9bf2a32ed0ac025ea860d59266cc10e2644be7cec6a8ac374e361ef8c124773a,False,,,697900,509,870886,94360,c44687e79d7943ae6dfdd044ab186bae7039fc6b7b617db6c9d63a36d06c0ddf,True,True
tv2_m16_branch_00__X__s9101,tv2_m16_branch_00,X,9101,70,WARM_JOINT,BUDGET_EXHAUSTED,0.13970727253484316,0.13970727253484388,0.05605836419754662,0.23709581090218598,0.23643759872532513,94,93,280,280,19600,80.17712044715881,87,94,140,0.05789131076042375,0,3335,3267,9869,446252,1862.3146872520447,465852,10149,1942.4918076992035,3429,fits/tv2_m16_branch_00__X__s9101/p069/WARM_JOINT/WINNER.json,c18a55c36926eda94b26777db4e49bba45d40183cf34ea79569a0079ac7c7309,cab1698cfc1fbdbe2fcf3d5e583f78472ff289b82b0a4e2e90f301ecbace5311,False,,,697900,509,870886,94360,6b67f6fd0610bee2a83a6fd212602f8574d8fef120ec40733788e7a73bcf7f06,True,False
tv2_m16_branch_00__X__s9101,tv2_m16_branch_00,X,9101,71,FROZEN_LAYERWISE,CONVERGED,0.36304621302083007,0.36304621302082957,4.274396133600887e-06,1.4130650871760102e-05,0.3024911005439392,4,3,10,284,710,2.7935023307800293,2,4,2,0.0,0,431,362,1155,31332,128.9569013118744,32042,1165,131.75040364265442,435,fits/tv2_m16_branch_00__X__s9101/p070/FROZEN_LAYERWISE/WINNER.json,9bf2a32ed0ac025ea860d59266cc10e2644be7cec6a8ac374e361ef8c124773a,0accf714407964fab7a56e2c3228793f38afa8618936d8c66b79673a564071a7,False,,,707870,509,883327,95708,354f57b927801c0f348f9c1246e27cb8c00efd475f9beb2d61ca21477e8f75c4,True,True
tv2_m16_branch_00__X__s9101,tv2_m16_branch_00,X,9101,71,WARM_JOINT,BUDGET_EXHAUSTED,0.13970634003570365,0.13970634003570342,0.0560630704315647,0.23709794384899557,0.23645532104348616,95,94,283,284,20093,81.1756796836853,80,95,142,0.0707161368603848,0,3429,3360,10149,465852,1942.4918076992035,485945,10432,2023.6674873828888,3524,fits/tv2_m16_branch_00__X__s9101/p070/WARM_JOINT/WINNER.json,cab1698cfc1fbdbe2fcf3d5e583f78472ff289b82b0a4e2e90f301ecbace5311,924cd416b09916bfd00c51f0bddfa8c7e0f82550e4825b8105c6b5e73ce29573,False,,,707870,509,883327,95708,e5866e6549b89fd705707c6923c2f845a75fab444652777d441493362f4dc9b4,True,False
tv2_m16_branch_00__X__s9101,tv2_m16_branch_00,X,9101,72,FROZEN_LAYERWISE,CONVERGED,0.36304621287288613,0.36304621287288596,4.274066297548859e-06,1.412994222911285e-05,0.3024829279728206,4,3,10,288,720,2.907827615737915,2,4,2,0.0,0,435,365,1165,32042,131.75040364265442,32762,1175,134.65823125839233,439,fits/tv2_m16_branch_00__X__s9101/p071/FROZEN_LAYERWISE/WINNER.json,0accf714407964fab7a56e2c3228793f38afa8618936d8c66b79673a564071a7,9d1efde7a320a69af07b5f495aae4dd20d11402640fac77ab0ef71858cf2c63b,False,,,717840,509,895768,97056,dd2c2bc79a3f44de4516773fbcbdd3e4f64210e2a8b14dbdd38693754b9310ba,True,True
tv2_m16_branch_00__X__s9101,tv2_m16_branch_00,X,9101,72,WARM_JOINT,BUDGET_EXHAUSTED,0.13970564753282813,0.1397056475328276,0.056059291942849004,0.23709416463076216,0.23644315342029934,96,95,286,288,20592,83.60173344612122,87,96,144,0.03522623955959947,0,3524,3454,10432,485945,2023.6674873828888,506537,10718,2107.26922082901,3620,fits/tv2_m16_branch_00__X__s9101/p071/WARM_JOINT/WINNER.json,924cd416b09916bfd00c51f0bddfa8c7e0f82550e4825b8105c6b5e73ce29573,404f14d10ffd6fcdde1ab290c508d39df8d8d671f40761fac34c03b0dfb4ba28,False,,,717840,509,895768,97056,1c61acb7907dae0085357ba7b4d28721721c754eee84abdc5fb038e785a3a494,True,False
tv2_m16_branch_00__X__s9101,tv2_m16_branch_00,X,9101,73,FROZEN_LAYERWISE,CONVERGED,0.3630462123933962,0.36304621239339685,4.2746711544964385e-06,1.4131237448325133e-05,0.30249800628770007,4,3,10,292,730,2.8578319549560547,2,4,2,0.0,0,439,368,1175,32762,134.65823125839233,33492,1185,137.5160632133484,443,fits/tv2_m16_branch_00__X__s9101/p072/FROZEN_LAYERWISE/WINNER.json,9d1efde7a320a69af07b5f495aae4dd20d11402640fac77ab0ef71858cf2c63b,4f845c89c026dd14dd837c26bb3679769e1bf0c84dca4bb5360834f64a274df9,False,,,727810,509,908209,98404,577dda217f8c5c7c260cfeb9720106d343609ddf2e79f12b223c97d65e670338,True,True
tv2_m16_branch_00__X__s9101,tv2_m16_branch_00,X,9101,73,WARM_JOINT,BUDGET_EXHAUSTED,0.1397052721728528,0.1397052721728522,0.05605375593531792,0.23708743642868785,0.2364265132715204,98,97,292,292,21316,85.16129565238953,89,98,146,0.04002890243491497,0,3620,3549,10718,506537,2107.26922082901,527853,11010,2192.4305164813995,3718,fits/tv2_m16_branch_00__X__s9101/p072/WARM_JOINT/WINNER.json,404f14d10ffd6fcdde1ab290c508d39df8d8d671f40761fac34c03b0dfb4ba28,9ea09bda7b698126502b3496a62005d9e12b54e6f13d08bc6ecc12313d778e08,False,,,727810,509,908209,98404,7f20fbee6f35b4e49dd60ec0b17f6bcb76d90f3ad11e6008bcaad4963b88f13a,True,False
tv2_m16_branch_00__X__s9101,tv2_m16_branch_00,X,9101,74,FROZEN_LAYERWISE,CONVERGED,0.3630462120791763,0.36304621207917587,4.275180225796642e-06,1.4132324797380939e-05,0.30251075368639535,4,3,10,296,740,3.035675525665283,2,4,2,0.0,0,443,371,1185,33492,137.5160632133484,34232,1195,140.55173873901367,447,fits/tv2_m16_branch_00__X__s9101/p073/FROZEN_LAYERWISE/WINNER.json,4f845c89c026dd14dd837c26bb3679769e1bf0c84dca4bb5360834f64a274df9,c8db09b8e789738d93107fb21a0e91c8737541319c8651383ab0607f0bf6bd3d,False,,,737780,509,920650,99752,59888b10d0a80c25ff808a7cf951c86725f3e7b496a12adf716566539cc7639e,True,True
tv2_m16_branch_00__X__s9101,tv2_m16_branch_00,X,9101,74,WARM_JOINT,BUDGET_EXHAUSTED,0.13776368321173316,0.13776368321173313,0.05486597421442943,0.2391026148844031,0.2294662241186907,99,98,295,296,21830,91.24278044700623,90,99,148,1.257842232312306,0,3718,3646,11010,527853,2192.4305164813995,549683,11305,2283.6732969284058,3817,fits/tv2_m16_branch_00__X__s9101/p073/WARM_JOINT/WINNER.json,9ea09bda7b698126502b3496a62005d9e12b54e6f13d08bc6ecc12313d778e08,a3c8e22fcc94500b8f60802a3bcb21af1b46c7735b5e8e3510b0186c1f26ebe0,False,,,737780,509,920650,99752,906baab4e2c1476b866988b4848bde56eb6138143fa0e02b8c30ff6148ab1790,True,False
tv2_m16_branch_00__X__s9101,tv2_m16_branch_00,X,9101,75,FROZEN_LAYERWISE,CONVERGED,0.36303987930876924,0.3630398793087697,4.2081302925893695e-06,1.3995775888434526e-05,0.3006714544541098,14,13,40,300,3000,12.54212760925293,6,14,2,0.0,0,447,374,1195,34232,140.55173873901367,37232,1235,153.0938663482666,461,fits/tv2_m16_branch_00__X__s9101/p074/FROZEN_LAYERWISE/WINNER.json,c8db09b8e789738d93107fb21a0e91c8737541319c8651383ab0607f0bf6bd3d,8a518e696639a24bf10c247d2a7a9f98b51ebdd052e2d8ff546930d14997e1f7,False,,,747750,509,933091,101100,f3a57b5c0a8b14edb9c10e4646049c6ffc4278978dba485421264da406677dc4,True,True
tv2_m16_branch_00__X__s9101,tv2_m16_branch_00,X,9101,75,WARM_JOINT,BUDGET_EXHAUSTED,0.13629609943412374,0.1362960994341231,0.05533990190259095,0.24027638316125546,0.2303176915454523,100,99,298,300,22350,90.85279655456543,91,100,150,0.47465100455434284,0,3817,3744,11305,549683,2283.6732969284058,572033,11603,2374.526093482971,3917,fits/tv2_m16_branch_00__X__s9101/p074/WARM_JOINT/WINNER.json,a3c8e22fcc94500b8f60802a3bcb21af1b46c7735b5e8e3510b0186c1f26ebe0,d8c395c51a01d24fd318a69d0d90f24bb3ed224eca427b461e55c61c1e83112c,False,,,747750,509,933091,101100,213134cc99c372fc218df97daec81914db84b2cd6690c4bbdbb4194bfb55016f,True,False
tv2_m16_branch_00__X__s9101,tv2_m16_branch_00,X,9101,76,FROZEN_LAYERWISE,CONVERGED,0.3630398781003742,0.3630398781003744,4.209000213834452e-06,1.3997558955334968e-05,0.3006953017497563,4,3,10,304,760,3.073227643966675,2,4,2,0.0,0,461,387,1235,37232,153.0938663482666,37992,1245,156.16709399223328,465,fits/tv2_m16_branch_00__X__s9101/p075/FROZEN_LAYERWISE/WINNER.json,8a518e696639a24bf10c247d2a7a9f98b51ebdd052e2d8ff546930d14997e1f7,be8ae509a4f332e622802b153205895b62e439595073045cbab6ed71b9767443,False,,,757720,509,945532,102448,382b069f5d3904a636a3eceb21e5979086b533950f2a135cf6f26996501d9944,True,True
tv2_m16_branch_00__X__s9101,tv2_m16_branch_00,X,9101,76,WARM_JOINT,BUDGET_EXHAUSTED,0.13349287486813807,0.1334928748681381,0.05805027571536014,0.24277680908322818,0.23910964121560505,102,101,304,304,23104,94.82630014419556,92,102,152,1.8415860386660754,0,3917,3843,11603,572033,2374.526093482971,595137,11907,2469.3523936271667,4019,fits/tv2_m16_branch_00__X__s9101/p075/WARM_JOINT/WINNER.json,d8c395c51a01d24fd318a69d0d90f24bb3ed224eca427b461e55c61c1e83112c,78f749d6517e28e295676495773afba0e73db24df1c6a34ac3f09dba79eac5a5,False,,,757720,509,945532,102448,e70c396b613890e432e8c74833adb3d9fd08dcd77c33ec2cca8bc33d4e832e15,True,False
tv2_m16_branch_00__X__s9101,tv2_m16_branch_00,X,9101,77,FROZEN_LAYERWISE,CONVERGED,0.3630398776315835,0.36303987763158335,4.209521576067478e-06,1.3998626663411239e-05,0.30070961082704417,4,3,10,308,770,3.0516507625579834,2,4,2,0.0,0,465,390,1245,37992,156.16709399223328,38762,1255,159.21874475479126,469,fits/tv2_m16_branch_00__X__s9101/p076/FROZEN_LAYERWISE/WINNER.json,be8ae509a4f332e622802b153205895b62e439595073045cbab6ed71b9767443,581f8044595e47a1e90465ad92be1b180c369e0e3e151224b67289ad87c7d197,False,,,767690,509,957973,103796,0d6caf874639071da962f3f85751152722ea3154f9cefb5c0edad456f913ac38,True,True
tv2_m16_branch_00__X__s9101,tv2_m16_branch_00,X,9101,77,WARM_JOINT,BUDGET_EXHAUSTED,0.13254479997055946,0.13254479997056012,0.058128198079597314,0.2432295641758769,0.23898492058952744,103,102,307,308,23639,96.02613759040833,92,103,154,0.5591086369361971,0,4019,3944,11907,595137,2469.3523936271667,618776,12214,2565.378531217575,4122,fits/tv2_m16_branch_00__X__s9101/p076/WARM_JOINT/WINNER.json,78f749d6517e28e295676495773afba0e73db24df1c6a34ac3f09dba79eac5a5,db128c952b5f4b2c0d892a7bc26e7b8e0ac8895da5f8820c7f7ff42ad971fe73,False,,,767690,509,957973,103796,74c09145e7a47a43e91e6a1945235db3a86270a9d9594e2df747ddad6a9a2f1c,True,False
tv2_m16_branch_00__X__s9101,tv2_m16_branch_00,X,9101,78,FROZEN_LAYERWISE,CONVERGED,0.3630398774399713,0.363039877439972,4.2091799582478145e-06,1.3997926775873645e-05,0.30070024123162403,4,3,10,312,780,3.2111735343933105,2,4,2,0.0,0,469,393,1255,38762,159.21874475479126,39542,1265,162.42991828918457,473,fits/tv2_m16_branch_00__X__s9101/p077/FROZEN_LAYERWISE/WINNER.json,581f8044595e47a1e90465ad92be1b180c369e0e3e151224b67289ad87c7d197,66ef3e32971089db514c86af887ba0e90c9cec309e3464f17aaa44e668871583,False,,,777660,509,970414,105144,47c48c3a7ee4bbb9b2381c3a3a5e3fdaa0d7c6f543c2f359ea56bd1d061243ab,True,True
tv2_m16_branch_00__X__s9101,tv2_m16_branch_00,X,9101,78,WARM_JOINT,BUDGET_EXHAUSTED,0.13216203885636266,0.13216203885636355,0.05852343621809385,0.24422468319236512,0.23962948975144127,104,103,310,312,24180,97.74768114089966,90,104,156,1.685502829152011,0,4122,4046,12214,618776,2565.378531217575,642956,12524,2663.1262123584747,4226,fits/tv2_m16_branch_00__X__s9101/p077/WARM_JOINT/WINNER.json,db128c952b5f4b2c0d892a7bc26e7b8e0ac8895da5f8820c7f7ff42ad971fe73,e089c71feb2238d4d84c570fe6c84b8cbc775f903d927d34499461a864c79739,False,,,777660,509,970414,105144,de30dce33e557810414589e160803ad11c9a4f5560d4afcd73965ca475ca93cd,True,False
tv2_m16_branch_00__X__s9101,tv2_m16_branch_00,X,9101,79,FROZEN_LAYERWISE,CONVERGED,0.36303987736326426,0.36303987736326376,4.208960270947919e-06,1.3997476541443923e-05,0.30069421859618556,4,3,10,316,790,3.1509270668029785,2,4,2,0.0,0,473,396,1265,39542,162.42991828918457,40332,1275,165.58084535598755,477,fits/tv2_m16_branch_00__X__s9101/p078/FROZEN_LAYERWISE/WINNER.json,66ef3e32971089db514c86af887ba0e90c9cec309e3464f17aaa44e668871583,4213cbaff01f4602efa98bdb847bc3255df9100b621a564e8d6d8392660962d4,False,,,787630,509,982855,106492,f7c64de9c716a79476cd806648ccbd082beb90a9b69169e7487ae0cbc7f837a7,True,True
tv2_m16_branch_00__X__s9101,tv2_m16_branch_00,X,9101,79,WARM_JOINT,BUDGET_EXHAUSTED,0.13209078218323284,0.1320907821832329,0.05837159179810678,0.24405292003422896,0.23917596146737372,106,105,316,316,24964,101.29890751838684,98,106,158,0.17538178605005378,0,4226,4149,12524,642956,2663.1262123584747,667920,12840,2764.4251198768616,4332,fits/tv2_m16_branch_00__X__s9101/p078/WARM_JOINT/WINNER.json,e089c71feb2238d4d84c570fe6c84b8cbc775f903d927d34499461a864c79739,9051476e5fbce7155abef6a69a34f08374b3c1390aca99effed26f09bdb6816a,False,,,787630,509,982855,106492,7903ee0a2471ea54063b62558cd52de74c95c151791a0251b427acc467f1f999,True,False
tv2_m16_branch_00__X__s9101,tv2_m16_branch_00,X,9101,80,FROZEN_LAYERWISE,CONVERGED,0.3630398763177225,0.36303987631772205,4.209724097813189e-06,1.3999040223981212e-05,0.3007151940746391,4,3,10,320,800,3.2912521362304688,2,4,2,0.0,0,477,399,1275,40332,165.58084535598755,41132,1285,168.87209749221802,481,fits/tv2_m16_branch_00__X__s9101/p079/FROZEN_LAYERWISE/WINNER.json,4213cbaff01f4602efa98bdb847bc3255df9100b621a564e8d6d8392660962d4,cff4b5121a71bee25515897e4537414252be94342cedc0910b8079315182eeef,False,,,797600,509,995296,107840,12bed952f96cf85e68f5884c039b652a520e0fa2dc3e12f91c041a83669cc77f,True,True
tv2_m16_branch_00__X__s9101,tv2_m16_branch_00,X,9101,80,WARM_JOINT,BUDGET_EXHAUSTED,0.13158314569890667,0.13158314569890694,0.06133225558466374,0.24473672912098843,0.2506050309855348,107,106,319,320,25520,105.36202263832092,99,107,160,1.160784070594275,0,4332,4254,12840,667920,2764.4251198768616,693440,13159,2869.7871425151825,4439,fits/tv2_m16_branch_00__X__s9101/p079/WARM_JOINT/WINNER.json,9051476e5fbce7155abef6a69a34f08374b3c1390aca99effed26f09bdb6816a,c5c4dc9fd1e9e668505fcd1adab53f449fbac5020c5617889d1eeb7197ba657d,False,,,797600,509,995296,107840,878c20b394fdb99fdeff0043cefdfc2928ae74219ce44dbf8793fc8f3c064cf4,True,False
tv2_m16_branch_00__X__s9101,tv2_m16_branch_00,X,9101,81,FROZEN_LAYERWISE,CONVERGED,0.3630398752435474,0.36303987524354747,4.210445305035736e-06,1.400051427118064e-05,0.3007350461191792,4,3,10,324,810,3.287674903869629,2,4,2,0.0,0,481,402,1285,41132,168.87209749221802,41942,1295,172.15977239608765,485,fits/tv2_m16_branch_00__X__s9101/p080/FROZEN_LAYERWISE/WINNER.json,cff4b5121a71bee25515897e4537414252be94342cedc0910b8079315182eeef,4e14ae5404633a7935fc233b7eca51fe364d97972b852edb114335e73cb6e9fd,False,,,807570,509,1007737,109188,ab622691dd196f31d5a0a78e37d96d74b272fbf29fe527bd15dcdf0fca13c70f,True,True
tv2_m16_branch_00__X__s9101,tv2_m16_branch_00,X,9101,81,WARM_JOINT,BUDGET_EXHAUSTED,0.112443246687651,0.11244324668765017,0.07004218773444687,0.2643618644072647,0.2649481531365766,108,107,322,324,26082,105.58314728736877,98,108,162,2.198410652155178,0,4439,4360,13159,693440,2869.7871425151825,719522,13481,2975.3702898025513,4547,fits/tv2_m16_branch_00__X__s9101/p080/WARM_JOINT/WINNER.json,c5c4dc9fd1e9e668505fcd1adab53f449fbac5020c5617889d1eeb7197ba657d,d4a07e2f576e4377dbfb9877aba90560cbfcb2b82ae12fe5551a1a874897d580,False,,,807570,509,1007737,109188,545cb8ffca39d116ac4288a6d74cb348bc07b331050f87061f4746d3a71bace9,True,False
tv2_m16_branch_00__X__s9101,tv2_m16_branch_00,X,9101,82,FROZEN_LAYERWISE,CONVERGED,0.3630398748816443,0.3630398748816439,4.210008755627481e-06,1.3999621354461248e-05,0.30072304450476306,4,3,10,328,820,3.306751251220703,2,4,2,0.0,0,485,405,1295,41942,172.15977239608765,42762,1305,175.46652364730835,489,fits/tv2_m16_branch_00__X__s9101/p081/FROZEN_LAYERWISE/WINNER.json,4e14ae5404633a7935fc233b7eca51fe364d97972b852edb114335e73cb6e9fd,2394b5855fefbe8dc742d6b7841ef8ac2349b81db8c8f03dfdb9fcf148e56d26,False,,,817540,509,1020178,110536,3f3ce12f82ff71ff112bd2c0aa616686fb6943158bbd79add3397bc8d379b15d,True,True
tv2_m16_branch_00__X__s9101,tv2_m16_branch_00,X,9101,82,WARM_JOINT,BUDGET_EXHAUSTED,0.07797937449722281,0.07797937449722343,0.08357619303332549,0.29938894660827653,0.27915590732438567,110,109,328,328,26896,111.33919596672058,97,110,164,2.5306239434873534,0,4547,4467,13481,719522,2975.3702898025513,746418,13809,3086.709485769272,4657,fits/tv2_m16_branch_00__X__s9101/p081/WARM_JOINT/WINNER.json,d4a07e2f576e4377dbfb9877aba90560cbfcb2b82ae12fe5551a1a874897d580,869a8f32455343f40c48a96c6a286766a1fde1003a71f8e6addfcf88b0e719de,False,,,817540,509,1020178,110536,caabcc90be2f50e80ddfc3e1e0660c3202e13e678ba34957d6a700a3683e3ee2,True,False
tv2_m16_branch_00__X__s9101,tv2_m16_branch_00,X,9101,83,FROZEN_LAYERWISE,CONVERGED,0.36303987481528976,0.3630398748152899,4.210192354077696e-06,1.3999996778356218e-05,0.3007280944940351,4,3,10,332,830,3.2487785816192627,2,4,2,0.0,0,489,408,1305,42762,175.46652364730835,43592,1315,178.7153022289276,493,fits/tv2_m16_branch_00__X__s9101/p082/FROZEN_LAYERWISE/WINNER.json,2394b5855fefbe8dc742d6b7841ef8ac2349b81db8c8f03dfdb9fcf148e56d26,1243b22f547fc6984e3437d7ba3d6d0a6e2e4193a793f881d929f998a553568c,False,,,827510,509,1032619,111884,97471b7ce4c630b306a66ce7e9036fbaf95d8b3ad5a06a687951ae3438fa617e,True,True
tv2_m16_branch_00__X__s9101,tv2_m16_branch_00,X,9101,83,WARM_JOINT,BUDGET_EXHAUSTED,0.01628250578415294,0.01628250578415226,0.10379958220163604,0.3562913640025999,0.29133342171290627,111,110,331,332,27473,111.12429642677307,103,111,166,3.300541449386076,0,4657,4576,13809,746418,3086.709485769272,773891,14140,3197.833782196045,4768,fits/tv2_m16_branch_00__X__s9101/p082/WARM_JOINT/WINNER.json,869a8f32455343f40c48a96c6a286766a1fde1003a71f8e6addfcf88b0e719de,53aa862ed965583e5e11dbb4779cad21d9eb9a22ab01cc2672a9fa967782d932,False,,,827510,509,1032619,111884,3a764afe62522af0666ca3f2d116fd82cfce2b70fe46301deb0bf5dee5606478,True,False
tv2_m16_branch_00__X__s9101,tv2_m16_branch_00,X,9101,84,FROZEN_LAYERWISE,CONVERGED,0.36303987479014005,0.3630398747901402,4.210304321188727e-06,1.4000225665553325e-05,0.3007311754658295,4,3,10,336,840,3.396287679672241,2,4,2,0.0,0,493,411,1315,43592,178.7153022289276,44432,1325,182.11158990859985,497,fits/tv2_m16_branch_00__X__s9101/p083/FROZEN_LAYERWISE/WINNER.json,1243b22f547fc6984e3437d7ba3d6d0a6e2e4193a793f881d929f998a553568c,1caa54942a1883f6c8e9b958a39684b6fcf492f650329d4cb390248d3a292578,False,,,837480,509,1045060,113232,c63653d1f0ffde6f0c30ded976aaab8ca44988312789ae65874de3f6270f19d7,True,True
tv2_m16_branch_00__X__s9101,tv2_m16_branch_00,X,9101,84,WARM_JOINT,BUDGET_EXHAUSTED,-0.019800470249921244,-0.0198004702499211,0.12086177197620422,0.3912414562205921,0.30891862315341967,112,111,334,336,28056,113.95545840263367,103,112,168,1.870103211215465,0,4768,4686,14140,773891,3197.833782196045,801947,14474,3311.7892405986786,4880,fits/tv2_m16_branch_00__X__s9101/p083/WARM_JOINT/WINNER.json,53aa862ed965583e5e11dbb4779cad21d9eb9a22ab01cc2672a9fa967782d932,71da4ecb011935e57e5bc3ab6c2f8ba42dfd5a1dc482045edefaa36e5e969e66,False,,,837480,509,1045060,113232,e2d05443b0dde0bc78c967d8a639c57c8435426af9e3362572a0f2e878b1dab4,True,False
tv2_m16_branch_00__X__s9101,tv2_m16_branch_00,X,9101,85,FROZEN_LAYERWISE,CONVERGED,0.36303987442820573,0.3630398744282059,4.210710285535999e-06,1.4001054697640936e-05,0.3007423638053117,4,3,10,340,850,3.443986415863037,2,4,2,0.0,0,497,414,1325,44432,182.11158990859985,45282,1335,185.5555763244629,501,fits/tv2_m16_branch_00__X__s9101/p084/FROZEN_LAYERWISE/WINNER.json,1caa54942a1883f6c8e9b958a39684b6fcf492f650329d4cb390248d3a292578,f85dffc181ecc1ffa6a25222e558461bf5af2820816ed92dce72a05d6843b248,False,,,847450,509,1057501,114580,b282454c6598a39f90c95e16d4200c45708aafb8e2b47c93eb4449f5d495a89e,True,True
tv2_m16_branch_00__X__s9101,tv2_m16_branch_00,X,9101,85,WARM_JOINT,BUDGET_EXHAUSTED,-0.045566475115133405,-0.04556647511513243,0.14202429955750367,0.41630935747613795,0.3411508701570424,114,113,340,340,28900,116.18802905082703,101,114,170,1.8356761807464375,0,4880,4797,14474,801947,3311.7892405986786,830847,14814,3427.9772696495056,4994,fits/tv2_m16_branch_00__X__s9101/p084/WARM_JOINT/WINNER.json,71da4ecb011935e57e5bc3ab6c2f8ba42dfd5a1dc482045edefaa36e5e969e66,3d1a91e727f9cd0b72b919ac21d96bdba7ab92fd9df8c52180cea1c49506910d,False,,,847450,509,1057501,114580,0cf75db54d0306701c01b2c898f6c41868a525e9130bf59823b625e6e50b0f47,True,False
tv2_m16_branch_00__X__s9101,tv2_m16_branch_00,X,9101,86,FROZEN_LAYERWISE,CONVERGED,0.36303987384442127,0.36303987384442094,4.211193807427535e-06,1.4002040513618148e-05,0.30075572223432717,4,3,10,344,860,3.416679859161377,2,4,2,0.0,0,501,417,1335,45282,185.5555763244629,46142,1345,188.97225618362427,505,fits/tv2_m16_branch_00__X__s9101/p085/FROZEN_LAYERWISE/WINNER.json,f85dffc181ecc1ffa6a25222e558461bf5af2820816ed92dce72a05d6843b248,3ef748d5472c3b9961e8b37913fbae543fbe080be80b3500b4395c4ef2986b75,False,,,857420,509,1069942,115928,b419a575433dac287b9c41ef6cd353076888772858423386a9ecd37ebea0ba3c,True,True
tv2_m16_branch_00__X__s9101,tv2_m16_branch_00,X,9101,86,WARM_JOINT,BUDGET_EXHAUSTED,-0.057713446352079645,-0.05771344635207974,0.1464310294589173,0.4264369914225804,0.34338256859572147,115,114,343,344,29498,118.65737795829773,107,115,172,1.352325643001784,0,4994,4910,14814,830847,3427.9772696495056,860345,15157,3546.6346476078033,5109,fits/tv2_m16_branch_00__X__s9101/p085/WARM_JOINT/WINNER.json,3d1a91e727f9cd0b72b919ac21d96bdba7ab92fd9df8c52180cea1c49506910d,2adcf6e01cff2ba476b2a29e8060e9894d14ad2f44747328071d944ee5fc2f02,False,,,857420,509,1069942,115928,7e30e256c0151057f704b900cc7a15a08f2ba19e5186bca090ef7f5160ec4617,True,False
tv2_m16_branch_00__X__s9101,tv2_m16_branch_00,X,9101,87,FROZEN_LAYERWISE,CONVERGED,0.3630398738165266,0.3630398738165265,4.211085613839541e-06,1.4001819879249416e-05,0.3007527342985133,4,3,10,348,870,3.4948346614837646,2,4,2,0.0,0,505,420,1345,46142,188.97225618362427,47012,1355,192.46709084510803,509,fits/tv2_m16_branch_00__X__s9101/p086/FROZEN_LAYERWISE/WINNER.json,3ef748d5472c3b9961e8b37913fbae543fbe080be80b3500b4395c4ef2986b75,4c166526517c29f45e96e3bac976436b6fda7cbd00d6ef0a1a7d5ba821abdd02,False,,,867390,509,1082383,117276,bed7622e214ca08f34413761fb06df1cf9b074577c21b43080aa28cbd7e97f6f,True,True
tv2_m16_branch_00__X__s9101,tv2_m16_branch_00,X,9101,87,WARM_JOINT,BUDGET_EXHAUSTED,-0.06572640086183063,-0.06572640086183096,0.14995441454062994,0.4344682097134608,0.3451447336953087,116,115,346,348,30102,119.21999931335449,105,116,174,1.5149188919480574,0,5109,5024,15157,860345,3546.6346476078033,890447,15503,3665.854646921158,5225,fits/tv2_m16_branch_00__X__s9101/p086/WARM_JOINT/WINNER.json,2adcf6e01cff2ba476b2a29e8060e9894d14ad2f44747328071d944ee5fc2f02,d8eaa7f32ba66bf669829ae48a43d900603ade40c2e6724c97f4bdbed8967c7e,False,,,867390,509,1082383,117276,b3b8dd2240f1d38f6aff0f1619003e14ea68782317afeafd5a48c9baae29836d,True,False
tv2_m16_branch_00__X__s9101,tv2_m16_branch_00,X,9101,88,FROZEN_LAYERWISE,CONVERGED,0.36303987374994984,0.3630398737499499,4.210916328609688e-06,1.4001474469517105e-05,0.3007480631970125,4,3,10,352,880,3.454220771789551,2,4,2,0.0,0,509,423,1355,47012,192.46709084510803,47892,1365,195.92131161689758,513,fits/tv2_m16_branch_00__X__s9101/p087/FROZEN_LAYERWISE/WINNER.json,4c166526517c29f45e96e3bac976436b6fda7cbd00d6ef0a1a7d5ba821abdd02,4ef58f3c378d92aa130624743ea16e82d3d08bfd0b4c838697ade23d840f1f76,False,,,877360,509,1094824,118624,29a79e3a9d6a5e6de35fb518351523eccc83775188d4fe77131ebb36125c6068,True,True
tv2_m16_branch_00__X__s9101,tv2_m16_branch_00,X,9101,88,WARM_JOINT,BUDGET_EXHAUSTED,-0.07297435017754073,-0.07297435017754204,0.15394061626920197,0.44136473513649427,0.34878322623939373,118,117,352,352,30976,126.56770586967468,106,118,176,1.5638614918421814,0,5225,5139,15503,890447,3665.854646921158,921423,15855,3792.4223527908325,5343,fits/tv2_m16_branch_00__X__s9101/p087/WARM_JOINT/WINNER.json,d8eaa7f32ba66bf669829ae48a43d900603ade40c2e6724c97f4bdbed8967c7e,3fb4e0d479b89ab1a74d27b11cdc1884d7e665ad9f474125dd79aef419d2ea89,False,,,877360,509,1094824,118624,fa7856f884c4278b8fdde4bcbfb6b286f6e31876033050e5daff56313696efc2,True,False
tv2_m16_branch_00__X__s9101,tv2_m16_branch_00,X,9101,89,FROZEN_LAYERWISE,CONVERGED,0.36303987332355325,0.3630398733235528,4.211324146029233e-06,1.4002305458343121e-05,0.30075933984999315,4,3,10,356,890,3.5745742321014404,2,4,2,0.0,0,513,426,1365,47892,195.92131161689758,48782,1375,199.49588584899902,517,fits/tv2_m16_branch_00__X__s9101/p088/FROZEN_LAYERWISE/WINNER.json,4ef58f3c378d92aa130624743ea16e82d3d08bfd0b4c838697ade23d840f1f76,0e7fafae77584eebd8a71dda85cee7583722388029ae1792d58ad49a295eab0f,False,,,887330,509,1107265,119972,9b675cd1ee777b952fade5e74fc618d3ead9c3cdce9069f87d15cb2683d24d8d,True,True
tv2_m16_branch_00__X__s9101,tv2_m16_branch_00,X,9101,89,WARM_JOINT,BUDGET_EXHAUSTED,-0.07890892035448258,-0.07890892035448459,0.15679954213904143,0.44722042689213964,0.3506090793497191,119,118,355,356,31595,127.0647599697113,109,119,178,1.5727850447494571,0,5343,5256,15855,921423,3792.4223527908325,953018,16210,3919.487112760544,5462,fits/tv2_m16_branch_00__X__s9101/p088/WARM_JOINT/WINNER.json,3fb4e0d479b89ab1a74d27b11cdc1884d7e665ad9f474125dd79aef419d2ea89,d0b1d1762cd65bb8cc8d8ee2403c894fa824df9d02936dee25de340397187776,False,,,887330,509,1107265,119972,b52e88772ce332d440e49c3c12cb14bdfa42feec0583ff014e4a44ec84759d62,True,False
tv2_m16_branch_00__X__s9101,tv2_m16_branch_00,X,9101,90,FROZEN_LAYERWISE,CONVERGED,0.3630398730601841,0.3630398730601837,4.211627091148984e-06,1.4002921874993791e-05,0.3007677346732931,4,3,10,360,900,5.982337474822998,2,4,2,0.0,0,517,429,1375,48782,199.49588584899902,49682,1385,205.47822332382202,521,fits/tv2_m16_branch_00__X__s9101/p089/FROZEN_LAYERWISE/WINNER.json,0e7fafae77584eebd8a71dda85cee7583722388029ae1792d58ad49a295eab0f,7af852f6ec2e3c199ac58cfa40ca61f016dbee68647c9f027cfcc3ae20ca67e7,False,,,897300,509,1119706,121320,ff361560b965eb61d31f4a6395e57b58e18a10dbb48c720e0c2b5dac4a0ff6f0,True,True
tv2_m16_branch_00__X__s9101,tv2_m16_branch_00,X,9101,90,WARM_JOINT,BUDGET_EXHAUSTED,-0.08416114838487651,-0.08416114838487662,0.16157570538401506,0.4513613656241064,0.3579741592650516,120,119,358,360,32220,131.24810314178467,110,120,180,1.4146388596106054,0,5462,5374,16210,953018,3919.487112760544,985238,16568,4050.7352159023285,5582,fits/tv2_m16_branch_00__X__s9101/p089/WARM_JOINT/WINNER.json,d0b1d1762cd65bb8cc8d8ee2403c894fa824df9d02936dee25de340397187776,80d3fdfc79e8f79e61547a5d240dedbc7143f67b3198ded62d471c7df7b3b862,False,,,897300,509,1119706,121320,100218dadc2f26350a2202801f4301f09ba8437c67bb02055bae1f8b576c8bdf,True,False
tv2_m16_branch_00__X__s9101,tv2_m16_branch_00,X,9101,91,FROZEN_LAYERWISE,CONVERGED,0.36303987252159214,0.3630398725215924,4.212028190206056e-06,1.4003736140627223e-05,0.300778888427228,4,3,10,364,910,3.625121831893921,2,4,2,0.0,0,521,432,1385,49682,205.47822332382202,50592,1395,209.10334515571594,525,fits/tv2_m16_branch_00__X__s9101/p090/FROZEN_LAYERWISE/WINNER.json,7af852f6ec2e3c199ac58cfa40ca61f016dbee68647c9f027cfcc3ae20ca67e7,1b7437fdc9c990d87fe3424c9ff1bbff237c895c13f7ad1143a0b7ad3a06888a,False,,,907270,509,1132147,122668,58e81dfffa66a45868b58a782f5d157efa7a292b54b02d0935e23f43627a61c6,True,True
tv2_m16_branch_00__X__s9101,tv2_m16_branch_00,X,9101,91,WARM_JOINT,BUDGET_EXHAUSTED,-0.08676608396243667,-0.0867660839624375,0.1627095417040517,0.4530207007564679,0.35916579845546637,122,121,364,364,33124,133.1792917251587,111,122,182,1.4755872048544418,0,5582,5493,16568,985238,4050.7352159023285,1018362,16932,4183.914507627487,5704,fits/tv2_m16_branch_00__X__s9101/p090/WARM_JOINT/WINNER.json,80d3fdfc79e8f79e61547a5d240dedbc7143f67b3198ded62d471c7df7b3b862,9aaa0717d802b1197e781b4930da4767c0e4e8262f82803c2564ed3372c5af5c,False,,,907270,509,1132147,122668,a72102669fae691d3947368321a7edbfd18efdac810b2fc19cdb5859c7b88a82,True,False
tv2_m16_branch_00__X__s9101,tv2_m16_branch_00,X,9101,92,FROZEN_LAYERWISE,CONVERGED,0.363039870936376,0.3630398709363754,4.2112469652530075e-06,1.400214486007193e-05,0.30075727735553326,4,3,10,368,920,3.6402015686035156,2,4,2,0.0,0,525,435,1395,50592,209.10334515571594,51512,1405,212.74354672431946,529,fits/tv2_m16_branch_00__X__s9101/p091/FROZEN_LAYERWISE/WINNER.json,1b7437fdc9c990d87fe3424c9ff1bbff237c895c13f7ad1143a0b7ad3a06888a,ec1815ab9fa20f27597c2daabde716ab0eb5db44503d4137a5387c30cf3d5787,False,,,917240,509,1144588,124016,27cb1d00ffdebf1f167c8b21363d4dcb1ad7db0c291a660af1917c6f7bf75122,True,True
tv2_m16_branch_00__X__s9101,tv2_m16_branch_00,X,9101,92,WARM_JOINT,BUDGET_EXHAUSTED,-0.09141710207278766,-0.09141710207278865,0.16317011042511148,0.4569324767363568,0.3570989560439106,123,122,367,368,33764,137.8260931968689,114,123,184,1.0595986823817753,0,5704,5614,16932,1018362,4183.914507627487,1052126,17299,4321.740600824356,5827,fits/tv2_m16_branch_00__X__s9101/p091/WARM_JOINT/WINNER.json,9aaa0717d802b1197e781b4930da4767c0e4e8262f82803c2564ed3372c5af5c,ae012a2d1e7a233c41b2cd8ae4110f3b22e0b3ae9323b7eec3dfb316f677c134,False,,,917240,509,1144588,124016,b3ce9a5458df2dd1828c3c6066cf7ec96e41a4dcf1fae4d20d8e9cd9393966fc,True,False
tv2_m16_branch_00__X__s9101,tv2_m16_branch_00,X,9101,93,FROZEN_LAYERWISE,CONVERGED,0.36303986986654346,0.36303986986654324,4.211827685323246e-06,1.4003324761442988e-05,0.30077340610711034,4,3,10,372,930,3.747706413269043,2,4,2,0.0,0,529,438,1405,51512,212.74354672431946,52442,1415,216.4912531375885,533,fits/tv2_m16_branch_00__X__s9101/p092/FROZEN_LAYERWISE/WINNER.json,ec1815ab9fa20f27597c2daabde716ab0eb5db44503d4137a5387c30cf3d5787,fa8af8b4d63960899d28e49f83ee4c396eff89abd533332b8821eb34676d1324,False,,,927210,509,1157029,125364,1b759003f032d9ed5b49e068cd63d3281fed5233cc9c0de6ee9793542e711be5,True,True
tv2_m16_branch_00__X__s9101,tv2_m16_branch_00,X,9101,93,WARM_JOINT,BUDGET_EXHAUSTED,-0.10053592461391489,-0.10053592461391427,0.16080822221834715,0.4637813660934581,0.34673282277999534,124,123,370,372,34410,140.2690691947937,114,124,186,1.8316321968323257,0,5827,5736,17299,1052126,4321.740600824356,1086536,17669,4462.00967001915,5951,fits/tv2_m16_branch_00__X__s9101/p092/WARM_JOINT/WINNER.json,ae012a2d1e7a233c41b2cd8ae4110f3b22e0b3ae9323b7eec3dfb316f677c134,87852758e115e43ba78d4c861050786ce7f643fe3d55193aed8395d1b529f3f7,False,,,927210,509,1157029,125364,f959cc6304b82061665f32bc4eec2782b38c1eff09ac284eaec3b42bfe0e3399,True,False
tv2_m16_branch_00__X__s9101,tv2_m16_branch_00,X,9101,94,FROZEN_LAYERWISE,CONVERGED,0.36303986982210945,0.36303986982210984,4.2117074320493605e-06,1.4003080339733241e-05,0.3007700684326427,4,3,10,376,940,3.875180244445801,2,4,2,0.0,0,533,441,1415,52442,216.4912531375885,53382,1425,220.3664333820343,537,fits/tv2_m16_branch_00__X__s9101/p093/FROZEN_LAYERWISE/WINNER.json,fa8af8b4d63960899d28e49f83ee4c396eff89abd533332b8821eb34676d1324,713b71b4d5e63ce5ad173c567b09f4a666d83d6cd56be882080f00e390efbf47,False,,,937180,509,1169470,126712,a80100444eb7f08a011456b111b8a91e6380f122174abc56f2232b8f649ef0ab,True,True
tv2_m16_branch_00__X__s9101,tv2_m16_branch_00,X,9101,94,WARM_JOINT,BUDGET_EXHAUSTED,-0.10801627830193719,-0.10801627830193783,0.158720608101351,0.4723851986597064,0.3359982669899212,126,125,376,376,35344,147.95685029029846,115,126,188,1.1110173801410737,0,5951,5859,17669,1086536,4462.00967001915,1121880,18045,4609.966520309448,6077,fits/tv2_m16_branch_00__X__s9101/p093/WARM_JOINT/WINNER.json,87852758e115e43ba78d4c861050786ce7f643fe3d55193aed8395d1b529f3f7,750a51fbfe7a6b91108b518851a80dda62c8b4a784c5f77ced4d92fad61cf901,False,,,937180,509,1169470,126712,c8be347290a07d9f7b7147db83982f9f93f822a7fd6c2c25f4833e2598ddea95,True,False
tv2_m16_branch_00__X__s9101,tv2_m16_branch_00,X,9101,95,FROZEN_LAYERWISE,CONVERGED,0.36303986945979017,0.3630398694597904,4.211341607146706e-06,1.4002335531983844e-05,0.30075994090609004,4,3,10,380,950,3.875756025314331,2,4,2,0.0,0,537,444,1425,53382,220.3664333820343,54332,1435,224.24218940734863,541,fits/tv2_m16_branch_00__X__s9101/p094/FROZEN_LAYERWISE/WINNER.json,713b71b4d5e63ce5ad173c567b09f4a666d83d6cd56be882080f00e390efbf47,77b48d6508364cf89b368773a7bece233c7eba77647fcc6aab888dcb59deac95,False,,,947150,509,1181911,128060,9a8927af3f5977c24616046c27b63ab8d15a38ac1058b8a8571d4983e3764a1b,True,True
tv2_m16_branch_00__X__s9101,tv2_m16_branch_00,X,9101,95,WARM_JOINT,BUDGET_EXHAUSTED,-0.14727121120903264,-0.14727121120903225,0.16758971803901584,0.5082137466975456,0.3297622685888383,127,126,379,380,36005,146.44506311416626,111,127,190,2.8029212680575624,0,6077,5984,18045,1121880,4609.966520309448,1157885,18424,4756.4115834236145,6204,fits/tv2_m16_branch_00__X__s9101/p094/WARM_JOINT/WINNER.json,750a51fbfe7a6b91108b518851a80dda62c8b4a784c5f77ced4d92fad61cf901,231be15dbed4ef52636eeb9fca8ce4da7139b78a7cf0a806302c49307fb51fd1,False,,,947150,509,1181911,128060,1390cc1b3f20c5a4bceade1ea8dd581cc6f702b0fe0b0f346324ede88fa35257,True,False
tv2_m16_branch_00__X__s9101,tv2_m16_branch_00,X,9101,96,FROZEN_LAYERWISE,CONVERGED,0.3630398692990242,0.3630398692990236,4.2110898421615694e-06,1.4001822396974427e-05,0.30075298220262525,4,3,10,384,960,3.911315679550171,2,4,2,0.0,0,541,447,1435,54332,224.24218940734863,55292,1445,228.1535050868988,545,fits/tv2_m16_branch_00__X__s9101/p095/FROZEN_LAYERWISE/WINNER.json,77b48d6508364cf89b368773a7bece233c7eba77647fcc6aab888dcb59deac95,27397543fe20e6676e8d6705b43dc634598597792b897895328985e0840297a4,False,,,957120,509,1194352,129408,2a69224ca56e8d4969a625b44931a964e0b096058696c095f3b563a307409151,True,True
tv2_m16_branch_00__X__s9101,tv2_m16_branch_00,X,9101,96,WARM_JOINT,BUDGET_EXHAUSTED,-0.16116242720025517,-0.16116242720025592,0.17295739185323358,0.5217214224526848,0.3315129193663102,128,127,382,384,36672,149.46535730361938,115,128,192,2.4029341142380636,0,6204,6110,18424,1157885,4756.4115834236145,1194557,18806,4905.876940727234,6332,fits/tv2_m16_branch_00__X__s9101/p095/WARM_JOINT/WINNER.json,231be15dbed4ef52636eeb9fca8ce4da7139b78a7cf0a806302c49307fb51fd1,9bfe62dec1a5a24e02888ff3a11c038371bcfd88c1c5f6eb5153950807191990,False,,,957120,509,1194352,129408,7421a8bf280ff3033708b36c738665ad13e6f902b9b5d8112c32931940974efd,True,False
tv2_m16_branch_00__X__s9101,tv2_m16_branch_00,X,9101,97,FROZEN_LAYERWISE,CONVERGED,0.3630398692205867,0.36303986922058706,4.210907963171246e-06,1.4001451448456416e-05,0.3007479602149016,4,3,10,388,970,3.854334592819214,2,4,2,0.0,0,545,450,1445,55292,228.1535050868988,56262,1455,232.00783967971802,549,fits/tv2_m16_branch_00__X__s9101/p096/FROZEN_LAYERWISE/WINNER.json,27397543fe20e6676e8d6705b43dc634598597792b897895328985e0840297a4,63ffe916ac28073e8d31a3b5119ca3d0c8a3b07a2fb9bd00c27be87b30d432db,False,,,967090,509,1206793,130756,5b25a38ee41364c0f8bd643ddcf223c60cc090ac4229dec3905df6f018128b74,True,True
tv2_m16_branch_00__X__s9101,tv2_m16_branch_00,X,9101,97,WARM_JOINT,BUDGET_EXHAUSTED,-0.1649548655579008,-0.16495486555790162,0.171313384496753,0.5259943502261788,0.32569434333864583,130,129,388,388,37636,153.60187411308289,119,130,194,1.222984053267878,0,6332,6237,18806,1194557,4905.876940727234,1232193,19194,5059.478814840317,6462,fits/tv2_m16_branch_00__X__s9101/p096/WARM_JOINT/WINNER.json,9bfe62dec1a5a24e02888ff3a11c038371bcfd88c1c5f6eb5153950807191990,8cc6684b5ced0b8bf76880e4aac4061ec92df8efa4cc96f39ccf8606497a663a,False,,,967090,509,1206793,130756,8010abd5016de0083d4a7f3c2639891809277fb60c1300e4bbf966de9f4867a6,True,False
tv2_m16_branch_00__X__s9101,tv2_m16_branch_00,X,9101,98,FROZEN_LAYERWISE,CONVERGED,0.3630398680546337,0.36303986805463345,4.2115390630339645e-06,1.4002735368790046e-05,0.30076545418553297,4,3,10,392,980,4.065094947814941,2,4,2,0.0,0,549,453,1455,56262,232.00783967971802,57242,1465,236.07293462753296,553,fits/tv2_m16_branch_00__X__s9101/p097/FROZEN_LAYERWISE/WINNER.json,63ffe916ac28073e8d31a3b5119ca3d0c8a3b07a2fb9bd00c27be87b30d432db,5adb9630c5c8c042189da026bdd8e07b118d54ce27e71a3275cbc7254170e1dd,False,,,977060,509,1219234,132104,f9d39841c0fdc1c4ded6f30c27fac7a0975472c0646bd4c4ab52c753049fa276,True,True
tv2_m16_branch_00__X__s9101,tv2_m16_branch_00,X,9101,98,WARM_JOINT,BUDGET_EXHAUSTED,-0.16645584536742875,-0.16645584536742783,0.1721949718890519,0.5273940114941013,0.32650156834588523,131,130,391,392,38318,154.3217589855194,118,131,196,1.0855422581136682,0,6462,6366,19194,1232193,5059.478814840317,1270511,19585,5213.800573825836,6593,fits/tv2_m16_branch_00__X__s9101/p097/WARM_JOINT/WINNER.json,8cc6684b5ced0b8bf76880e4aac4061ec92df8efa4cc96f39ccf8606497a663a,291e781abbde476eb4dc84483325b78d3205c337fa4acae8383fa36d7d137380,False,,,977060,509,1219234,132104,46aec39cfade1c4590fbca0e6c1f8ffc4e4a6aa3e54258a20419988cfe6ea7ef,True,False
tv2_m16_branch_00__X__s9101,tv2_m16_branch_00,X,9101,99,FROZEN_LAYERWISE,CONVERGED,0.3630398679550839,0.3630398679550844,4.211718155444106e-06,1.4003099297164518e-05,0.30077042703660145,4,3,10,396,990,3.9374403953552246,2,4,2,0.0,0,553,456,1465,57242,236.07293462753296,58232,1475,240.01037502288818,557,fits/tv2_m16_branch_00__X__s9101/p098/FROZEN_LAYERWISE/WINNER.json,5adb9630c5c8c042189da026bdd8e07b118d54ce27e71a3275cbc7254170e1dd,d09b3f86b45a901002e2cdd8f142c5998cfa0a3b49a754226bfcf4dfe9c51db6,False,,,987030,509,1231675,133452,4cd9dbe1b4c8fca2389c95e1e48269768f8d2a037b478862e527d68febcb1f07,True,True
tv2_m16_branch_00__X__s9101,tv2_m16_branch_00,X,9101,99,WARM_JOINT,BUDGET_EXHAUSTED,-0.16743999249967972,-0.16743999249967972,0.17290027487646487,0.5284650488680087,0.3271744749190576,132,131,394,396,39006,153.2044062614441,120,132,198,0.7217415386473904,0,6593,6496,19585,1270511,5213.800573825836,1309517,19979,5367.00498008728,6725,fits/tv2_m16_branch_00__X__s9101/p098/WARM_JOINT/WINNER.json,291e781abbde476eb4dc84483325b78d3205c337fa4acae8383fa36d7d137380,0edf433d2e8e012bd4c5826c9c1129b015912f608fb9d366f1c8d067bea28f77,False,,,987030,509,1231675,133452,898abbb4346ed56b7eb1608e401f8a31adb3fb007b8e53a4aba4bd07f15e3bcd,True,False
tv2_m16_branch_00__X__s9101,tv2_m16_branch_00,X,9101,100,FROZEN_LAYERWISE,CONVERGED,0.36303986773612684,0.3630398677361272,4.211969605417957e-06,1.4003609449828153e-05,0.3007774260278049,4,3,10,400,1000,4.110243320465088,2,4,2,0.0,0,557,459,1475,58232,240.01037502288818,59232,1485,244.12061834335327,561,fits/tv2_m16_branch_00__X__s9101/p099/FROZEN_LAYERWISE/WINNER.json,d09b3f86b45a901002e2cdd8f142c5998cfa0a3b49a754226bfcf4dfe9c51db6,f78616e373c1008a9143eccbe2e4de63a0ce55570bba6a43cbda282923ce04c8,False,,,997000,509,1244116,134800,680120e8ddd3f8078bb1b0eba3664cee2647ca58214e8eb2822a3efb67387b99,True,True
tv2_m16_branch_00__X__s9101,tv2_m16_branch_00,X,9101,100,WARM_JOINT,BUDGET_EXHAUSTED,-0.1688461756449875,-0.1688461756449882,0.1737618834465537,0.5299579363722366,0.32787863247415405,134,133,400,400,40000,158.40507459640503,119,134,200,0.8585451229415475,0,6725,6627,19979,1309517,5367.00498008728,1349517,20379,5525.410054683685,6859,fits/tv2_m16_branch_00__X__s9101/p099/WARM_JOINT/WINNER.json,0edf433d2e8e012bd4c5826c9c1129b015912f608fb9d366f1c8d067bea28f77,04525e466ae345d5cb84c4bca02f6c0a455296d1eb4c553c631ea8c37510750e,False,,,997000,509,1244116,134800,adadb4678687c488ff8f3844f3d0aff08b54f6c6e2e760982dc8cdeb3192da2a,True,False
tv2_m16_branch_00__X__s9101,tv2_m16_branch_00,X,9101,101,FROZEN_LAYERWISE,CONVERGED,0.3630398676103705,0.36303986761037055,4.211771377398866e-06,1.4003206854108501e-05,0.30077191755281,4,3,10,404,1010,3.8964576721191406,2,4,2,0.0,0,561,462,1485,59232,244.12061834335327,60242,1495,248.0170760154724,565,fits/tv2_m16_branch_00__X__s9101/p100/FROZEN_LAYERWISE/WINNER.json,f78616e373c1008a9143eccbe2e4de63a0ce55570bba6a43cbda282923ce04c8,fca1e75185663b05ba5a29eb4ef53efbbaabc90a1f6f0e1b03506007bbbfe742,False,,,1006970,509,1256557,136148,42ccd9407ec39c760affc6348761a232cd7dcca5ff9bc44e3eb1cc6131fc9414,True,True
tv2_m16_branch_00__X__s9101,tv2_m16_branch_00,X,9101,101,WARM_JOINT,BUDGET_EXHAUSTED,-0.17010566882803557,-0.1701056688280358,0.17475717087291237,0.5312362665640686,0.3289631786685184,135,134,403,404,40703,160.4218292236328,120,135,202,0.836231371223913,0,6859,6760,20379,1349517,5525.410054683685,1390220,20782,5685.831883907318,6994,fits/tv2_m16_branch_00__X__s9101/p100/WARM_JOINT/WINNER.json,04525e466ae345d5cb84c4bca02f6c0a455296d1eb4c553c631ea8c37510750e,26cf98e93701f414d23b5506be4098fe07568c0d148ece79c623cef196e175b3,False,,,1006970,509,1256557,136148,e2a2c79c6b5431ded70ddac1edc4075a505b2c1ab958edba3a53cc9566170693,True,False
tv2_m16_branch_00__X__s9101,tv2_m16_branch_00,X,9101,102,FROZEN_LAYERWISE,CONVERGED,0.3630398667365357,0.36303986673653577,4.211197105959177e-06,1.4002037403004174e-05,0.300756024623649,4,3,10,408,1020,4.229352712631226,2,4,2,0.0,0,565,465,1495,60242,248.0170760154724,61262,1505,252.24642872810364,569,fits/tv2_m16_branch_00__X__s9101/p101/FROZEN_LAYERWISE/WINNER.json,fca1e75185663b05ba5a29eb4ef53efbbaabc90a1f6f0e1b03506007bbbfe742,a4641feb357eb9e247250fa11b06f18ed8e5717efcc1418caaab6295cec1aac9,False,,,1016940,509,1268998,137496,f9769e33ae8786de07426e6fc90ff23e65ca14a0dbc0d61195f073f8635d8302,True,True
tv2_m16_branch_00__X__s9101,tv2_m16_branch_00,X,9101,102,WARM_JOINT,BUDGET_EXHAUSTED,-0.17087290257579918,-0.1708729025758008,0.17543360585787585,0.5320825192380577,0.329711275065185,136,135,406,408,41412,166.0072569847107,126,136,204,0.7203885904932965,0,6994,6894,20782,1390220,5685.831883907318,1431632,21188,5851.839140892029,7130,fits/tv2_m16_branch_00__X__s9101/p101/WARM_JOINT/WINNER.json,26cf98e93701f414d23b5506be4098fe07568c0d148ece79c623cef196e175b3,2de623fe341ebe7f9523c603a1fb3f3684efe6751c2383db7c6806d7bfb7f82c,False,,,1016940,509,1268998,137496,0f1037add1362964e236639afd4c6db91f4c93f427669226fdb00ce6faf005e2,True,False
tv2_m16_branch_00__X__s9101,tv2_m16_branch_00,X,9101,103,FROZEN_LAYERWISE,CONVERGED,0.3630398667354382,0.3630398667354381,4.211217425831633e-06,1.4002078787280328e-05,0.30075658691887647,4,3,10,412,1030,4.06526255607605,2,4,2,0.0,0,569,468,1505,61262,252.24642872810364,62292,1515,256.3116912841797,573,fits/tv2_m16_branch_00__X__s9101/p102/FROZEN_LAYERWISE/WINNER.json,a4641feb357eb9e247250fa11b06f18ed8e5717efcc1418caaab6295cec1aac9,2f92d1a5fea3a3da2396cc5e5fad5c6f270ea8b2062f6ac8cb9bd506e8542719,False,,,1026910,509,1281439,138844,2eac0bc8af8696ad5a67dc4cdef7f4bd60636fbdb38abd58587bc43d9bbd7a9b,True,True
tv2_m16_branch_00__X__s9101,tv2_m16_branch_00,X,9101,103,WARM_JOINT,BUDGET_EXHAUSTED,-0.1718993234465297,-0.17189932344652967,0.17594794322264815,0.5330903706220719,0.33005275075093105,138,137,412,412,42436,167.33979630470276,126,138,206,0.8221495256266019,0,7130,7029,21188,1431632,5851.839140892029,1474068,21600,6019.178937196732,7268,fits/tv2_m16_branch_00__X__s9101/p102/WARM_JOINT/WINNER.json,2de623fe341ebe7f9523c603a1fb3f3684efe6751c2383db7c6806d7bfb7f82c,a3407fae2612f9bf1ba808f78cc67386272f60b1094cdd8bd180e2eea7b4f9e3,False,,,1026910,509,1281439,138844,0622a2836230174f99e15311352d297df2c324fa695505aa69a0bfb0eabd08d5,True,False
tv2_m16_branch_00__X__s9101,tv2_m16_branch_00,X,9101,104,FROZEN_LAYERWISE,CONVERGED,0.363039866070515,0.3630398660705147,4.210681520117524e-06,1.4000985385506557e-05,0.30074179810774665,4,3,10,416,1040,4.147834062576294,2,4,2,0.0,0,573,471,1515,62292,256.3116912841797,63332,1525,260.459525346756,577,fits/tv2_m16_branch_00__X__s9101/p103/FROZEN_LAYERWISE/WINNER.json,2f92d1a5fea3a3da2396cc5e5fad5c6f270ea8b2062f6ac8cb9bd506e8542719,01b4452a0f7a98e0de7bda5e1cdaa7543a191f7b940dbe2d391651135fff62f3,False,,,1036880,509,1293880,140192,eb1487e206f8a96c5addf5d4efdd4d93c732fde53bb3ddf039bb880d9839571c,True,True
tv2_m16_branch_00__X__s9101,tv2_m16_branch_00,X,9101,104,WARM_JOINT,BUDGET_EXHAUSTED,-0.17274274472487403,-0.17274274472487505,0.1770924546617452,0.5339866408301965,0.33164210697559227,139,138,415,416,43160,171.10267448425293,123,139,208,0.6971589813349302,0,7268,7166,21600,1474068,6019.178937196732,1517228,22015,6190.2816116809845,7407,fits/tv2_m16_branch_00__X__s9101/p103/WARM_JOINT/WINNER.json,a3407fae2612f9bf1ba808f78cc67386272f60b1094cdd8bd180e2eea7b4f9e3,ef78c34d9019ae023a060b739116dd517916ab6b536c9c131d3b113ff6a14c57,False,,,1036880,509,1293880,140192,0a32df6f6585d04860adaa8f091f5f8f251eff861b32de46f035b734527519f4,True,False
tv2_m16_branch_00__X__s9101,tv2_m16_branch_00,X,9101,105,FROZEN_LAYERWISE,CONVERGED,0.3630398660637201,0.3630398660637203,4.210627025621979e-06,1.4000874166889972e-05,0.30074029488669346,4,3,10,420,1050,4.08834981918335,2,4,2,0.0,0,577,474,1525,63332,260.459525346756,64382,1535,264.54787516593933,581,fits/tv2_m16_branch_00__X__s9101/p104/FROZEN_LAYERWISE/WINNER.json,01b4452a0f7a98e0de7bda5e1cdaa7543a191f7b940dbe2d391651135fff62f3,ef235cd6797edea61283fdb829556d93d368c6073632298318ba8eeac59194d3,False,,,1046850,509,1306321,141540,47edfd221fc59a65d7b2388636680e67a0785e7aa5ea00281089ce5a293e216d,True,True
tv2_m16_branch_00__X__s9101,tv2_m16_branch_00,X,9101,105,WARM_JOINT,BUDGET_EXHAUSTED,-0.1734299488659038,-0.17342994886590388,0.17715494377994054,0.5347080527761878,0.3313115313303353,140,139,418,420,43890,171.7012848854065,125,140,210,0.7356488084429652,0,7407,7304,22015,1517228,6190.2816116809845,1561118,22433,6361.982896566391,7547,fits/tv2_m16_branch_00__X__s9101/p104/WARM_JOINT/WINNER.json,ef78c34d9019ae023a060b739116dd517916ab6b536c9c131d3b113ff6a14c57,2927de10cdc80abc0694c02a580d64a245cd71021a00ff8a95b7ec5345303385,False,,,1046850,509,1306321,141540,89da84bf4c7f59e0bebbdbb784b5f59bc054b1ad0e76b0a9a1cb47105049100b,True,False
tv2_m16_branch_00__X__s9101,tv2_m16_branch_00,X,9101,106,FROZEN_LAYERWISE,CONVERGED,0.36303986150902645,0.36303986150902573,4.208989939298317e-06,1.3997522090142059e-05,0.3006953596638761,4,3,10,424,1060,4.124861478805542,2,4,2,0.0,0,581,477,1535,64382,264.54787516593933,65442,1545,268.6727366447449,585,fits/tv2_m16_branch_00__X__s9101/p105/FROZEN_LAYERWISE/WINNER.json,ef235cd6797edea61283fdb829556d93d368c6073632298318ba8eeac59194d3,6b72ee07b1d5478331cec9f490f1912f17c0bcd4711998b2e43624a924a4cb46,False,,,1056820,509,1318762,142888,db2b9e9c494bd7c11068838971abbb3d8416d907fa4c9f37ef18b5d08db4dd9f,True,True
tv2_m16_branch_00__X__s9101,tv2_m16_branch_00,X,9101,106,WARM_JOINT,BUDGET_EXHAUSTED,-0.17524773187103693,-0.17524773187103782,0.1796073461605773,0.5365539550270761,0.33474237675037505,142,141,424,424,44944,179.7266538143158,132,142,212,1.4612297646678698,0,7547,7443,22433,1561118,6361.982896566391,1606062,22857,6541.709550380707,7689,fits/tv2_m16_branch_00__X__s9101/p105/WARM_JOINT/WINNER.json,2927de10cdc80abc0694c02a580d64a245cd71021a00ff8a95b7ec5345303385,95e994905d66ad3a08789c6169bd97a088341c4436581ddd7d7315f2d77471d5,False,,,1056820,509,1318762,142888,fddfe939679928c0b5dfd4bb2831d74d9a8214e073a20f931bf6eb07333540f6,True,False
tv2_m16_branch_00__X__s9101,tv2_m16_branch_00,X,9101,107,FROZEN_LAYERWISE,CONVERGED,0.36303986114825904,0.3630398611482592,4.208516299149479e-06,1.399655138838708e-05,0.30068237399115894,4,3,10,428,1070,4.234914064407349,2,4,2,0.0,0,585,480,1545,65442,268.6727366447449,66512,1555,272.9076507091522,589,fits/tv2_m16_branch_00__X__s9101/p106/FROZEN_LAYERWISE/WINNER.json,6b72ee07b1d5478331cec9f490f1912f17c0bcd4711998b2e43624a924a4cb46,b835ec52b565e3cb56c6935b4f25c8b4dbe062ee566c1bf3539a9a6c8097eeaa,False,,,1066790,509,1331203,144236,5a1616529869a27f31406248715460aa0d79074da881f5a60068d564fc12c3bc,True,True
tv2_m16_branch_00__X__s9101,tv2_m16_branch_00,X,9101,107,WARM_JOINT,BUDGET_EXHAUSTED,-0.17612087036833968,-0.17612087036833937,0.17905147795676046,0.5374087818429758,0.3331755713829721,143,142,427,428,45689,182.51403975486755,126,143,214,0.7257648824892986,0,7689,7584,22857,1606062,6541.709550380707,1651751,23284,6724.223590135574,7832,fits/tv2_m16_branch_00__X__s9101/p106/WARM_JOINT/WINNER.json,95e994905d66ad3a08789c6169bd97a088341c4436581ddd7d7315f2d77471d5,238612b6abfaa357c41c445c61540c11493c2a5612395aca7f6694a3fc76a0c4,False,,,1066790,509,1331203,144236,54926c44e1b0e73088df7c9717d6c45eb57cd575d1d56742c8c25c472769619b,True,False
tv2_m16_branch_00__X__s9101,tv2_m16_branch_00,X,9101,108,FROZEN_LAYERWISE,CONVERGED,0.36303986079267075,0.3630398607926708,4.208032653430655e-06,1.3995559567529984e-05,0.3006691253126732,4,3,10,432,1080,4.335652828216553,2,4,2,0.0,0,589,483,1555,66512,272.9076507091522,67592,1565,277.2433035373688,593,fits/tv2_m16_branch_00__X__s9101/p107/FROZEN_LAYERWISE/WINNER.json,b835ec52b565e3cb56c6935b4f25c8b4dbe062ee566c1bf3539a9a6c8097eeaa,af1b7a1b159534289f0632f0f79249e8e379cbe1eef12cdcabcf983d33e33c94,False,,,1076760,509,1343644,145584,21e363cec8dcdcdc651996aa52833c386b0df07383f8ddf1683f6a7cc7c2d051,True,True
tv2_m16_branch_00__X__s9101,tv2_m16_branch_00,X,9101,108,WARM_JOINT,BUDGET_EXHAUSTED,-0.17661171312428747,-0.17661171312428728,0.18003928752134052,0.5379705787365515,0.3346638173860195,144,143,430,432,46440,186.15830326080322,130,144,216,0.7465093760879833,0,7832,7726,23284,1651751,6724.223590135574,1698191,23714,6910.381893396378,7976,fits/tv2_m16_branch_00__X__s9101/p107/WARM_JOINT/WINNER.json,238612b6abfaa357c41c445c61540c11493c2a5612395aca7f6694a3fc76a0c4,42131ca22389c7300e223fd428c6674be9c74f94355765bdc0cf3fb4d1f391db,False,,,1076760,509,1343644,145584,42a637fcebf08c7be08ad126c9876c384baefdbb1d92332e4cc4c2fdbc32ab41,True,False
tv2_m16_branch_00__X__s9101,tv2_m16_branch_00,X,9101,109,FROZEN_LAYERWISE,CONVERGED,0.3630398607210738,0.36303986072107464,4.207811100952532e-06,1.3995105098576549e-05,0.30066305835606133,4,3,10,436,1090,4.257448196411133,2,4,2,0.0,0,593,486,1565,67592,277.2433035373688,68682,1575,281.5007517337799,597,fits/tv2_m16_branch_00__X__s9101/p108/FROZEN_LAYERWISE/WINNER.json,af1b7a1b159534289f0632f0f79249e8e379cbe1eef12cdcabcf983d33e33c94,9fd3a2ef289c61edb05b68cd6a16469b560d0eca373ac34a7e288c9731d5c199,False,,,1086730,509,1356085,146932,ea4d709a04ec45fff2c6964a3d870858b2045c21e102e8f8a3c9d4c41cab2e08,True,True
tv2_m16_branch_00__X__s9101,tv2_m16_branch_00,X,9101,109,WARM_JOINT,BUDGET_EXHAUSTED,-0.1770163708708714,-0.1770163708708713,0.1803670848099158,0.5383411577997345,0.3350423466544857,146,145,436,436,47524,186.0674569606781,131,146,218,0.5590740274935357,0,7976,7869,23714,1698191,6910.381893396378,1745715,24150,7096.449350357056,8122,fits/tv2_m16_branch_00__X__s9101/p108/WARM_JOINT/WINNER.json,42131ca22389c7300e223fd428c6674be9c74f94355765bdc0cf3fb4d1f391db,1059cf0f8bf6a8471259d3d2a3a02d4414378ba876fa4ebc05e33feb6196eb5c,False,,,1086730,509,1356085,146932,919ab8cdb78fcfa57c0bc1a7edc6d2ad0b6fc70e56c524412390b46d866f10be,True,False
tv2_m16_branch_00__X__s9101,tv2_m16_branch_00,X,9101,110,FROZEN_LAYERWISE,CONVERGED,0.36303986066172933,0.36303986066172944,4.207606962477039e-06,1.3994686259822676e-05,0.30065746986816355,4,3,10,440,1100,4.369664907455444,2,4,2,0.0,0,597,489,1575,68682,281.5007517337799,69782,1585,285.87041664123535,601,fits/tv2_m16_branch_00__X__s9101/p109/FROZEN_LAYERWISE/WINNER.json,9fd3a2ef289c61edb05b68cd6a16469b560d0eca373ac34a7e288c9731d5c199,0dfbb4ccf1ea657529652bc04dec626c99d022deeda2744900a078f2a30391ad,False,,,1096700,509,1368526,148280,6e2873d8280381d92531e9d0ea1da9166a314140322badaee8eb62e577f5a231,True,True
tv2_m16_branch_00__X__s9101,tv2_m16_branch_00,X,9101,110,WARM_JOINT,BUDGET_EXHAUSTED,-0.177412038813476,-0.17741203881347584,0.180699568484576,0.5387284797949284,0.33541862972115527,147,146,439,440,48290,191.8417055606842,132,147,220,0.7213439411587999,0,8122,8014,24150,1745715,7096.449350357056,1794005,24589,7288.29105591774,8269,fits/tv2_m16_branch_00__X__s9101/p109/WARM_JOINT/WINNER.json,1059cf0f8bf6a8471259d3d2a3a02d4414378ba876fa4ebc05e33feb6196eb5c,4e3155f51ac8068c15ba90c68df077fcf5d7cf75226300c019372ad253f3b7b0,False,,,1096700,509,1368526,148280,18a7ff1cedad30e4dc3ee5b9682939ba1d3af6680fad403cf5eb9d1e2fa3701f,True,False
tv2_m16_branch_00__X__s9101,tv2_m16_branch_00,X,9101,111,FROZEN_LAYERWISE,CONVERGED,0.3630398606127606,0.36303986061276117,4.2074196179364865e-06,1.3994301805985533e-05,0.30065234237959065,4,3,10,444,1110,4.315735340118408,2,4,2,0.0,0,601,492,1585,69782,285.87041664123535,70892,1595,290.18615198135376,605,fits/tv2_m16_branch_00__X__s9101/p110/FROZEN_LAYERWISE/WINNER.json,0dfbb4ccf1ea657529652bc04dec626c99d022deeda2744900a078f2a30391ad,551f01332307cfdb09fbacfe0e676423e546e95a28d6b469a0da3442ca28778c,False,,,1106670,509,1380967,149628,07513b7958c5e6a4d80ddddd6a7795765007e9ae306a3b139a588db07dd3aec2,True,True
tv2_m16_branch_00__X__s9101,tv2_m16_branch_00,X,9101,111,WARM_JOINT,BUDGET_EXHAUSTED,-0.17771943589556205,-0.1777194358955623,0.18098975779861007,0.5390780284196253,0.3357394444904464,148,147,442,444,49062,193.1975769996643,134,148,222,0.5617717245686557,0,8269,8160,24589,1794005,7288.29105591774,1843067,25031,7481.488632917404,8417,fits/tv2_m16_branch_00__X__s9101/p110/WARM_JOINT/WINNER.json,4e3155f51ac8068c15ba90c68df077fcf5d7cf75226300c019372ad253f3b7b0,ae17fa1de46ff556341e990de0366a9fe9e02de62609169dad32d5ac04074f22,False,,,1106670,509,1380967,149628,357d7443023a29e55a11e0c75dec02afee6b12ffe727866e97d670bfe50208a1,True,False
tv2_m16_branch_00__X__s9101,tv2_m16_branch_00,X,9101,112,FROZEN_LAYERWISE,CONVERGED,0.36303985993586474,0.36303985993586474,4.2080901370651035e-06,1.3995676925783667e-05,0.30067071134749546,4,3,10,448,1120,4.471894264221191,2,4,2,0.0,0,605,495,1595,70892,290.18615198135376,72012,1605,294.65804624557495,609,fits/tv2_m16_branch_00__X__s9101/p111/FROZEN_LAYERWISE/WINNER.json,551f01332307cfdb09fbacfe0e676423e546e95a28d6b469a0da3442ca28778c,2f38bf89a7721110f256ecd7220b5642610187b2e2ef25532f3e5535f4fb60d3,False,,,1116640,509,1393408,150976,3be5d06ad253aa80ab12c3e02eb4b770998d8b7c3e527a1cefc204bac5faa91a,True,True
tv2_m16_branch_00__X__s9101,tv2_m16_branch_00,X,9101,112,WARM_JOINT,BUDGET_EXHAUSTED,-0.1779848508670333,-0.17798485086703342,0.18114306220798368,0.5393645670419186,0.33584531368354703,150,149,448,448,50176,203.6195638179779,139,150,224,0.6757652935105927,0,8417,8307,25031,1843067,7481.488632917404,1893243,25479,7685.108196735382,8567,fits/tv2_m16_branch_00__X__s9101/p111/WARM_JOINT/WINNER.json,ae17fa1de46ff556341e990de0366a9fe9e02de62609169dad32d5ac04074f22,a2e5f3bf0e212b359aaebc3190e29498caf4c78556a311cff86d1205d3e75f35,False,,,1116640,509,1393408,150976,a6a4c58171491300b3ed2f80af1a47b3b7e9311899d6ac1ae93ceefb10440412,True,False
tv2_m16_branch_00__X__s9101,tv2_m16_branch_00,X,9101,113,FROZEN_LAYERWISE,CONVERGED,0.36303985700775815,0.36303985700775865,4.206585258035136e-06,1.3992587079850263e-05,0.30062955720981305,4,3,10,452,1130,4.501275300979614,2,4,2,0.0,0,609,498,1605,72012,294.65804624557495,73142,1615,299.15932154655457,613,fits/tv2_m16_branch_00__X__s9101/p112/FROZEN_LAYERWISE/WINNER.json,2f38bf89a7721110f256ecd7220b5642610187b2e2ef25532f3e5535f4fb60d3,74c13e2c2db3c198d1c01bff8379ba47d8c30ab85a9e29d95d6b6e1336e181c0,False,,,1126610,509,1405849,152324,4ce88a82d30fe473102a020de24130cad789a6e4ee16e913947d81e214f13170,True,True
tv2_m16_branch_00__X__s9101,tv2_m16_branch_00,X,9101,113,WARM_JOINT,BUDGET_EXHAUSTED,-0.17896997030762524,-0.17896997030762501,0.18207095711778656,0.5401510608162858,0.33707414522640705,151,150,451,452,50963,200.6574363708496,139,151,226,0.583858635630808,0,8567,8456,25479,1893243,7685.108196735382,1944206,25930,7885.765633106232,8718,fits/tv2_m16_branch_00__X__s9101/p112/WARM_JOINT/WINNER.json,a2e5f3bf0e212b359aaebc3190e29498caf4c78556a311cff86d1205d3e75f35,87d674c0e5c2a7e6779577ed23f5e386b27f371e959989008ef7670a523057e4,False,,,1126610,509,1405849,152324,a8c03bcf6cbfec7a31082840489c89a151039f1751d4cc976cf5ab80058f9080,True,False
tv2_m16_branch_00__X__s9101,tv2_m16_branch_00,X,9101,114,FROZEN_LAYERWISE,CONVERGED,0.3630398569461505,0.3630398569461499,4.206364348421799e-06,1.3992133380474862e-05,0.3006235170893607,4,3,10,456,1140,4.5454137325286865,2,4,2,0.0,0,613,501,1615,73142,299.15932154655457,74282,1625,303.70473527908325,617,fits/tv2_m16_branch_00__X__s9101/p113/FROZEN_LAYERWISE/WINNER.json,74c13e2c2db3c198d1c01bff8379ba47d8c30ab85a9e29d95d6b6e1336e181c0,b51bc8f0b2122ff9376f4b05df52345f45ea9c641f288f82a310a27e3f96f34d,False,,,1136580,509,1418290,153672,2a999259e3c2aca6649d5ca73108679649a1958f628b64c89ebef838d170e0b2,True,True
tv2_m16_branch_00__X__s9101,tv2_m16_branch_00,X,9101,114,WARM_JOINT,BUDGET_EXHAUSTED,-0.17922256772748005,-0.17922256772747905,0.18255954481446557,0.5403207579479551,0.33787253613537854,152,151,454,456,51756,206.6837363243103,141,152,228,0.5723247167432417,0,8718,8606,25930,1944206,7885.765633106232,1995962,26384,8092.449369430542,8870,fits/tv2_m16_branch_00__X__s9101/p113/WARM_JOINT/WINNER.json,87d674c0e5c2a7e6779577ed23f5e386b27f371e959989008ef7670a523057e4,c36ed06e226a3fe23ace8987b69ed56eb200b41e9b9a3f31a81e3c84850d163b,False,,,1136580,509,1418290,153672,747e9b2b456e21c6846d48931c5347ad3b8be6c229fca152407b58879e9fcd12,True,False
tv2_m16_branch_00__X__s9101,tv2_m16_branch_00,X,9101,115,FROZEN_LAYERWISE,CONVERGED,0.3630398566804612,0.363039856680461,4.205885516378914e-06,1.3991149690785565e-05,0.3006104294023006,4,3,10,460,1150,4.551004409790039,2,4,2,0.0,0,617,504,1625,74282,303.70473527908325,75432,1635,308.2557396888733,621,fits/tv2_m16_branch_00__X__s9101/p114/FROZEN_LAYERWISE/WINNER.json,b51bc8f0b2122ff9376f4b05df52345f45ea9c641f288f82a310a27e3f96f34d,075bc5bdae2d9cf5a2424b3f71e6292837b26a73e39e57da4d7fcb4329b3e315,False,,,1146550,509,1430731,155020,03ac67affe80c1e7b5396eaecc9ffbeca1e2e5b56f7d9f8e597c2003786d129b,True,True
tv2_m16_branch_00__X__s9101,tv2_m16_branch_00,X,9101,115,WARM_JOINT,BUDGET_EXHAUSTED,-0.18334435261037124,-0.18334435261037127,0.1870924723963138,0.5427879748767585,0.34468794641000233,154,153,460,460,52900,207.19995713233948,135,154,230,1.6685697834017084,0,8870,8757,26384,1995962,8092.449369430542,2048862,26844,8299.649326562881,9024,fits/tv2_m16_branch_00__X__s9101/p114/WARM_JOINT/WINNER.json,c36ed06e226a3fe23ace8987b69ed56eb200b41e9b9a3f31a81e3c84850d163b,c923123f204e1598ebcf64c67de2e646241712f5669fe9c7a9d9e85a38127395,False,,,1146550,509,1430731,155020,3ec2f7cf47b42cbe0c59c877234a31e0932fc5cda9bc525b5a94d58f90b5a0f7,True,False
tv2_m16_branch_00__X__s9101,tv2_m16_branch_00,X,9101,116,FROZEN_LAYERWISE,CONVERGED,0.3630398562626761,0.36303985626267615,4.205288070246439e-06,1.3989921937445331e-05,0.3005941054603452,4,3,10,464,1160,4.650148391723633,2,4,2,0.0,0,621,507,1635,75432,308.2557396888733,76592,1645,312.9058880805969,625,fits/tv2_m16_branch_00__X__s9101/p115/FROZEN_LAYERWISE/WINNER.json,075bc5bdae2d9cf5a2424b3f71e6292837b26a73e39e57da4d7fcb4329b3e315,a22aa01f15c777250e6395a36e27de8f42d6d86887616bfe7b2a54b90a2d3761,False,,,1156520,509,1443172,156368,ae9aab308966820791bc0810c70b7c17150712ce8f1a78803a18de0e0e9286fd,True,True
tv2_m16_branch_00__X__s9101,tv2_m16_branch_00,X,9101,116,WARM_JOINT,BUDGET_EXHAUSTED,-0.2012490416249773,-0.2012490416249796,0.1988275167123136,0.5546457252064962,0.35847660529302655,155,154,463,464,53708,212.33590030670166,141,155,232,2.0781296615367006,0,9024,8910,26844,2048862,8299.649326562881,2102570,27307,8511.985226869583,9179,fits/tv2_m16_branch_00__X__s9101/p115/WARM_JOINT/WINNER.json,c923123f204e1598ebcf64c67de2e646241712f5669fe9c7a9d9e85a38127395,2b0afb82837cb4dc52e4db9ab2b4d9c625b36b6cc8c860dfbadfa2561490e9f3,False,,,1156520,509,1443172,156368,1afcc8db94c858a30b7a4fa3266e34a31f6ddbb38edd254ecfbba20facae2d87,True,False
tv2_m16_branch_00__X__s9101,tv2_m16_branch_00,X,9101,117,FROZEN_LAYERWISE,CONVERGED,0.3630398562465985,0.36303985624659885,4.205170415628025e-06,1.3989680135952177e-05,0.30059089091116015,4,3,10,468,1170,4.5666162967681885,2,4,2,0.0,0,625,510,1645,76592,312.9058880805969,77762,1655,317.4725043773651,629,fits/tv2_m16_branch_00__X__s9101/p116/FROZEN_LAYERWISE/WINNER.json,a22aa01f15c777250e6395a36e27de8f42d6d86887616bfe7b2a54b90a2d3761,1522d3c7fc7836742be4a3932e104866f2cda7aae9ccea5947668c9abc0aa533,False,,,1166490,509,1455613,157716,3802b00d9c4f71c0ab762bc47e55f479b0fa373c83db50794b6f954a5f1c9d5a,True,True
tv2_m16_branch_00__X__s9101,tv2_m16_branch_00,X,9101,117,WARM_JOINT,BUDGET_EXHAUSTED,-0.21293979486110257,-0.2129397948611031,0.20497471134281317,0.5626092039577382,0.3643287559124439,156,155,466,468,54522,217.51920580863953,139,156,234,1.5990423444326307,0,9179,9064,27307,2102570,8511.985226869583,2157092,27773,8729.504432678223,9335,fits/tv2_m16_branch_00__X__s9101/p116/WARM_JOINT/WINNER.json,2b0afb82837cb4dc52e4db9ab2b4d9c625b36b6cc8c860dfbadfa2561490e9f3,b1670be33b0c6463262f036ea4d77ea2c47494fc88923df39c82bdea8c453dad,False,,,1166490,509,1455613,157716,3756f166c6683740d116b113d5a1e46e5f8fd781dc0e2f9e999400db4f1c36c4,True,False
tv2_m16_branch_00__X__s9101,tv2_m16_branch_00,X,9101,118,FROZEN_LAYERWISE,CONVERGED,0.3630398537069296,0.3630398537069296,4.206569608023027e-06,1.3992553652642574e-05,0.3006291569393834,4,3,10,472,1180,4.799160718917847,2,4,2,0.0,0,629,513,1655,77762,317.4725043773651,78942,1665,322.27166509628296,633,fits/tv2_m16_branch_00__X__s9101/p117/FROZEN_LAYERWISE/WINNER.json,1522d3c7fc7836742be4a3932e104866f2cda7aae9ccea5947668c9abc0aa533,52473808a94154df543fe61d285d2300d2bc11fe798ae32f7f6d2454085bb454,False,,,1176460,509,1468054,159064,ae3b6395057fc951b7c22f2427f3e190365068de66f505d0f66826dbbf9bae9f,True,True
tv2_m16_branch_00__X__s9101,tv2_m16_branch_00,X,9101,118,WARM_JOINT,BUDGET_EXHAUSTED,-0.21817104184424946,-0.21817104184424635,0.20940651221455892,0.568004987277097,0.3686701999192157,158,157,472,472,55696,228.73814988136292,142,158,236,1.437763091369003,0,9335,9219,27773,2157092,8729.504432678223,2212788,28245,8958.242582559586,9493,fits/tv2_m16_branch_00__X__s9101/p117/WARM_JOINT/WINNER.json,b1670be33b0c6463262f036ea4d77ea2c47494fc88923df39c82bdea8c453dad,3e6e8026902bf27b89dabab4b28493840fd1a8858c12c5e6cde8b5e4128e814d,False,,,1176460,509,1468054,159064,0fc949180cf3a8aff3b6011ea44b47dbfbde989e5488cc1e92a7caf085990805,True,False
tv2_m16_branch_00__X__s9101,tv2_m16_branch_00,X,9101,119,FROZEN_LAYERWISE,CONVERGED,0.3630194774275972,0.3630194774275976,4.210187434055049e-06,1.3984136447042069e-05,0.3010688182283569,15,14,43,476,5117,20.278550386428833,9,15,2,0.0,0,633,516,1665,78942,322.27166509628296,84059,1708,342.5502154827118,648,fits/tv2_m16_branch_00__X__s9101/p118/FROZEN_LAYERWISE/WINNER.json,52473808a94154df543fe61d285d2300d2bc11fe798ae32f7f6d2454085bb454,abf9da9db2df1b15d6c96c39e6343a52c1de02961cf17943b41efdc24adcbe3b,False,,,1186430,509,1480495,160412,7ad1707956b864bdceca2913d747e52f10e2369d93c0277b3c2a8336cbc3e28f,True,True
tv2_m16_branch_00__X__s9101,tv2_m16_branch_00,X,9101,119,WARM_JOINT,BUDGET_EXHAUSTED,-0.22380679959310076,-0.22380679959310032,0.21270360857328965,0.5727567015038268,0.37136817083906,159,158,475,476,56525,229.69418859481812,139,158,238,1.5701156438891544,0,9493,9376,28245,2212788,8958.242582559586,2269313,28720,9187.936771154404,9652,fits/tv2_m16_branch_00__X__s9101/p118/WARM_JOINT/WINNER.json,3e6e8026902bf27b89dabab4b28493840fd1a8858c12c5e6cde8b5e4128e814d,b43b3539f38f190d6588592e827d77543a478763ff37bfdc6572a721305c934f,False,,,1186430,509,1480495,160412,3209beefb74202b967b448bbbbf341b5864b2399c50f3af84234406d743ad582,True,False
tv2_m16_branch_00__X__s9101,tv2_m16_branch_00,X,9101,120,FROZEN_LAYERWISE,CONVERGED,0.36301947739802265,0.3630194773980224,4.21017961113189e-06,1.3984149793345114e-05,0.30106797147835634,4,3,10,480,1200,4.812617540359497,2,4,2,0.0,0,648,530,1708,84059,342.5502154827118,85259,1718,347.3628330230713,652,fits/tv2_m16_branch_00__X__s9101/p119/FROZEN_LAYERWISE/WINNER.json,abf9da9db2df1b15d6c96c39e6343a52c1de02961cf17943b41efdc24adcbe3b,670dd9abb3b8855f4075526bbb545f17d9cb594be0ad0c7167ea101f8f8c0bf3,True,4fed9f4cad13051e5f52b49f22a25dcd55818d2d50dd0a6f9cc7483b8bd94ae4,9.226641770805713e-16,1196400,509,1492936,161760,6c82546193a2d0ecd762a247a9340a5ccdedc982cc598b93691312c0f41b4fc3,True,True
tv2_m16_branch_00__X__s9101,tv2_m16_branch_00,X,9101,120,WARM_JOINT,BUDGET_EXHAUSTED,-0.22533236266864878,-0.2253323626686498,0.21405950805492283,0.5753664372704246,0.372040310641745,160,159,478,480,57360,233.54123759269714,148,160,240,0.7686117148990674,0,9652,9534,28720,2269313,9187.936771154404,2326673,29198,9421.4780087471,9812,fits/tv2_m16_branch_00__X__s9101/p119/WARM_JOINT/WINNER.json,b43b3539f38f190d6588592e827d77543a478763ff37bfdc6572a721305c934f,4ef01595f173bb3336d841ca2308b8f11e39877d8693402f011a88545b5ce9b8,True,7263dc5f809497ae850a3f22c03d497fe8839fd75e9270090114c8cd7ea85616,4.668624005762743e-15,1196400,509,1492936,161760,5183a8b62c89bb5e57d0bf105873e3c08bd41d829649517a33fdf20c75ce70d4,True,False
tv2_m16_branch_00__X__s9101,tv2_m16_branch_00,X,9101,120,RANDOM_JOINT,BUDGET_EXHAUSTED,0.01689261046280549,0.016892610462804658,0.06648406791780444,0.3594898524682363,0.18494004061958555,160,160,480,480,57600,233.93986868858337,144,160,240,4.04016985151627,0,0,0,0,0,0.0,57600,480,233.93986868858337,160,,,41ab643b5f087be3bd838c582f4b8c504aacdd06d9f40c3665449f39efc27e06,True,9ba600ae06d3c53f57e941fd66cf7e0017b61adfc5023e87ab698f1e1b5382ee,1.3092278833360677e-15,1196400,509,1492936,161760,b176c73bca2135ec5283af55aa3b07ac14efd81e0439ab4ba17bec599d8a79e2,False,False
tv2_m16_branch_00__MULTI__s9101,tv2_m16_branch_00,MULTI,9101,1,SHARED_P1,CONVERGED,0.5979048545421277,0.5979048545421273,4.568180833584336e-05,0.0001991559227533867,0.22937710164116387,5,5,15,64,15,0.09474420547485352,2,5,2,,0,0,0,0,0,0.0,15,15,0.09474420547485352,5,,,92125aa9fae9271e8f70094175e8cdc007c681162a60141abb1ec62e95f15165,True,b15ee895bb878d130149500350af53d548a6226fbbb11325769f3e154601db2b,1.8219758633752918e-17,10064,509,12647,1348,b46978fe5e7c7d59ef26514342a31138789c834c5a4bc034c8781cd614ce8389,False,False
tv2_m16_branch_00__MULTI__s9101,tv2_m16_branch_00,MULTI,9101,2,FROZEN_LAYERWISE,CONVERGED,0.5146804808468368,0.5146804808468368,4.1901038736881044e-05,0.00017827065525321262,0.2350417048580739,7,6,19,64,38,0.17256903648376465,4,7,2,0.0,0,5,5,15,15,0.09474420547485352,53,34,0.26731324195861816,12,fits/tv2_m16_branch_00__MULTI__s9101/p001/SHARED_P1/WINNER.json,92125aa9fae9271e8f70094175e8cdc007c681162a60141abb1ec62e95f15165,79e11c4e2ba402aab76e3c09713f0990e264e6ca7c184ae594f3a88508813673,False,,,20128,509,25278,2696,b96de51e4e75a9748b008abf7b7f1ed49d446ce90487621156d9078aeb81d1af,True,True
tv2_m16_branch_00__MULTI__s9101,tv2_m16_branch_00,MULTI,9101,2,WARM_JOINT,CONVERGED,0.5146804808468368,0.5146804808468368,4.1901038736881044e-05,0.00017827065525321262,0.2350417048580739,7,6,19,64,38,0.1366591453552246,4,7,4,0.0,0,5,5,15,15,0.09474420547485352,53,34,0.23140335083007812,12,fits/tv2_m16_branch_00__MULTI__s9101/p001/SHARED_P1/WINNER.json,92125aa9fae9271e8f70094175e8cdc007c681162a60141abb1ec62e95f15165,6bda5722614ef39f12ecbaeddf06af5507810fac8cff93c405efebad1203551a,False,,,20128,509,25278,2696,b96de51e4e75a9748b008abf7b7f1ed49d446ce90487621156d9078aeb81d1af,True,False
tv2_m16_branch_00__MULTI__s9101,tv2_m16_branch_00,MULTI,9101,3,FROZEN_LAYERWISE,CONVERGED,0.466879762900451,0.4668797629004512,1.8492874404200405e-05,0.00016014842199753524,0.11547334762052804,6,5,16,64,48,0.17024493217468262,4,6,2,0.0,0,12,11,34,53,0.26731324195861816,101,50,0.4375581741333008,18,fits/tv2_m16_branch_00__MULTI__s9101/p002/FROZEN_LAYERWISE/WINNER.json,79e11c4e2ba402aab76e3c09713f0990e264e6ca7c184ae594f3a88508813673,1a87b5381ed4886d475136d1f3a468a7f944db7b57ada61d335f939f2673def4,False,,,30192,509,37909,4044,5cb80eabe9c077cc886b4e85dac494dd27aa8f2d29751fe98c29052de060e470,True,True
tv2_m16_branch_00__MULTI__s9101,tv2_m16_branch_00,MULTI,9101,3,WARM_JOINT,CONVERGED,0.45768819236137537,0.4576881923613755,4.4055501233471386e-05,0.00015743069030410304,0.2798406152470716,15,14,43,64,129,0.4382169246673584,11,15,6,3.4108778573967853,0,12,11,34,53,0.23140335083007812,182,77,0.6696202754974365,27,fits/tv2_m16_branch_00__MULTI__s9101/p002/WARM_JOINT/WINNER.json,6bda5722614ef39f12ecbaeddf06af5507810fac8cff93c405efebad1203551a,6b419b441c0f9a53e67863a7621f6cde548b4a2a4a98b00b7b7ba8d676fe7008,False,,,30192,509,37909,4044,5cb80eabe9c077cc886b4e85dac494dd27aa8f2d29751fe98c29052de060e470,True,False
tv2_m16_branch_00__MULTI__s9101,tv2_m16_branch_00,MULTI,9101,4,FROZEN_LAYERWISE,CONVERGED,0.4539239433886244,0.4539239433886247,4.573253306892696e-06,6.036462142366031e-05,0.07576049015193823,13,12,37,64,148,0.5570516586303711,7,13,2,0.0,0,18,16,50,101,0.4375581741333008,249,87,0.9946098327636719,31,fits/tv2_m16_branch_00__MULTI__s9101/p003/FROZEN_LAYERWISE/WINNER.json,1a87b5381ed4886d475136d1f3a468a7f944db7b57ada61d335f939f2673def4,c50e50fb2a23c37ef1d6f7a0f6fffe6a35aa2d5526ba01e46dbe5fb01d7378a5,True,772f6fea2d5b9850e8a3088cd21ed77e524b68934347f8b3b213d5dec48980b0,2.0700710437715898e-16,40256,509,50540,5392,4667d71c8066fff2636c7f9f2b381ffd0239f1b0704acc98471cb043ef86ea59,True,True
tv2_m16_branch_00__MULTI__s9101,tv2_m16_branch_00,MULTI,9101,4,WARM_JOINT,BUDGET_EXHAUSTED,0.43240031174855853,0.43240031174855864,5.513595395086072e-06,3.7283464046754306e-05,0.14788313092828226,22,21,64,64,256,0.9486343860626221,15,22,8,4.589122142603215,0,27,25,77,182,0.6696202754974365,438,141,1.6182546615600586,49,fits/tv2_m16_branch_00__MULTI__s9101/p003/WARM_JOINT/WINNER.json,6b419b441c0f9a53e67863a7621f6cde548b4a2a4a98b00b7b7ba8d676fe7008,1204b53d7f90926e020bbd8ec279674a0fb463ca3c650a45cb249219177d4c04,True,6e977df35f815504d53a535aaa9e57edd9cc8499b2cf6c69065bbfcca48c2c4c,2.1380246920978326e-16,40256,509,50540,5392,20fde6548f5306076ab38945f7767034353ccee84009ed9fd427a92706b994d4,True,False
tv2_m16_branch_00__MULTI__s9101,tv2_m16_branch_00,MULTI,9101,4,RANDOM_JOINT,BUDGET_EXHAUSTED,0.4645421768586035,0.4645421768586037,8.926548427881681e-07,4.147182739651106e-05,0.02152436723497902,21,21,63,64,252,0.9929542541503906,15,21,8,5.47465480218011,0,0,0,0,0,0.0,252,63,0.9929542541503906,21,,,7512f3f0dfce987cf2dbc94216f611afab6b4d621f77f1799415a22c625275b6,True,7848079d6419e5cf3539f55b1dce1847529ec4730ef3583bde3cca5616875fdc,1.819248600506922e-16,40256,509,50540,5392,0e5d6a984702521ee34953091d7faa50c21316dbe5fc696dabe037c5e6afc682,False,False
tv2_m16_branch_00__MULTI__s9101,tv2_m16_branch_00,MULTI,9101,5,FROZEN_LAYERWISE,CONVERGED,0.4415542621257449,0.4415542621257451,1.526727630056792e-05,9.900867001032324e-05,0.15420140780576147,15,14,43,64,215,0.784292459487915,6,15,2,0.0,0,31,28,87,249,0.9946098327636719,464,130,1.778902292251587,46,fits/tv2_m16_branch_00__MULTI__s9101/p004/FROZEN_LAYERWISE/WINNER.json,c50e50fb2a23c37ef1d6f7a0f6fffe6a35aa2d5526ba01e46dbe5fb01d7378a5,6a484956ce6dad62afc6edc6f6841c69bbf4b976cbf3aa9386e3aa668be08527,False,,,50320,509,63171,6740,b78026af20ceb96b0449fe7c31403109386a73baaba8c59331132a438a8efc7a,True,True
tv2_m16_branch_00__MULTI__s9101,tv2_m16_branch_00,MULTI,9101,5,WARM_JOINT,BUDGET_EXHAUSTED,0.428317249167046,0.42831724916704594,1.1050001135171226e-05,3.257248547431731e-05,0.3392434127842012,22,21,64,64,320,1.2156031131744385,16,21,10,1.291537170089244,0,49,46,141,438,1.6182546615600586,758,205,2.833857774734497,71,fits/tv2_m16_branch_00__MULTI__s9101/p004/WARM_JOINT/WINNER.json,1204b53d7f90926e020bbd8ec279674a0fb463ca3c650a45cb249219177d4c04,465eabb78c12e18653275000f94d85a8b76df252e2763b847b06e5031dae6bfe,False,,,50320,509,63171,6740,9fc82770c70bfde631b65edaf890f05916f65503a2f4dcef5a9564c7ffdb82a3,True,False
tv2_m16_branch_00__MULTI__s9101,tv2_m16_branch_00,MULTI,9101,6,FROZEN_LAYERWISE,CONVERGED,0.4303573631839823,0.4303573631839822,7.871910268541256e-06,0.0001008224962163661,0.07807692294830766,18,17,52,64,312,1.1713826656341553,6,18,2,0.0,0,46,42,130,464,1.778902292251587,776,182,2.950284957885742,64,fits/tv2_m16_branch_00__MULTI__s9101/p005/FROZEN_LAYERWISE/WINNER.json,6a484956ce6dad62afc6edc6f6841c69bbf4b976cbf3aa9386e3aa668be08527,e4736e4b719804886447ef3e470f1e44cb748927099eea2ae42a124104739d8a,False,,,60384,509,75802,8088,2dcd9bd158e094dcc6f4c0c4d7d3f49ad21e21d1e5298897096f5acb9fb6c335,True,True
tv2_m16_branch_00__MULTI__s9101,tv2_m16_branch_00,MULTI,9101,6,WARM_JOINT,BUDGET_EXHAUSTED,0.4169789951815602,0.41697899518156023,4.7196300914626e-05,0.00023596971611488797,0.20000999150097404,22,21,64,64,384,1.4023830890655518,18,22,12,1.8503960241484547,0,71,67,205,758,2.833857774734497,1142,269,4.236240863800049,93,fits/tv2_m16_branch_00__MULTI__s9101/p005/WARM_JOINT/WINNER.json,465eabb78c12e18653275000f94d85a8b76df252e2763b847b06e5031dae6bfe,f1c968444c6078d8619d13d41d237a656d3c18f3a2cfb0cb073e2a517f0ad59e,False,,,60384,509,75802,8088,fb61155986f2c4d156a91a3ef7687d71dd5876468cd5631bdc399638b138d0e3,True,False
tv2_m16_branch_00__MULTI__s9101,tv2_m16_branch_00,MULTI,9101,7,FROZEN_LAYERWISE,CONVERGED,0.4220449384466919,0.42204493844669144,1.4189650787422962e-05,0.00014394086122691358,0.09857972688557062,17,16,49,64,343,1.2211322784423828,11,17,2,0.0,0,64,59,182,776,2.950284957885742,1119,231,4.171417236328125,81,fits/tv2_m16_branch_00__MULTI__s9101/p006/FROZEN_LAYERWISE/WINNER.json,e4736e4b719804886447ef3e470f1e44cb748927099eea2ae42a124104739d8a,02e75a91278006a0cd208798e8b291898288d3b90c8710b87f1e4037f1efb2fa,False,,,70448,509,88433,9436,362cb064fe9ccce13c66a4024acdd1d64a5afa097c1ec76a72c3e7dd0f114ce3,True,True
tv2_m16_branch_00__MULTI__s9101,tv2_m16_branch_00,MULTI,9101,7,WARM_JOINT,BUDGET_EXHAUSTED,0.4092703924302131,0.4092703924302133,5.797944286154282e-05,0.00015986212034558136,0.3626840600900699,22,21,64,64,448,1.625025987625122,14,21,14,2.5170700157824015,0,93,88,269,1142,4.236240863800049,1590,333,5.861266851425171,115,fits/tv2_m16_branch_00__MULTI__s9101/p006/WARM_JOINT/WINNER.json,f1c968444c6078d8619d13d41d237a656d3c18f3a2cfb0cb073e2a517f0ad59e,13156927dc9816e502988bb321e71002f60b3a509cfe95c4b03e194b708ef339,False,,,70448,509,88433,9436,db87e0e54dfba7ad42ccf7d2dad220eaba34805d1229909e4848df9d6af9af1d,True,False
tv2_m16_branch_00__MULTI__s9101,tv2_m16_branch_00,MULTI,9101,8,FROZEN_LAYERWISE,CONVERGED,0.41680212805155137,0.41680212805155165,8.875172641625715e-06,0.0001161080618208029,0.07643890098969479,14,13,40,64,320,1.0909805297851562,7,14,2,0.0,0,81,75,231,1119,4.171417236328125,1439,271,5.262397766113281,95,fits/tv2_m16_branch_00__MULTI__s9101/p007/FROZEN_LAYERWISE/WINNER.json,02e75a91278006a0cd208798e8b291898288d3b90c8710b87f1e4037f1efb2fa,d28fa59a5bd733e93a7aae4232b7e58aee2697e79ebb0dc9c7318bee94bee360,True,a1d6914fc46d4231273405742b97e842ba7539079b51846d40f9b1e69ebaf3fe,2.569499677097176e-16,80512,509,101064,10784,c207a97fa05c357240fda5554c861d69e8fd72d50ba36f75b13a8ff7ffc2562e,True,True
tv2_m16_branch_00__MULTI__s9101,tv2_m16_branch_00,MULTI,9101,8,WARM_JOINT,BUDGET_EXHAUSTED,0.3925270195270971,0.392527019527097,0.00010325237972333015,0.000445607230262856,0.23171163462142066,22,21,64,64,512,1.7856345176696777,13,21,16,4.982303462239841,0,115,109,333,1590,5.861266851425171,2102,397,7.646901369094849,137,fits/tv2_m16_branch_00__MULTI__s9101/p007/WARM_JOINT/WINNER.json,13156927dc9816e502988bb321e71002f60b3a509cfe95c4b03e194b708ef339,eedc6c698443519fa5603d1997d9531176a83dc8b6f53ace21edf3f92ec094d0,True,98f3be2edbdb9fbf7834153b80243a55f83b5892ebf4379869a22d3bb10ea2b5,3.1835838817813215e-16,80512,509,101064,10784,bc97cb78ca41c716124fa2cb342eb5ff38f5dd7edb576dfaa8d30be33d10f460,True,False
tv2_m16_branch_00__MULTI__s9101,tv2_m16_branch_00,MULTI,9101,8,RANDOM_JOINT,BUDGET_EXHAUSTED,0.43296674210509095,0.43296674210509056,8.76597330915614e-05,0.0002597075668847799,0.33753245676685234,21,21,63,64,504,1.8042938709259033,14,21,16,2.930231262562139,0,0,0,0,0,0.0,504,63,1.8042938709259033,21,,,f2eb892df727bac5ae071b24caa9a9a4b933bb49c982ed5d62874c194ba710a7,True,61d242f0dfb4fa3b2c1c487d43c103a55a64aad420da7912fae173eb19efe799,2.063081476116683e-16,80512,509,101064,10784,6b044da5b36f0ac1b5aba05c50093e546b3c35f927e2f9100fefe5ee8e2802bb,False,False
tv2_m16_branch_00__MULTI__s9101,tv2_m16_branch_00,MULTI,9101,9,FROZEN_LAYERWISE,CONVERGED,0.41266915615489524,0.4126691561548954,1.157128004095368e-05,0.00011231845249056337,0.10302207504083855,17,16,49,64,441,1.5412187576293945,6,17,2,0.0,0,95,88,271,1439,5.262397766113281,1880,320,6.803616523742676,112,fits/tv2_m16_branch_00__MULTI__s9101/p008/FROZEN_LAYERWISE/WINNER.json,d28fa59a5bd733e93a7aae4232b7e58aee2697e79ebb0dc9c7318bee94bee360,8f8938e0dcdad0c45c7406d8000a236d6070016b7b8866421af90bc96d98d242,False,,,90576,509,113695,12132,b891a6be9751eed070dd509bab798fb8f097fd02563e2d8aeda026141a5f2369,True,True
tv2_m16_branch_00__MULTI__s9101,tv2_m16_branch_00,MULTI,9101,9,WARM_JOINT,BUDGET_EXHAUSTED,0.3787676433546125,0.3787676433546123,5.625314212535797e-05,0.0002756510932641615,0.20407371311039768,22,21,64,64,576,2.051640748977661,16,22,18,5.84107549079855,0,137,130,397,2102,7.646901369094849,2678,461,9.69854211807251,159,fits/tv2_m16_branch_00__MULTI__s9101/p008/WARM_JOINT/WINNER.json,eedc6c698443519fa5603d1997d9531176a83dc8b6f53ace21edf3f92ec094d0,a22dd97a5736fdab192130841f2b76c64ee9c45b6efc557a5382755586ce90d9,False,,,90576,509,113695,12132,e6f829e1464969f05ab91b6abc17ad8662b614a17a1cecca9269c85c36680f0d,True,False
tv2_m16_branch_00__MULTI__s9101,tv2_m16_branch_00,MULTI,9101,10,FROZEN_LAYERWISE,CONVERGED,0.40874983597513825,0.40874983597513903,8.100457768924015e-06,0.00010338227150760268,0.07835441851679871,14,13,40,64,400,1.4279005527496338,6,14,2,0.0,0,112,104,320,1880,6.803616523742676,2280,360,8.23151707649231,126,fits/tv2_m16_branch_00__MULTI__s9101/p009/FROZEN_LAYERWISE/WINNER.json,8f8938e0dcdad0c45c7406d8000a236d6070016b7b8866421af90bc96d98d242,728a1e5400b1a510c7cfc90836af3560dd63b5d60175f404c420ab695f67ace9,False,,,100640,509,126326,13480,600d81c91f388ad346b2b2565c044290a82559dfb10dd549e784550f5c23c9b7,True,True
tv2_m16_branch_00__MULTI__s9101,tv2_m16_branch_00,MULTI,9101,10,WARM_JOINT,BUDGET_EXHAUSTED,0.3723116476646134,0.3723116476646129,0.00029440633528014944,0.0015710751732111428,0.1873916285484979,22,21,64,64,640,2.2148385047912598,17,22,20,5.925370890614859,0,159,151,461,2678,9.69854211807251,3318,525,11.91338062286377,181,fits/tv2_m16_branch_00__MULTI__s9101/p009/WARM_JOINT/WINNER.json,a22dd97a5736fdab192130841f2b76c64ee9c45b6efc557a5382755586ce90d9,c910f1565dabc6fdbc74efd072f8c89382b6ddb0d03828a2f968875ed503631d,False,,,100640,509,126326,13480,f63898ee5c1d48e78aa8be5f34b4c05f8254103f9fe47a75d83ced6f329eab67,True,False
tv2_m16_branch_00__MULTI__s9101,tv2_m16_branch_00,MULTI,9101,11,FROZEN_LAYERWISE,CONVERGED,0.4050428673859826,0.40504286738598294,9.194719374162924e-06,0.00010258884727310647,0.08962689043269237,14,13,40,64,440,1.576188564300537,8,14,2,0.0,0,126,117,360,2280,8.23151707649231,2720,400,9.807705640792847,140,fits/tv2_m16_branch_00__MULTI__s9101/p010/FROZEN_LAYERWISE/WINNER.json,728a1e5400b1a510c7cfc90836af3560dd63b5d60175f404c420ab695f67ace9,5139ac5dd146b534f3f2e11431ecf1ec0c97beac55485d438286721561ed23f8,False,,,110704,509,138957,14828,3de27bb87d7e36a0f94904009dbb385efc19186d43e0c514eb1d3e6da83d2d9f,True,True
tv2_m16_branch_00__MULTI__s9101,tv2_m16_branch_00,MULTI,9101,11,WARM_JOINT,BUDGET_EXHAUSTED,0.37003219918913344,0.3700321991891338,0.0010150857731680038,0.00447131514854151,0.22702174627505572,22,21,64,64,704,2.465034246444702,17,22,22,1.0422763299000737,0,181,172,525,3318,11.91338062286377,4022,589,14.378414869308472,203,fits/tv2_m16_branch_00__MULTI__s9101/p010/WARM_JOINT/WINNER.json,c910f1565dabc6fdbc74efd072f8c89382b6ddb0d03828a2f968875ed503631d,0d55562d1847ec2b55bc2c3313c109489aa71b95d1ca8a03026095912dc6b8aa,False,,,110704,509,138957,14828,fd777bd893f524c3a11b5df8b0ac11aa28f8f5075c1b267a938685ae80c9a0dd,True,False
tv2_m16_branch_00__MULTI__s9101,tv2_m16_branch_00,MULTI,9101,12,FROZEN_LAYERWISE,CONVERGED,0.4021202722679077,0.4021202722679077,1.041376470087357e-05,0.00010037691390943167,0.10374661159905481,14,13,40,64,480,1.6727488040924072,6,14,2,0.0,0,140,130,400,2720,9.807705640792847,3200,440,11.480454444885254,154,fits/tv2_m16_branch_00__MULTI__s9101/p011/FROZEN_LAYERWISE/WINNER.json,5139ac5dd146b534f3f2e11431ecf1ec0c97beac55485d438286721561ed23f8,81fc7d5355fcb55c91462b2d52ca052b65b41d69b0e0c47be067dd62bf77bd0b,False,,,120768,509,151588,16176,223613256026ad85453c1fc3bb36c53dd7a28c838a9fe3522d21b57315334897,True,True
tv2_m16_branch_00__MULTI__s9101,tv2_m16_branch_00,MULTI,9101,12,WARM_JOINT,BUDGET_EXHAUSTED,0.36126104411245363,0.3612610441124533,0.001489591532741141,0.006490300594167957,0.2295104072806205,22,21,64,64,768,2.641408681869507,18,22,24,6.957723670099926,0,203,193,589,4022,14.378414869308472,4790,653,17.01982355117798,225,fits/tv2_m16_branch_00__MULTI__s9101/p011/WARM_JOINT/WINNER.json,0d55562d1847ec2b55bc2c3313c109489aa71b95d1ca8a03026095912dc6b8aa,47b5495d3c5d4390e5b25ab625f395f607189c84fa6332b140925e455add4fd9,False,,,120768,509,151588,16176,bc8d143a9344a31fed1c73a582ac419baddbf852ccdaa02f7cda159cb7e01c22,True,False
tv2_m16_branch_00__MULTI__s9101,tv2_m16_branch_00,MULTI,9101,13,FROZEN_LAYERWISE,CONVERGED,0.39978587798518,0.39978587798518045,1.1208878160198498e-05,9.687381543263779e-05,0.1157059635789065,15,14,43,64,559,1.9590115547180176,5,15,2,0.0,0,154,143,440,3200,11.480454444885254,3759,483,13.439465999603271,169,fits/tv2_m16_branch_00__MULTI__s9101/p012/FROZEN_LAYERWISE/WINNER.json,81fc7d5355fcb55c91462b2d52ca052b65b41d69b0e0c47be067dd62bf77bd0b,affc62b9eb21ee084621b045145e87005cf633795c24b3dd1830d167f7549a94,False,,,130832,509,164219,17524,914fd3aacb24ed07957b627d39fa83abea76ed688e0fcc51e808f180a49c8214,True,True
tv2_m16_branch_00__MULTI__s9101,tv2_m16_branch_00,MULTI,9101,13,WARM_JOINT,BUDGET_EXHAUSTED,0.35808111199218384,0.3580811119921843,0.0005974431665766051,0.0028639236970610382,0.2086100154098735,22,21,64,64,832,2.878730535507202,18,22,26,3.5952157087150436,0,225,214,653,4790,17.01982355117798,5622,717,19.89855408668518,247,fits/tv2_m16_branch_00__MULTI__s9101/p012/WARM_JOINT/WINNER.json,47b5495d3c5d4390e5b25ab625f395f607189c84fa6332b140925e455add4fd9,cea2bfafc3016aa6869b4aa08b2a10c7317b8d9e40f497993f84ad5cd258e707,False,,,130832,509,164219,17524,7fb946636e3a316b44c8604a6cd6e39a2d1cf15500b2d036f05289207d59d835,True,False
tv2_m16_branch_00__MULTI__s9101,tv2_m16_branch_00,MULTI,9101,14,FROZEN_LAYERWISE,CONVERGED,0.3979249552583358,0.39792495525833615,1.2041967737872022e-05,9.693693727469084e-05,0.1242247596883386,21,20,61,64,854,2.9918932914733887,10,21,2,0.0,0,169,157,483,3759,13.439465999603271,4613,544,16.43135929107666,190,fits/tv2_m16_branch_00__MULTI__s9101/p013/FROZEN_LAYERWISE/WINNER.json,affc62b9eb21ee084621b045145e87005cf633795c24b3dd1830d167f7549a94,773103dc84648b6ba62ad5b61d12f8f50810e2b13afee0f35f92eeca5c10fab2,False,,,140896,509,176850,18872,c30e39f5afc116790f19efb9e84c8e5a4c554afbec705012d5dd6c93e9a6aaea,True,True
tv2_m16_branch_00__MULTI__s9101,tv2_m16_branch_00,MULTI,9101,14,WARM_JOINT,BUDGET_EXHAUSTED,0.3518828751181851,0.35188287511818495,0.0016238157207860366,0.007071512240911413,0.2296277890027029,22,21,64,64,896,3.0658600330352783,19,22,28,2.738350688501923,0,247,235,717,5622,19.89855408668518,6518,781,22.96441411972046,269,fits/tv2_m16_branch_00__MULTI__s9101/p013/WARM_JOINT/WINNER.json,cea2bfafc3016aa6869b4aa08b2a10c7317b8d9e40f497993f84ad5cd258e707,34552c7098318bb7e055bb92c98a32969c004388adcd974f14db3efee2d449f0,False,,,140896,509,176850,18872,b9faa9460d89f145165cb9a69f8ff25e4912ad0cdecb803e8dbc795fa4658f49,True,False
tv2_m16_branch_00__MULTI__s9101,tv2_m16_branch_00,MULTI,9101,15,FROZEN_LAYERWISE,CONVERGED,0.39675624896717643,0.39675624896717654,1.2721467913744517e-05,9.824681930050756e-05,0.12948478133254737,14,13,40,64,600,2.0855817794799805,5,14,2,0.0,0,190,177,544,4613,16.43135929107666,5213,584,18.51694107055664,204,fits/tv2_m16_branch_00__MULTI__s9101/p014/FROZEN_LAYERWISE/WINNER.json,773103dc84648b6ba62ad5b61d12f8f50810e2b13afee0f35f92eeca5c10fab2,44637795a60f8bd57d6b4348aeaee6c50ddb0b4e723b5f3372d46401bc68a7ed,False,,,150960,509,189481,20220,1c572ddf26bfce2fdfc1e4aca32364999d4604d7bafa3f71172c0c672c2c0088,True,True
tv2_m16_branch_00__MULTI__s9101,tv2_m16_branch_00,MULTI,9101,15,WARM_JOINT,BUDGET_EXHAUSTED,0.35182729628560383,0.3518272962856036,0.001633843670763797,0.0071398028335537675,0.2288359649212564,22,21,64,64,960,3.280478000640869,20,22,30,0.6380813562739169,0,269,256,781,6518,22.96441411972046,7478,845,26.244892120361328,291,fits/tv2_m16_branch_00__MULTI__s9101/p014/WARM_JOINT/WINNER.json,34552c7098318bb7e055bb92c98a32969c004388adcd974f14db3efee2d449f0,85e49cb7fba794959da43fd0b2e9bdd226bcd996321bf25b1fa54f1ce08eb8b1,False,,,150960,509,189481,20220,af42e94156b776671eb937bc4fd621af3f7552fff93a1e4c658f15af1c58e19c,True,False
tv2_m16_branch_00__MULTI__s9101,tv2_m16_branch_00,MULTI,9101,16,FROZEN_LAYERWISE,CONVERGED,0.39580827329870816,0.39580827329870827,1.1794198256464847e-05,9.604613770759691e-05,0.12279721535884278,13,12,37,64,592,2.0272104740142822,5,13,2,0.0,0,204,190,584,5213,18.51694107055664,5805,621,20.544151544570923,217,fits/tv2_m16_branch_00__MULTI__s9101/p015/FROZEN_LAYERWISE/WINNER.json,44637795a60f8bd57d6b4348aeaee6c50ddb0b4e723b5f3372d46401bc68a7ed,4c2a4019f08a2ff1c4179927628a4abebe9c82562ed960d4a2f53793799dd70b,True,31577906338f14cc7c699e62b24f87c9246387617455bcb93142b8f3dedad35a,4.270239507884938e-16,161024,509,202112,21568,65a8fe62f468308bc2fd9ec707aa08c7ba69a26b25519c7d07a2fe26a7b4d05e,True,True
tv2_m16_branch_00__MULTI__s9101,tv2_m16_branch_00,MULTI,9101,16,WARM_JOINT,BUDGET_EXHAUSTED,0.3517523792826171,0.3517523792826174,0.001573862748581884,0.006785276022857012,0.2319526491302844,22,21,64,64,1024,3.5225391387939453,18,21,32,1.1137890737744998,0,291,277,845,7478,26.244892120361328,8502,909,29.767431259155273,313,fits/tv2_m16_branch_00__MULTI__s9101/p015/WARM_JOINT/WINNER.json,85e49cb7fba794959da43fd0b2e9bdd226bcd996321bf25b1fa54f1ce08eb8b1,f17c6a8ea53927a49d58dfbbaaeb3630284b5a0a0d25d808907ff525fe287f5a,True,aceba451b4b79b03268a25af7b110f7a0d537d4aad3030e4434c9a710d71c9d2,7.126483889934181e-16,161024,509,202112,21568,cde45fb7ff11c58d65652c258c074d0caaad7b3a38705631c022e487aa980484,True,False
tv2_m16_branch_00__MULTI__s9101,tv2_m16_branch_00,MULTI,9101,16,RANDOM_JOINT,BUDGET_EXHAUSTED,0.40604257484086437,0.40604257484086437,1.4025394396332647e-05,0.00024335705872129422,0.05763298780001814,21,21,63,64,1008,3.442464828491211,17,21,32,5.614562102398416,0,0,0,0,0,0.0,1008,63,3.442464828491211,21,,,a6af9aaed4c57d1ed5b875963c1945d5ef76e36ecab3f0603fc93555b295d256,True,4cd7e2f2857f1b93dea694d0713acbf46ee7484fe2defbcc18900a813f65a1ce,1.8437099424376576e-16,161024,509,202112,21568,28f7ff293b9757756ee6df359e640dbea055d07b8444b79916512f53b0529c21,False,False
tv2_m16_branch_00__MULTI__s9101,tv2_m16_branch_00,MULTI,9101,17,FROZEN_LAYERWISE,CONVERGED,0.3947746490013315,0.3947746490013311,1.2026879843428316e-05,9.122073455638434e-05,0.13184370748510466,14,13,40,68,680,2.2748100757598877,5,14,2,0.0,0,217,202,621,5805,20.544151544570923,6485,661,22.81896162033081,231,fits/tv2_m16_branch_00__MULTI__s9101/p016/FROZEN_LAYERWISE/WINNER.json,4c2a4019f08a2ff1c4179927628a4abebe9c82562ed960d4a2f53793799dd70b,57673515f490d78cfa738db9f912a54fcccef2e5fa60e4ed104b9c0d792eda4a,False,,,171088,509,214743,22916,404423fc3481f51e7058770093bf34ca33f0402cb81d89bbbb656985c052e0de,True,True
tv2_m16_branch_00__MULTI__s9101,tv2_m16_branch_00,MULTI,9101,17,WARM_JOINT,BUDGET_EXHAUSTED,0.35115048661945114,0.35115048661945114,0.001487581065979218,0.006226137787721194,0.23892517587916762,23,22,67,68,1139,3.898548126220703,19,23,34,0.8755040819676645,0,313,298,909,8502,29.767431259155273,9641,976,33.66597938537598,336,fits/tv2_m16_branch_00__MULTI__s9101/p016/WARM_JOINT/WINNER.json,f17c6a8ea53927a49d58dfbbaaeb3630284b5a0a0d25d808907ff525fe287f5a,71870094e395baf466e9a7393502f75fcb894965fdea8a675691ec59c86e2a63,False,,,171088,509,214743,22916,0588c2a6539531c2d672b7b43e6dab864489ef696344d5f259b8c855555b3346,True,False
tv2_m16_branch_00__MULTI__s9101,tv2_m16_branch_00,MULTI,9101,18,FROZEN_LAYERWISE,CONVERGED,0.39355991206494445,0.393559912064944,1.2617129303177611e-05,8.767178464854782e-05,0.14391322537525875,16,15,46,72,828,2.818993091583252,9,16,2,0.0,0,231,215,661,6485,22.81896162033081,7313,707,25.637954711914062,247,fits/tv2_m16_branch_00__MULTI__s9101/p017/FROZEN_LAYERWISE/WINNER.json,57673515f490d78cfa738db9f912a54fcccef2e5fa60e4ed104b9c0d792eda4a,a3217d2291a3a19b751b4585bd171c4b652d3be9af5ba51e70e73771bfaabd1b,False,,,181152,509,227374,24264,57f35d5e8736dd921d120ea57feb2da1a68c6ecf58dd007c247d97e195980e7e,True,True
tv2_m16_branch_00__MULTI__s9101,tv2_m16_branch_00,MULTI,9101,18,WARM_JOINT,BUDGET_EXHAUSTED,0.35105108184727657,0.3510510818472762,0.0013257294526805177,0.005458714015648587,0.2428647935905832,24,23,70,72,1260,4.3589606285095215,19,23,36,1.313803429568292,0,336,320,976,9641,33.66597938537598,10901,1046,38.0249400138855,360,fits/tv2_m16_branch_00__MULTI__s9101/p017/WARM_JOINT/WINNER.json,71870094e395baf466e9a7393502f75fcb894965fdea8a675691ec59c86e2a63,9b2b519656a34acff0deeefac7b70b18088e0eae720a0bd6c07a049499e8c4f9,False,,,181152,509,227374,24264,8d3ee44c2da780276ac82b709092f49504bded61dc69860873be51130a608f61,True,False
tv2_m16_branch_00__MULTI__s9101,tv2_m16_branch_00,MULTI,9101,19,FROZEN_LAYERWISE,CONVERGED,0.39217465663959605,0.39217465663959616,1.2088240730973035e-05,9.565548634945244e-05,0.126372685899184,13,12,37,76,703,2.380704641342163,4,13,2,0.0,0,247,230,707,7313,25.637954711914062,8016,744,28.018659353256226,260,fits/tv2_m16_branch_00__MULTI__s9101/p018/FROZEN_LAYERWISE/WINNER.json,a3217d2291a3a19b751b4585bd171c4b652d3be9af5ba51e70e73771bfaabd1b,40fa36897086ce6cb7c05bfbcfde6f32dab70c16c0ac818551edecdcf976777e,False,,,191216,509,240005,25612,c8ab7fa95a49c4d70c7214d1949fd6c48a1ab80f17cefcb2e1d013a1d59ca0f9,True,True
tv2_m16_branch_00__MULTI__s9101,tv2_m16_branch_00,MULTI,9101,19,WARM_JOINT,BUDGET_EXHAUSTED,0.3506426533518196,0.3506426533518195,0.001337129526665053,0.006019671275012073,0.22212666864643224,26,25,76,76,1444,4.909909963607788,22,26,38,2.0821872636861154,0,360,343,1046,10901,38.0249400138855,12345,1122,42.934849977493286,386,fits/tv2_m16_branch_00__MULTI__s9101/p018/WARM_JOINT/WINNER.json,9b2b519656a34acff0deeefac7b70b18088e0eae720a0bd6c07a049499e8c4f9,0c99b8500cadc7407d3dde30337f842fa966d26f9d7bd589a105f5581597e256,False,,,191216,509,240005,25612,f6dd960f92b21db814c1694e7db1f55e1a1b650d2ae0cf27e27c7fc7cf472968,True,False
tv2_m16_branch_00__MULTI__s9101,tv2_m16_branch_00,MULTI,9101,20,FROZEN_LAYERWISE,CONVERGED,0.3907680918873137,0.39076809188731376,1.1693757637482765e-05,9.648086445911774e-05,0.12120286963678494,14,13,40,80,800,2.6987147331237793,5,14,2,0.0,0,260,242,744,8016,28.018659353256226,8816,784,30.717374086380005,274,fits/tv2_m16_branch_00__MULTI__s9101/p019/FROZEN_LAYERWISE/WINNER.json,40fa36897086ce6cb7c05bfbcfde6f32dab70c16c0ac818551edecdcf976777e,0bfe789acea1730e6b1c7568609cb2c69e283f9cfb12f0ce716f1c7f025dcd35,False,,,201280,509,252636,26960,5c4e0367cacb22cca9654f5cfc4b6e1d213a1048c9f5bd135eab518a2dcaac90,True,True
tv2_m16_branch_00__MULTI__s9101,tv2_m16_branch_00,MULTI,9101,20,WARM_JOINT,BUDGET_EXHAUSTED,0.3434570150319654,0.34345701503196546,0.0003421134915237021,0.0031045775121974523,0.110196472846816,27,26,79,80,1580,5.352281332015991,23,27,40,3.7505094566005663,0,386,368,1122,12345,42.934849977493286,13925,1201,48.28713130950928,413,fits/tv2_m16_branch_00__MULTI__s9101/p019/WARM_JOINT/WINNER.json,0c99b8500cadc7407d3dde30337f842fa966d26f9d7bd589a105f5581597e256,eaeb3b676242962595826b7c467ad7e24ffaed3eac85e206ba0e130b3f414dfc,False,,,201280,509,252636,26960,2f78a34a03541959e9717d19224f0c30f54e629ac568c9a687ecb26dc610cf90,True,False
tv2_m16_branch_00__MULTI__s9101,tv2_m16_branch_00,MULTI,9101,21,FROZEN_LAYERWISE,CONVERGED,0.3896194764619608,0.3896194764619609,1.254451847284866e-05,9.170201643119124e-05,0.1367965390626002,13,12,37,84,777,2.631479501724243,5,13,2,0.0,0,274,255,784,8816,30.717374086380005,9593,821,33.34885358810425,287,fits/tv2_m16_branch_00__MULTI__s9101/p020/FROZEN_LAYERWISE/WINNER.json,0bfe789acea1730e6b1c7568609cb2c69e283f9cfb12f0ce716f1c7f025dcd35,6a14f2c11adebfb4d7d0977631b05fa0a8dd37c613dc1c5e082d342b7526c27d,False,,,211344,509,265267,28308,316799e7819bd9efc80dd5e213be0af8071a52d4d394bfe217e8771fee5088b6,True,True
tv2_m16_branch_00__MULTI__s9101,tv2_m16_branch_00,MULTI,9101,21,WARM_JOINT,BUDGET_EXHAUSTED,0.33828902692820395,0.3382890269282041,0.002102110315124194,0.012222655193062546,0.17198475142433292,28,27,82,84,1722,5.97856068611145,23,28,42,3.06462957517385,0,413,394,1201,13925,48.28713130950928,15647,1283,54.26569199562073,441,fits/tv2_m16_branch_00__MULTI__s9101/p020/WARM_JOINT/WINNER.json,eaeb3b676242962595826b7c467ad7e24ffaed3eac85e206ba0e130b3f414dfc,98b937a3f259cec42105265b4e3dc7bc6da896ec3b58a3935415369b3e33d50a,False,,,211344,509,265267,28308,32f1baa61acf16c0c27156e76728871abc9040ebe85fc2a69417c8673537ea52,True,False
tv2_m16_branch_00__MULTI__s9101,tv2_m16_branch_00,MULTI,9101,22,FROZEN_LAYERWISE,CONVERGED,0.3889141833089322,0.3889141833089317,1.254050958325223e-05,9.146455606088621e-05,0.13710786039243716,19,18,55,88,1210,4.190321207046509,10,19,2,0.0,0,287,267,821,9593,33.34885358810425,10803,876,37.53917479515076,306,fits/tv2_m16_branch_00__MULTI__s9101/p021/FROZEN_LAYERWISE/WINNER.json,6a14f2c11adebfb4d7d0977631b05fa0a8dd37c613dc1c5e082d342b7526c27d,bdc9d6a8aca56a123ce3f53c900b077e0afc345b4967a7ed6d9141129ea3627d,False,,,221408,509,277898,29656,2076aa740d688c91df2d8478a1a848a2b005dfbe1b44f0962462d7b379624bcf,True,True
tv2_m16_branch_00__MULTI__s9101,tv2_m16_branch_00,MULTI,9101,22,WARM_JOINT,BUDGET_EXHAUSTED,0.33719647204441205,0.33719647204441217,0.002388397055691621,0.012734970099657782,0.18754634184463478,30,29,88,88,1936,6.696492433547974,28,30,44,2.143333215524529,0,441,421,1283,15647,54.26569199562073,17583,1371,60.9621844291687,471,fits/tv2_m16_branch_00__MULTI__s9101/p021/WARM_JOINT/WINNER.json,98b937a3f259cec42105265b4e3dc7bc6da896ec3b58a3935415369b3e33d50a,6ba8d0fd6276658eb9b2c4056ed95eeb1e13452d8c65012355c8235ba5ecd793,False,,,221408,509,277898,29656,dd6bc39e5e1cdc54e612752769033da838e5c45a4599be60e5117feb2f9622d5,True,False
tv2_m16_branch_00__MULTI__s9101,tv2_m16_branch_00,MULTI,9101,23,FROZEN_LAYERWISE,CONVERGED,0.38834622183403583,0.3883462218340358,1.2198595836551721e-05,9.535853492403592e-05,0.12792348211168839,13,12,37,92,851,2.946107864379883,8,13,2,0.0,0,306,285,876,10803,37.53917479515076,11654,913,40.48528265953064,319,fits/tv2_m16_branch_00__MULTI__s9101/p022/FROZEN_LAYERWISE/WINNER.json,bdc9d6a8aca56a123ce3f53c900b077e0afc345b4967a7ed6d9141129ea3627d,89caf06e46aead0000013ae742fb1a672a39ddf51d87d4a60e88aea5db3f370e,False,,,231472,509,290529,31004,ba9891142da52bdb07c7f36e2eed6ce4fb0b0ab74246439d8ef197713940d234,True,True
tv2_m16_branch_00__MULTI__s9101,tv2_m16_branch_00,MULTI,9101,23,WARM_JOINT,BUDGET_EXHAUSTED,0.3344157712232184,0.3344157712232184,0.0022309764223466064,0.01631638977622441,0.13673223384240893,31,30,91,92,2093,7.220421314239502,26,30,46,2.2840445755431245,0,471,450,1371,17583,60.9621844291687,19676,1462,68.1826057434082,502,fits/tv2_m16_branch_00__MULTI__s9101/p022/WARM_JOINT/WINNER.json,6ba8d0fd6276658eb9b2c4056ed95eeb1e13452d8c65012355c8235ba5ecd793,d6d5d7197e27e111f9811f85b615b525a431ba6ba11dcbe93456eb8dcff963f3,False,,,231472,509,290529,31004,718b406f957ace0e3790d8cb9684fd1ff3cbdc70e01a0aceb7a75abec0a37d58,True,False
tv2_m16_branch_00__MULTI__s9101,tv2_m16_branch_00,MULTI,9101,24,FROZEN_LAYERWISE,CONVERGED,0.38769118396224894,0.38769118396224905,1.191521667438461e-05,9.561102142474734e-05,0.12462179042572755,15,14,43,96,1032,3.510679244995117,6,15,2,0.0,0,319,297,913,11654,40.48528265953064,12686,956,43.99596190452576,334,fits/tv2_m16_branch_00__MULTI__s9101/p023/FROZEN_LAYERWISE/WINNER.json,89caf06e46aead0000013ae742fb1a672a39ddf51d87d4a60e88aea5db3f370e,19f8b3f4ddf8b4d47538ec39edfa0af7aea60aa79ea0017491c14ccc4c032636,False,,,241536,509,303160,32352,34ccb21b28462fc16109ccbdb8d1b900400ac6efab10fd89a6e6e9eb839b4f29,True,True
tv2_m16_branch_00__MULTI__s9101,tv2_m16_branch_00,MULTI,9101,24,WARM_JOINT,BUDGET_EXHAUSTED,0.32247177040972835,0.32247177040972846,0.0016911530012538637,0.030992661325329792,0.05456624016575538,32,31,94,96,2256,7.723555326461792,25,32,48,2.1863981737860736,0,502,480,1462,19676,68.1826057434082,21932,1556,75.90616106987,534,fits/tv2_m16_branch_00__MULTI__s9101/p023/WARM_JOINT/WINNER.json,d6d5d7197e27e111f9811f85b615b525a431ba6ba11dcbe93456eb8dcff963f3,de8845999c3afe6a7b7c85c050cf140b5e23e2784539bad963cd3e6603fc708f,False,,,241536,509,303160,32352,7da78f6baf6ab1abcc3f174dd7404cb7429325aa8fd0b6edaeb6368e960f4281,True,False
tv2_m16_branch_00__MULTI__s9101,tv2_m16_branch_00,MULTI,9101,25,FROZEN_LAYERWISE,CONVERGED,0.3870266496366558,0.38702664963665556,1.2513596281983493e-05,9.403264614647523e-05,0.13307714708454538,14,13,40,100,1000,3.39553165435791,5,14,2,0.0,0,334,311,956,12686,43.99596190452576,13686,996,47.39149355888367,348,fits/tv2_m16_branch_00__MULTI__s9101/p024/FROZEN_LAYERWISE/WINNER.json,19f8b3f4ddf8b4d47538ec39edfa0af7aea60aa79ea0017491c14ccc4c032636,86bd5fa77c68c7fcb32a90cb8ae55ed44b3a618988f0cfa9132ecf93bfbb4348,False,,,251600,509,315791,33700,af2c2973a41c69e7da231148c4ad691310c807fe4758f9edc3a201d8933b4288,True,True
tv2_m16_branch_00__MULTI__s9101,tv2_m16_branch_00,MULTI,9101,25,WARM_JOINT,BUDGET_EXHAUSTED,0.29749663746558874,0.29749663746558896,0.0019056160395799148,0.06402994482385188,0.029761325655087104,34,33,100,100,2500,8.572818279266357,29,34,50,4.031040526773452,0,534,511,1556,21932,75.90616106987,24432,1656,84.47897934913635,568,fits/tv2_m16_branch_00__MULTI__s9101/p024/WARM_JOINT/WINNER.json,de8845999c3afe6a7b7c85c050cf140b5e23e2784539bad963cd3e6603fc708f,7e8829b2dcf742074c2240ae31a988cbf094e9979499a061af739370d4f949c2,False,,,251600,509,315791,33700,393740a42282c3c2a70f7719ba49503fd8780961aeb344ff7b6594bb6c900a89,True,False
tv2_m16_branch_00__MULTI__s9101,tv2_m16_branch_00,MULTI,9101,26,FROZEN_LAYERWISE,CONVERGED,0.38643762039910473,0.38643762039910423,1.276038482469616e-05,9.514494585451207e-05,0.13411521452971664,14,13,40,104,1040,3.5733859539031982,5,14,2,0.0,0,348,324,996,13686,47.39149355888367,14726,1036,50.964879512786865,362,fits/tv2_m16_branch_00__MULTI__s9101/p025/FROZEN_LAYERWISE/WINNER.json,86bd5fa77c68c7fcb32a90cb8ae55ed44b3a618988f0cfa9132ecf93bfbb4348,4f9cd1f88c83d3e0c4013de821474c559ab1ad39d48c9bfeccadc07e34146c3b,False,,,261664,509,328422,35048,9da1c5420a3063598b5c21b3120eeceeada46efe7ed56c69c1d16b148576a51a,True,True
tv2_m16_branch_00__MULTI__s9101,tv2_m16_branch_00,MULTI,9101,26,WARM_JOINT,BUDGET_EXHAUSTED,0.29062324416542185,0.2906232441654216,0.0017380118679557806,0.07866495494278399,0.02209385194741296,35,34,103,104,2678,9.118585109710693,31,34,52,1.913714713529635,0,568,544,1656,24432,84.47897934913635,27110,1759,93.59756445884705,603,fits/tv2_m16_branch_00__MULTI__s9101/p025/WARM_JOINT/WINNER.json,7e8829b2dcf742074c2240ae31a988cbf094e9979499a061af739370d4f949c2,00e85c332ce4236a6c26d6ceaee2730dffccec30c3af26a928d2280a40ef74d8,False,,,261664,509,328422,35048,40db2dc27e840a4cf68665ddbc8e81a43b940e66146b2121b0d599f32003a2a0,True,False
tv2_m16_branch_00__MULTI__s9101,tv2_m16_branch_00,MULTI,9101,27,FROZEN_LAYERWISE,CONVERGED,0.38596796998687416,0.38596796998687355,1.2083701628117938e-05,9.57206116802691e-05,0.12623928552066235,17,16,49,108,1323,4.507807493209839,6,17,2,0.0,0,362,337,1036,14726,50.964879512786865,16049,1085,55.472687005996704,379,fits/tv2_m16_branch_00__MULTI__s9101/p026/FROZEN_LAYERWISE/WINNER.json,4f9cd1f88c83d3e0c4013de821474c559ab1ad39d48c9bfeccadc07e34146c3b,5a800b5a3d2d915eae6818bfb88a782d383d8eeb251a4e10cd68942ccc6cb170,False,,,271728,509,341053,36396,00b9ae2aa221c1b429a2e4c11547d2ed6d768c9530a907d38c87d22c96d7ce81,True,True
tv2_m16_branch_00__MULTI__s9101,tv2_m16_branch_00,MULTI,9101,27,WARM_JOINT,BUDGET_EXHAUSTED,0.28666237661785493,0.2866623766178549,0.0035171151276709852,0.08906679047503639,0.03948851315863639,36,35,106,108,2862,9.789688110351562,31,35,54,1.4918552839907577,0,603,578,1759,27110,93.59756445884705,29972,1865,103.38725256919861,639,fits/tv2_m16_branch_00__MULTI__s9101/p026/WARM_JOINT/WINNER.json,00e85c332ce4236a6c26d6ceaee2730dffccec30c3af26a928d2280a40ef74d8,64caf148e68608b46cf0a90a3cb7fd34cebf0043e8780654c7642b2b17c8353c,False,,,271728,509,341053,36396,8da10575c1edaac5aa08dbb01f3a690131f86192bfd44582e09a06f2513917fb,True,False
tv2_m16_branch_00__MULTI__s9101,tv2_m16_branch_00,MULTI,9101,28,FROZEN_LAYERWISE,CONVERGED,0.3856059009144946,0.3856059009144946,1.1761128652323966e-05,9.560891622690162e-05,0.12301288537161265,14,13,40,112,1120,3.8255867958068848,5,14,2,0.0,0,379,353,1085,16049,55.472687005996704,17169,1125,59.29827380180359,393,fits/tv2_m16_branch_00__MULTI__s9101/p027/FROZEN_LAYERWISE/WINNER.json,5a800b5a3d2d915eae6818bfb88a782d383d8eeb251a4e10cd68942ccc6cb170,ebac6bf0e379027d06c29d5513558e6bb04432c0a63544eb9f420f79696e3d9d,False,,,281792,509,353684,37744,ef25e68c3bbe97894082abb3b1a2f37f9cedeb6ff69ca8610ba7add5b7440ddd,True,True
tv2_m16_branch_00__MULTI__s9101,tv2_m16_branch_00,MULTI,9101,28,WARM_JOINT,BUDGET_EXHAUSTED,0.2606476058708044,0.2606476058708047,0.006863198942269222,0.10800002281409095,0.06354812493033815,38,37,112,112,3136,10.71127724647522,35,38,56,1.77984854275825,0,639,613,1865,29972,103.38725256919861,33108,1977,114.09852981567383,677,fits/tv2_m16_branch_00__MULTI__s9101/p027/WARM_JOINT/WINNER.json,64caf148e68608b46cf0a90a3cb7fd34cebf0043e8780654c7642b2b17c8353c,8ac1df6ab3d0cc01396088fa98734e9fb6b95b228d0fef67a3f203ddc662fd4b,False,,,281792,509,353684,37744,e84cf7ddf8d523a1e1591cdbf64a9e82715ce4dc459fe68cfa43b89c7d2735c6,True,False
tv2_m16_branch_00__MULTI__s9101,tv2_m16_branch_00,MULTI,9101,29,FROZEN_LAYERWISE,CONVERGED,0.38532463088613134,0.38532463088613145,1.2022318565481753e-05,9.453169453977403e-05,0.1271776479202262,22,21,64,116,1856,6.336506128311157,12,22,2,0.0,0,393,366,1125,17169,59.29827380180359,19025,1189,65.63477993011475,415,fits/tv2_m16_branch_00__MULTI__s9101/p028/FROZEN_LAYERWISE/WINNER.json,ebac6bf0e379027d06c29d5513558e6bb04432c0a63544eb9f420f79696e3d9d,492a1500177909fbd8d57fc5182c631096a617ffde473e8804199cc71adf6c1d,False,,,291856,509,366315,39092,c97bbc5adc52d5e88c55c6335c09b3b02c8c5601e5f906476dc79d70b25caa2c,True,True
tv2_m16_branch_00__MULTI__s9101,tv2_m16_branch_00,MULTI,9101,29,WARM_JOINT,BUDGET_EXHAUSTED,0.2576545142835818,0.25765451428358177,0.007213391496687046,0.11183971479574933,0.06449758486831553,39,38,115,116,3335,11.467508316040039,35,39,58,1.4241182076482959,0,677,650,1977,33108,114.09852981567383,36443,2092,125.56603813171387,716,fits/tv2_m16_branch_00__MULTI__s9101/p028/WARM_JOINT/WINNER.json,8ac1df6ab3d0cc01396088fa98734e9fb6b95b228d0fef67a3f203ddc662fd4b,a6094d4ac047b142f6f1a2c8711825f0bc33226653739f6f08ba02f7887cc5cf,False,,,291856,509,366315,39092,525a0c9f6d5795c82eda750dd050295805e3cbe7733719e27b82e74ab1b435f0,True,False
tv2_m16_branch_00__MULTI__s9101,tv2_m16_branch_00,MULTI,9101,30,FROZEN_LAYERWISE,CONVERGED,0.3850994411510622,0.38509944115106215,1.2181307183101137e-05,9.396725140982634e-05,0.12963353722004595,14,13,40,120,1200,4.129870176315308,5,14,2,0.0,0,415,387,1189,19025,65.63477993011475,20225,1229,69.76465010643005,429,fits/tv2_m16_branch_00__MULTI__s9101/p029/FROZEN_LAYERWISE/WINNER.json,492a1500177909fbd8d57fc5182c631096a617ffde473e8804199cc71adf6c1d,611de2cdf86d03335de3670abe99aa96fc6de47f80d2b990e2912a14ae2cf4ff,False,,,301920,509,378946,40440,90c3de0a27a9ad84df3215fdaf097130b2d867fb4a5f410829b1bfddec556b3a,True,True
tv2_m16_branch_00__MULTI__s9101,tv2_m16_branch_00,MULTI,9101,30,WARM_JOINT,BUDGET_EXHAUSTED,0.25641027959822116,0.2564102795982212,0.007428298014848443,0.1129196297219269,0.06578393883456035,40,39,118,120,3540,12.177639961242676,35,40,60,1.3689523270450106,0,716,688,2092,36443,125.56603813171387,39983,2210,137.74367809295654,756,fits/tv2_m16_branch_00__MULTI__s9101/p029/WARM_JOINT/WINNER.json,a6094d4ac047b142f6f1a2c8711825f0bc33226653739f6f08ba02f7887cc5cf,0955fc6c96884596ce49420b14614e4b2fdc96ae43ce166044a8c6c5f42b1341,False,,,301920,509,378946,40440,48447e4ccef93ff79793f9bf23d8edcf24dfefd86961602713e8f79933fa29d1,True,False
tv2_m16_branch_00__MULTI__s9101,tv2_m16_branch_00,MULTI,9101,31,FROZEN_LAYERWISE,CONVERGED,0.38509944104926336,0.3850994410492629,1.2181239730706797e-05,9.396762800912938e-05,0.12963229985461946,4,3,10,124,310,1.0698416233062744,2,4,2,0.0,0,429,400,1229,20225,69.76465010643005,20535,1239,70.83449172973633,433,fits/tv2_m16_branch_00__MULTI__s9101/p030/FROZEN_LAYERWISE/WINNER.json,611de2cdf86d03335de3670abe99aa96fc6de47f80d2b990e2912a14ae2cf4ff,c96547e999d18dba3e41def08d712489aef48f518c11edba8da4d40f0c919991,False,,,311984,509,391577,41788,8dbd826adb97cf43bd6bcf59c6e509012bc0aed856fea11040894cf652e78b8d,True,True
tv2_m16_branch_00__MULTI__s9101,tv2_m16_branch_00,MULTI,9101,31,WARM_JOINT,BUDGET_EXHAUSTED,0.2554512776467303,0.25545127764673076,0.007680169415593062,0.11405629105025178,0.06733665758260783,42,41,124,124,3844,13.152537107467651,38,42,62,1.3046341226135234,0,756,727,2210,39983,137.74367809295654,43827,2334,150.8962152004242,798,fits/tv2_m16_branch_00__MULTI__s9101/p030/WARM_JOINT/WINNER.json,0955fc6c96884596ce49420b14614e4b2fdc96ae43ce166044a8c6c5f42b1341,893bf823b259a91d29d16281a1d599237acadc2b52d749202377e67f524084c2,False,,,311984,509,391577,41788,96e1c83f9377dfab4f3e7722a1c899219cef0a4c33e5f1452e91312a3a93fd49,True,False
tv2_m16_branch_00__MULTI__s9101,tv2_m16_branch_00,MULTI,9101,32,FROZEN_LAYERWISE,CONVERGED,0.38491257346738345,0.3849125734673835,1.2018650951335555e-05,9.521286830264693e-05,0.12622927095455894,15,14,43,128,1376,4.691662073135376,9,15,2,0.0,0,433,403,1239,20535,70.83449172973633,21911,1282,75.5261538028717,448,fits/tv2_m16_branch_00__MULTI__s9101/p031/FROZEN_LAYERWISE/WINNER.json,c96547e999d18dba3e41def08d712489aef48f518c11edba8da4d40f0c919991,388f4cf6d1da7db40be357688de63ea21bd7daa3f2e4e026d73fc88c4d26c846,True,3c358febf3d99790f5e318093fab9a03541f47fdaf25429874a1ae5abad63aa4,4.971375186302846e-16,322048,509,404208,43136,50262a24a0e22ff1191ba7e04d2e185d1c5420a5be6b115111faf37b0ae19293,True,True
tv2_m16_branch_00__MULTI__s9101,tv2_m16_branch_00,MULTI,9101,32,WARM_JOINT,BUDGET_EXHAUSTED,0.25515831545311246,0.2551583154531124,0.007862145706299511,0.11433997756716079,0.06876112689178603,43,42,127,128,4064,12.985896348953247,38,43,64,1.2218046742015358,0,798,768,2334,43827,150.8962152004242,47891,2461,163.88211154937744,841,fits/tv2_m16_branch_00__MULTI__s9101/p031/WARM_JOINT/WINNER.json,893bf823b259a91d29d16281a1d599237acadc2b52d749202377e67f524084c2,b5335f22dde89519079482c6aa6d9495fe8332b76226f6b6eed8bae0313958d1,True,5a46f489e236fc8fa7bc637204466678bef71667d8fb5bb225f8fca79d868932,3.615929451669447e-15,322048,509,404208,43136,54525381bf6a66a708bbd5d7b107f0ff21c7da960f4f0f589536e8b08c21d05b,True,False
tv2_m16_branch_00__MULTI__s9101,tv2_m16_branch_00,MULTI,9101,32,RANDOM_JOINT,BUDGET_EXHAUSTED,0.24793892461941897,0.2479389246194192,0.029467934548618933,0.1251047808293122,0.23554603072142996,42,42,126,128,4032,13.208158731460571,38,41,64,3.706030692139448,0,0,0,0,0,0.0,4032,126,13.208158731460571,42,,,c8595ab088c628fe95773b8088a14256ab76d94a5c97d295385792d2c1c3999c,True,ce35b28d718929abdfd6b6328229e850c66f05a749b6f0f072d20bf2a96a46e1,1.0980128164946026e-15,322048,509,404208,43136,c7d9a6a6489092473f5fb462a4d56500d3706301f03ff41ee8bc1c4baca26d45,False,False
tv2_m16_branch_00__MULTI__s9101,tv2_m16_branch_00,MULTI,9101,33,FROZEN_LAYERWISE,CONVERGED,0.38475253421155564,0.38475253421155564,1.2111391114370272e-05,9.538728306110636e-05,0.1269707106199005,14,13,40,132,1320,7.970153331756592,5,14,2,0.0,0,448,417,1282,21911,75.5261538028717,23231,1322,83.4963071346283,462,fits/tv2_m16_branch_00__MULTI__s9101/p032/FROZEN_LAYERWISE/WINNER.json,388f4cf6d1da7db40be357688de63ea21bd7daa3f2e4e026d73fc88c4d26c846,51ac15f3781c711faebcd32bb9df90e5dea9ee52af65876ee9e4cb956a85e123,False,,,332112,509,416839,44484,a19cd5e436bccbc5473298c7c4031343831619a332ff2fbf772b233b3c6329a0,True,True
tv2_m16_branch_00__MULTI__s9101,tv2_m16_branch_00,MULTI,9101,33,WARM_JOINT,BUDGET_EXHAUSTED,0.25418551411553203,0.25418551411553203,0.008039046958964784,0.11515923913577218,0.06980809372565223,44,43,130,132,4290,18.051502466201782,39,44,66,1.163910428870892,0,841,810,2461,47891,163.88211154937744,52181,2591,181.93361401557922,885,fits/tv2_m16_branch_00__MULTI__s9101/p032/WARM_JOINT/WINNER.json,b5335f22dde89519079482c6aa6d9495fe8332b76226f6b6eed8bae0313958d1,5ab883fa60050343495357eef2a7d3cde700b2983bdc31ad2a1c3909b0af48f4,False,,,332112,509,416839,44484,92929222d6185390c5a9f104d786c6136208e02ed174b6799030fb64264215ee,True,False
tv2_m16_branch_00__MULTI__s9101,tv2_m16_branch_00,MULTI,9101,34,FROZEN_LAYERWISE,CONVERGED,0.3847525340110356,0.3847525340110356,1.2111528512347706e-05,9.538737767393176e-05,0.12697202510115385,4,3,10,136,340,1.468672513961792,2,4,2,0.0,0,462,430,1322,23231,83.4963071346283,23571,1332,84.96497964859009,466,fits/tv2_m16_branch_00__MULTI__s9101/p033/FROZEN_LAYERWISE/WINNER.json,51ac15f3781c711faebcd32bb9df90e5dea9ee52af65876ee9e4cb956a85e123,1ac34a922ff24739a9ee6637a3074f7852057cf4c67206dee59ccb88cf0ef531,False,,,342176,509,429470,45832,e634abcb9185df28f98004c4eeed475480bfb46074349fa1f6f477092b4a2c4c,True,True
tv2_m16_branch_00__MULTI__s9101,tv2_m16_branch_00,MULTI,9101,34,WARM_JOINT,BUDGET_EXHAUSTED,0.24433108095941863,0.2443310809594188,0.008423511188574746,0.1186685058296887,0.0709835447044732,46,45,136,136,4624,20.0998592376709,39,46,68,1.8504141361019193,0,885,853,2591,52181,181.93361401557922,56805,2727,202.03347325325012,931,fits/tv2_m16_branch_00__MULTI__s9101/p033/WARM_JOINT/WINNER.json,5ab883fa60050343495357eef2a7d3cde700b2983bdc31ad2a1c3909b0af48f4,f8d274ee7b64dfb42494fff1d7de5670f12e52cb78a138fa4c81a0424a83581a,False,,,342176,509,429470,45832,94379e92adca2caf1499581059bc84d8287ffa6a6cb86fbf5ba5f01a735acb6f,True,False
tv2_m16_branch_00__MULTI__s9101,tv2_m16_branch_00,MULTI,9101,35,FROZEN_LAYERWISE,CONVERGED,0.38462200058694845,0.3846220005869485,1.225828222526485e-05,9.457971921360426e-05,0.1296079363227971,16,15,46,140,1610,6.77931547164917,5,16,2,0.0,0,466,433,1332,23571,84.96497964859009,25181,1378,91.74429512023926,482,fits/tv2_m16_branch_00__MULTI__s9101/p034/FROZEN_LAYERWISE/WINNER.json,1ac34a922ff24739a9ee6637a3074f7852057cf4c67206dee59ccb88cf0ef531,7258c6b6f9f5e31870055e4bd44a368ec416f2a037c801f598a5ea1bfea80547,False,,,352240,509,442101,47180,fd5b2d385c12e6e305a29e9253a7950f0619cd48a41298784debf7739b42df86,True,True
tv2_m16_branch_00__MULTI__s9101,tv2_m16_branch_00,MULTI,9101,35,WARM_JOINT,BUDGET_EXHAUSTED,0.22950529006193648,0.22950529006193662,0.009328887378303162,0.13079959290621382,0.07132199092540127,47,46,139,140,4865,20.54943037033081,41,47,70,2.110558654897804,0,931,898,2727,56805,202.03347325325012,61670,2866,222.58290362358093,978,fits/tv2_m16_branch_00__MULTI__s9101/p034/WARM_JOINT/WINNER.json,f8d274ee7b64dfb42494fff1d7de5670f12e52cb78a138fa4c81a0424a83581a,95734a05eb73ea160651e5ead33554162788987f1ca7f79e031f70b583b966f2,False,,,352240,509,442101,47180,d8f9a5f1368e6f692039751df708213855348d659413f3b67df82f924b5a5992,True,False
tv2_m16_branch_00__MULTI__s9101,tv2_m16_branch_00,MULTI,9101,36,FROZEN_LAYERWISE,CONVERGED,0.384513965962929,0.38451396596292897,1.2332049545480907e-05,9.470197136662484e-05,0.13021956531125609,17,16,49,144,1764,7.620394706726074,11,17,2,0.0,0,482,448,1378,25181,91.74429512023926,26945,1427,99.36468982696533,499,fits/tv2_m16_branch_00__MULTI__s9101/p035/FROZEN_LAYERWISE/WINNER.json,7258c6b6f9f5e31870055e4bd44a368ec416f2a037c801f598a5ea1bfea80547,ba83d4bb6e933b01c26f90a4540f1c989cc6551139f3ae502681cbabfb7f25e6,False,,,362304,509,454732,48528,f2b4d3d4823e8f7915ca10f7ea12b0887f425ca5f9c52325d692033dfdd6fb6d,True,True
tv2_m16_branch_00__MULTI__s9101,tv2_m16_branch_00,MULTI,9101,36,WARM_JOINT,BUDGET_EXHAUSTED,0.21623598272853292,0.2162359827285324,0.012504908914214375,0.1476088983262733,0.08471649782639555,48,47,142,144,5112,22.17673683166504,40,47,72,1.9189854175920535,0,978,944,2866,61670,222.58290362358093,66782,3008,244.75964045524597,1026,fits/tv2_m16_branch_00__MULTI__s9101/p035/WARM_JOINT/WINNER.json,95734a05eb73ea160651e5ead33554162788987f1ca7f79e031f70b583b966f2,a8b4b50559b503244e2ed14f346fc624be7db77838c07476f01392daf4f0fada,False,,,362304,509,454732,48528,95789359ad892b3f07c1fa575c4ba041e7037fb857947bf48ca55ac380aa9c31,True,False
tv2_m16_branch_00__MULTI__s9101,tv2_m16_branch_00,MULTI,9101,37,FROZEN_LAYERWISE,CONVERGED,0.3844258186979004,0.38442581869790027,1.2436676114261746e-05,9.397539742465168e-05,0.1323397022527446,18,17,52,148,1924,8.305436372756958,14,18,2,0.0,0,499,464,1427,26945,99.36468982696533,28869,1479,107.67012619972229,517,fits/tv2_m16_branch_00__MULTI__s9101/p036/FROZEN_LAYERWISE/WINNER.json,ba83d4bb6e933b01c26f90a4540f1c989cc6551139f3ae502681cbabfb7f25e6,709bab1e6597958d4274f636ba811275570ee1f58b9f33a2cf43ab0e9994d96f,False,,,372368,509,467363,49876,bb5a2506d3ee4194333f7916ec9d092d10752a84b72f90b0035c2d8c1dcd6c1c,True,True
tv2_m16_branch_00__MULTI__s9101,tv2_m16_branch_00,MULTI,9101,37,WARM_JOINT,BUDGET_EXHAUSTED,0.20774157066005636,0.20774157066005686,0.015375869175756812,0.15422603095666393,0.09969697774351262,50,49,148,148,5476,23.275442361831665,41,50,74,1.0855952177192134,0,1026,991,3008,66782,244.75964045524597,72258,3156,268.03508281707764,1076,fits/tv2_m16_branch_00__MULTI__s9101/p036/WARM_JOINT/WINNER.json,a8b4b50559b503244e2ed14f346fc624be7db77838c07476f01392daf4f0fada,291b0f3b3bb6eb30cc35a0b269a1a22814a46539380824d75b7012750eb1b812,False,,,372368,509,467363,49876,7741ee2d4899876d7201be0d30b269f281ac1df2c46fa14fa4b082da2e67eac3,True,False
tv2_m16_branch_00__MULTI__s9101,tv2_m16_branch_00,MULTI,9101,38,FROZEN_LAYERWISE,CONVERGED,0.3843528605911428,0.3843528605911428,1.2496068192816142e-05,9.405761787541915e-05,0.13285546110010343,15,14,43,152,1634,7.114869832992554,12,15,2,0.0,0,517,481,1479,28869,107.67012619972229,30503,1522,114.78499603271484,532,fits/tv2_m16_branch_00__MULTI__s9101/p037/FROZEN_LAYERWISE/WINNER.json,709bab1e6597958d4274f636ba811275570ee1f58b9f33a2cf43ab0e9994d96f,9c51426ed8c6fb158dafa11f69e60747b578809f5c2401a0743baf7e2a9e33d7,False,,,382432,509,479994,51224,6dafab74bc0f024dd972a8c489c8208626af1efbb783e879b9d934bd8116fcb3,True,True
tv2_m16_branch_00__MULTI__s9101,tv2_m16_branch_00,MULTI,9101,38,WARM_JOINT,BUDGET_EXHAUSTED,0.20098797178873865,0.20098797178873884,0.01878348227663112,0.16507377335874773,0.11378841044488507,51,50,151,152,5738,25.208685874938965,48,51,76,1.0549694609928326,0,1076,1040,3156,72258,268.03508281707764,77996,3307,293.2437686920166,1127,fits/tv2_m16_branch_00__MULTI__s9101/p037/WARM_JOINT/WINNER.json,291b0f3b3bb6eb30cc35a0b269a1a22814a46539380824d75b7012750eb1b812,1ef39edd227316237d902f1b971a5ff202254f53cda119c6bf237220a36d7f50,False,,,382432,509,479994,51224,972451ab5759459d6e3c569b7b99ae26216442d3056f0e570ef5741662e400f5,True,False
tv2_m16_branch_00__MULTI__s9101,tv2_m16_branch_00,MULTI,9101,39,FROZEN_LAYERWISE,CONVERGED,0.38428016766546214,0.3842801676654628,1.2693799923118892e-05,9.358608938708342e-05,0.1356376787004722,16,15,46,156,1794,7.659158706665039,10,16,2,0.0,0,532,495,1522,30503,114.78499603271484,32297,1568,122.44415473937988,548,fits/tv2_m16_branch_00__MULTI__s9101/p038/FROZEN_LAYERWISE/WINNER.json,9c51426ed8c6fb158dafa11f69e60747b578809f5c2401a0743baf7e2a9e33d7,102adddcfd4a13f15610caa9dc97a4206d3c77f0be8bd561bde19ff852ef3c6b,False,,,392496,509,492625,52572,083969799f39c903ce03711b61e319314d13e34c4f89f73f15fbdf6ec0c640f9,True,True
tv2_m16_branch_00__MULTI__s9101,tv2_m16_branch_00,MULTI,9101,39,WARM_JOINT,BUDGET_EXHAUSTED,0.19725988839257244,0.19725988839257197,0.019770412069784526,0.17062782231825538,0.11586863033924627,52,51,154,156,6006,25.311813354492188,46,51,78,0.7902072073411115,0,1127,1090,3307,77996,293.2437686920166,84002,3461,318.5555820465088,1179,fits/tv2_m16_branch_00__MULTI__s9101/p038/WARM_JOINT/WINNER.json,1ef39edd227316237d902f1b971a5ff202254f53cda119c6bf237220a36d7f50,0450f4968aa1cd714b5a578ece5ff89920ac2ff80d3eabfb6a49815170815f67,False,,,392496,509,492625,52572,bff9fa2337e1651058064e179a67aa1e8e6206a98f5bf9e8ad595643ebb33eb0,True,False
tv2_m16_branch_00__MULTI__s9101,tv2_m16_branch_00,MULTI,9101,40,FROZEN_LAYERWISE,CONVERGED,0.3842801673599379,0.3842801673599379,1.2694197364762519e-05,9.358503989243567e-05,0.1356434466379767,4,3,10,160,400,1.7047538757324219,2,4,2,0.0,0,548,510,1568,32297,122.44415473937988,32697,1578,124.1489086151123,552,fits/tv2_m16_branch_00__MULTI__s9101/p039/FROZEN_LAYERWISE/WINNER.json,102adddcfd4a13f15610caa9dc97a4206d3c77f0be8bd561bde19ff852ef3c6b,f01af202ad822c28eb93c4f2603fe83eefd90e90445939ed53b7ba4c3472a331,False,,,402560,509,505256,53920,d10cd02b74b44813da0f7c97f09d8a35f8f9108d8450bbc41a156ec87ab886c0,True,True
tv2_m16_branch_00__MULTI__s9101,tv2_m16_branch_00,MULTI,9101,40,WARM_JOINT,BUDGET_EXHAUSTED,0.19007674198769364,0.1900767419876937,0.022780119724511116,0.1825547460378075,0.12478514099980344,54,53,160,160,6400,27.424365758895874,49,54,80,1.2578191948581838,0,1179,1141,3461,84002,318.5555820465088,90402,3621,345.97994780540466,1233,fits/tv2_m16_branch_00__MULTI__s9101/p039/WARM_JOINT/WINNER.json,0450f4968aa1cd714b5a578ece5ff89920ac2ff80d3eabfb6a49815170815f67,7a6627b4cbd2cf85d2d5ebbc226bd163566f06754da495f49f75ad09d88f64ab,False,,,402560,509,505256,53920,3f017072034d3541a2aa88c407985b327cd807a82ec4444e2fcf518b29e8121d,True,False
tv2_m16_branch_00__MULTI__s9101,tv2_m16_branch_00,MULTI,9101,41,FROZEN_LAYERWISE,CONVERGED,0.38422087836657004,0.3842208783665697,1.2618396594026725e-05,9.355106976658144e-05,0.1348824404200913,16,15,46,164,1886,7.935321569442749,5,16,2,0.0,0,552,513,1578,32697,124.1489086151123,34583,1624,132.08423018455505,568,fits/tv2_m16_branch_00__MULTI__s9101/p040/FROZEN_LAYERWISE/WINNER.json,f01af202ad822c28eb93c4f2603fe83eefd90e90445939ed53b7ba4c3472a331,e47898551f71cc3d95093ce6e0331383fc10a9291d862b14dbe82dd31d6ca9a2,False,,,412624,509,517887,55268,296342aece329839a414a2a64f395e98c86c40777c327f6204a5268963295b0b,True,True
tv2_m16_branch_00__MULTI__s9101,tv2_m16_branch_00,MULTI,9101,41,WARM_JOINT,BUDGET_EXHAUSTED,0.18785450579191376,0.18785450579191415,0.02306765926467461,0.18745237283793342,0.12305877442596218,55,54,163,164,6683,29.090455293655396,49,54,82,0.8294510170786484,0,1233,1194,3621,90402,345.97994780540466,97085,3784,375.07040309906006,1288,fits/tv2_m16_branch_00__MULTI__s9101/p040/WARM_JOINT/WINNER.json,7a6627b4cbd2cf85d2d5ebbc226bd163566f06754da495f49f75ad09d88f64ab,89af33cb06e432c26dae5b9d252446ea86d8defced05654f892f5e66bfd92a48,False,,,412624,509,517887,55268,9ecc7186ff46beb232054ea4a70c862aa577783d6b8b955a0f7de60a50c8ba8b,True,False
tv2_m16_branch_00__MULTI__s9101,tv2_m16_branch_00,MULTI,9101,42,FROZEN_LAYERWISE,CONVERGED,0.3841718934466347,0.3841718934466349,1.2772694364692501e-05,9.312882688085587e-05,0.1371508134751146,15,14,43,168,1806,8.2888343334198,5,15,2,0.0,0,568,528,1624,34583,132.08423018455505,36389,1667,140.37306451797485,583,fits/tv2_m16_branch_00__MULTI__s9101/p041/FROZEN_LAYERWISE/WINNER.json,e47898551f71cc3d95093ce6e0331383fc10a9291d862b14dbe82dd31d6ca9a2,ceacc45ba54ec55858838fbf209c534f4ebc8733e87d48502d5b8bd81aef3dbf,False,,,422688,509,530518,56616,93252ced16606acd8d3dd94a3daf815cfe42f708c80b2af559acad14292af812,True,True
tv2_m16_branch_00__MULTI__s9101,tv2_m16_branch_00,MULTI,9101,42,WARM_JOINT,BUDGET_EXHAUSTED,0.18070143614833833,0.18070143614833817,0.02457021207495509,0.19962006268588064,0.12308488307419496,56,55,166,168,6972,30.214999198913574,49,56,84,0.9315150315462483,0,1288,1248,3784,97085,375.07040309906006,104057,3950,405.28540229797363,1344,fits/tv2_m16_branch_00__MULTI__s9101/p041/WARM_JOINT/WINNER.json,89af33cb06e432c26dae5b9d252446ea86d8defced05654f892f5e66bfd92a48,0342d2a44f963d0d373c9854d021e119c98512814e43a58a07aee1af1c593810,False,,,422688,509,530518,56616,546a5b859d2ae78bf58953f9fc51fc3d6c03d1eae7ea2a037f45a5dd4265751c,True,False
tv2_m16_branch_00__MULTI__s9101,tv2_m16_branch_00,MULTI,9101,43,FROZEN_LAYERWISE,CONVERGED,0.38413194679861445,0.38413194679861473,1.2707282611529594e-05,9.307389517896677e-05,0.1365289653677376,23,22,67,172,2881,12.498681545257568,15,23,2,0.0,0,583,542,1667,36389,140.37306451797485,39270,1734,152.87174606323242,606,fits/tv2_m16_branch_00__MULTI__s9101/p042/FROZEN_LAYERWISE/WINNER.json,ceacc45ba54ec55858838fbf209c534f4ebc8733e87d48502d5b8bd81aef3dbf,0d2f4bf3c3d30c20b9df83840d3ad01608ee899ae8436f3333e36ed566e1753f,False,,,432752,509,543149,57964,0575286a3a3acaa40092838c93a592fbd7e4417c5729eba1fa04c06f28e30d03,True,True
tv2_m16_branch_00__MULTI__s9101,tv2_m16_branch_00,MULTI,9101,43,WARM_JOINT,BUDGET_EXHAUSTED,0.1724876797419439,0.17248767974194404,0.025191178040907928,0.2094334689118694,0.12028248479954508,58,57,172,172,7396,32.624427795410156,50,58,86,1.2493098720155866,0,1344,1303,3950,104057,405.28540229797363,111453,4122,437.9098300933838,1402,fits/tv2_m16_branch_00__MULTI__s9101/p042/WARM_JOINT/WINNER.json,0342d2a44f963d0d373c9854d021e119c98512814e43a58a07aee1af1c593810,759de72b1a3e717df6171adb65224710b9d5fbfe2e0a0e94ea86df1d7299e8c5,False,,,432752,509,543149,57964,d885a7fc7b2abc293cd9d57b74c56b5641ce48a06e2c9b3e120df2ae014de40a,True,False
tv2_m16_branch_00__MULTI__s9101,tv2_m16_branch_00,MULTI,9101,44,FROZEN_LAYERWISE,CONVERGED,0.3841067959665999,0.3841067959666002,1.273928847398548e-05,9.25909711547985e-05,0.13758672487285248,22,21,64,176,2816,13.015982866287231,9,22,2,0.0,0,606,564,1734,39270,152.87174606323242,42086,1798,165.88772892951965,628,fits/tv2_m16_branch_00__MULTI__s9101/p043/FROZEN_LAYERWISE/WINNER.json,0d2f4bf3c3d30c20b9df83840d3ad01608ee899ae8436f3333e36ed566e1753f,b7677230e05f699a12a6a313274caafbf9a19e5e972eea25d9df36c29dcc1a0f,False,,,442816,509,555780,59312,28de9151360004bf3d089fbcad65b2d291a9b866fd03d0dc9acdf99d3b9e2d33,True,True
tv2_m16_branch_00__MULTI__s9101,tv2_m16_branch_00,MULTI,9101,44,WARM_JOINT,BUDGET_EXHAUSTED,0.1620157774947938,0.16201577749479273,0.025510816842270266,0.2253520052568138,0.11320430369899678,59,58,175,176,7700,33.703786849975586,51,59,88,1.6927824379332357,0,1402,1360,4122,111453,437.9098300933838,119153,4297,471.6136169433594,1461,fits/tv2_m16_branch_00__MULTI__s9101/p043/WARM_JOINT/WINNER.json,759de72b1a3e717df6171adb65224710b9d5fbfe2e0a0e94ea86df1d7299e8c5,0bd7af95fc01fa8f2207a6de024e10872bf87a69df234b7a6a0c43b01e5dea42,False,,,442816,509,555780,59312,da6f6e035ac501b7cc829a034a1d0d1698c8728489a86fe97fa23baf698d6089,True,False
tv2_m16_branch_00__MULTI__s9101,tv2_m16_branch_00,MULTI,9101,45,FROZEN_LAYERWISE,CONVERGED,0.3840858825406752,0.3840858825406749,1.2775830408679468e-05,9.232634877331437e-05,0.13837686184306405,16,15,46,180,2070,9.495635986328125,5,16,2,0.0,0,628,585,1798,42086,165.88772892951965,44156,1844,175.38336491584778,644,fits/tv2_m16_branch_00__MULTI__s9101/p044/FROZEN_LAYERWISE/WINNER.json,b7677230e05f699a12a6a313274caafbf9a19e5e972eea25d9df36c29dcc1a0f,a08735950f35370652883599e93a494b7abb6489cd149abde8e2a6304c444b10,False,,,452880,509,568411,60660,84b5075f9c94567dc470cd9a33f8d183308b58cf55542b708005375614c394e5,True,True
tv2_m16_branch_00__MULTI__s9101,tv2_m16_branch_00,MULTI,9101,45,WARM_JOINT,BUDGET_EXHAUSTED,0.15684194154687497,0.15684194154687525,0.026152934247472715,0.23069984616700545,0.11336346634813271,60,59,178,180,8010,35.57345175743103,49,60,90,0.8997665977998563,0,1461,1418,4297,119153,471.6136169433594,127163,4475,507.1870687007904,1521,fits/tv2_m16_branch_00__MULTI__s9101/p044/WARM_JOINT/WINNER.json,0bd7af95fc01fa8f2207a6de024e10872bf87a69df234b7a6a0c43b01e5dea42,ebdbc49ac7c1e118d5ea460ec66baf3b646d129beb4719125bff6cd61ad69cb0,False,,,452880,509,568411,60660,c1ba5e651ded0c9a1b6fe9034cfbf34585725d02c43db96bf0c63ab7aaa0071f,True,False
tv2_m16_branch_00__MULTI__s9101,tv2_m16_branch_00,MULTI,9101,46,FROZEN_LAYERWISE,CONVERGED,0.38406585209768296,0.3840658520976826,1.2786993704058833e-05,9.269305194610001e-05,0.13794986178138063,16,15,46,184,2116,9.237749099731445,11,16,2,0.0,0,644,600,1844,44156,175.38336491584778,46272,1890,184.62111401557922,660,fits/tv2_m16_branch_00__MULTI__s9101/p045/FROZEN_LAYERWISE/WINNER.json,a08735950f35370652883599e93a494b7abb6489cd149abde8e2a6304c444b10,227bca3992d8e8e0e7426e98b31a187de293ad0c5eb5990ad6dffc06915f0f86,False,,,462944,509,581042,62008,9135ec077e4ad1ca4a41284fd857cc53e52dc5748179c2bc42bad8658e669d81,True,True
tv2_m16_branch_00__MULTI__s9101,tv2_m16_branch_00,MULTI,9101,46,WARM_JOINT,BUDGET_EXHAUSTED,0.13596656464439072,0.1359665646443904,0.02823814865350134,0.24086165761900047,0.11723804001286489,62,61,184,184,8464,37.05040669441223,52,62,92,2.4359905472112224,0,1521,1477,4475,127163,507.1870687007904,135627,4659,544.2374753952026,1583,fits/tv2_m16_branch_00__MULTI__s9101/p045/WARM_JOINT/WINNER.json,ebdbc49ac7c1e118d5ea460ec66baf3b646d129beb4719125bff6cd61ad69cb0,a2df41e377544589b5e9bb3c00f9a5cad4e9d9a4aaa87265351376d2f5866fc6,False,,,462944,509,581042,62008,d8894f8822adbf3691431977eca94a27091cc4d13aaab3d9687a572f4614cb64,True,False
tv2_m16_branch_00__MULTI__s9101,tv2_m16_branch_00,MULTI,9101,47,FROZEN_LAYERWISE,CONVERGED,0.38404923271971014,0.38404923271971014,1.2761430094174487e-05,9.291786681859645e-05,0.13734097145265534,21,20,61,188,2867,12.242815971374512,14,21,2,0.0,0,660,615,1890,46272,184.62111401557922,49139,1951,196.86392998695374,681,fits/tv2_m16_branch_00__MULTI__s9101/p046/FROZEN_LAYERWISE/WINNER.json,227bca3992d8e8e0e7426e98b31a187de293ad0c5eb5990ad6dffc06915f0f86,848d93970410767780a4044f95db6a9346174741349dc296877340f77f79147e,False,,,473008,509,593673,63356,422ac3b70f927e726707cc22b1080fc220d6fced90db8d9aaeefdc08fed6e48f,True,True
tv2_m16_branch_00__MULTI__s9101,tv2_m16_branch_00,MULTI,9101,47,WARM_JOINT,BUDGET_EXHAUSTED,0.1126689631460919,0.11266896314609219,0.03190114271351554,0.27022117062333295,0.1180556750602758,63,62,187,188,8789,37.66453170776367,56,63,94,1.2623976677581243,0,1583,1538,4659,135627,544.2374753952026,144416,4846,581.9020071029663,1646,fits/tv2_m16_branch_00__MULTI__s9101/p046/WARM_JOINT/WINNER.json,a2df41e377544589b5e9bb3c00f9a5cad4e9d9a4aaa87265351376d2f5866fc6,e263c58119a79ab44795408f297fd042ebf438aa499da0166e17be28a8ea916a,False,,,473008,509,593673,63356,812a7db8d4aa9f1372b0e99d813dc429da45415181c85978d4c0dae0530c282e,True,False
tv2_m16_branch_00__MULTI__s9101,tv2_m16_branch_00,MULTI,9101,48,FROZEN_LAYERWISE,CONVERGED,0.38404923038650474,0.38404923038650496,1.276108653436713e-05,9.29201902043673e-05,0.13733384000076393,4,3,10,192,480,2.096295118331909,2,4,2,0.0,0,681,635,1951,49139,196.86392998695374,49619,1961,198.96022510528564,685,fits/tv2_m16_branch_00__MULTI__s9101/p047/FROZEN_LAYERWISE/WINNER.json,848d93970410767780a4044f95db6a9346174741349dc296877340f77f79147e,6a3e1a556495329afe4509e84586205a6888f3acd2506489a3d74e68fad4665b,False,,,483072,509,606304,64704,d6d814a0cf04c4d65752db93d2c65aca5d0f7e80e639dd5b0ce50de6bfee7b34,True,True
tv2_m16_branch_00__MULTI__s9101,tv2_m16_branch_00,MULTI,9101,48,WARM_JOINT,BUDGET_EXHAUSTED,0.08603554670512757,0.08603554670512628,0.03461635399752943,0.30194685219882306,0.11464386445974799,64,63,190,192,9120,39.706501722335815,59,64,96,1.6579350077766537,0,1646,1600,4846,144416,581.9020071029663,153536,5036,621.6085088253021,1710,fits/tv2_m16_branch_00__MULTI__s9101/p047/WARM_JOINT/WINNER.json,e263c58119a79ab44795408f297fd042ebf438aa499da0166e17be28a8ea916a,a4afdfdb3783db99e1781b954adf2d668dfc74473e75ec145434664017895051,False,,,483072,509,606304,64704,f945daeda707acf0cbe31e03f407a26295bf8352d180c3de5ff2d915362634a3,True,False
tv2_m16_branch_00__MULTI__s9101,tv2_m16_branch_00,MULTI,9101,49,FROZEN_LAYERWISE,CONVERGED,0.38404923025551607,0.3840492302555162,1.276116747738801e-05,9.291962822041615e-05,0.1373355417126405,5,4,13,196,637,2.721790313720703,3,5,2,0.0,0,685,638,1961,49619,198.96022510528564,50256,1974,201.68201541900635,690,fits/tv2_m16_branch_00__MULTI__s9101/p048/FROZEN_LAYERWISE/WINNER.json,6a3e1a556495329afe4509e84586205a6888f3acd2506489a3d74e68fad4665b,655ae017b9af739f518edfcd816a3f06bc8086950bec24f8a5a59cad61a097a2,False,,,493136,509,618935,66052,0bdd41d684729659a2505133665f589ac6d5109d45f936f82e7c29680019e357,True,True
tv2_m16_branch_00__MULTI__s9101,tv2_m16_branch_00,MULTI,9101,49,WARM_JOINT,BUDGET_EXHAUSTED,0.07244389161211326,0.07244389161211234,0.03564719997523718,0.3160412133671383,0.1127928841794016,66,65,196,196,9604,40.810603857040405,55,66,98,0.9517589930436015,0,1710,1663,5036,153536,621.6085088253021,163140,5232,662.4191126823425,1776,fits/tv2_m16_branch_00__MULTI__s9101/p048/WARM_JOINT/WINNER.json,a4afdfdb3783db99e1781b954adf2d668dfc74473e75ec145434664017895051,efe569d289a1d3887a9940b670531f5fdf88b6c2e5fffa4bc90947fec4a19dd2,False,,,493136,509,618935,66052,a044f0c02ce862b78fb2f5b7c257f99ddcda3e0a77dcd5e29d2e06e3caba9d48,True,False
tv2_m16_branch_00__MULTI__s9101,tv2_m16_branch_00,MULTI,9101,50,FROZEN_LAYERWISE,CONVERGED,0.3840492302532812,0.38404923025328125,1.2761178022182694e-05,9.291955470081467e-05,0.1373357638580118,4,3,10,200,500,2.208838701248169,2,4,2,0.0,0,690,642,1974,50256,201.68201541900635,50756,1984,203.89085412025452,694,fits/tv2_m16_branch_00__MULTI__s9101/p049/FROZEN_LAYERWISE/WINNER.json,655ae017b9af739f518edfcd816a3f06bc8086950bec24f8a5a59cad61a097a2,45d399fcaa51cb213766112c95830481bf4b9411045c4ae1e61f6d7214213145,False,,,503200,509,631566,67400,f4a8801fac825e13271ec629315c0f7022eeac97fe98057d9b3661d52ee8c4f4,True,True
tv2_m16_branch_00__MULTI__s9101,tv2_m16_branch_00,MULTI,9101,50,WARM_JOINT,BUDGET_EXHAUSTED,0.06177117463670066,0.061771174636700774,0.03552000499083266,0.328631334850618,0.10808465664717748,67,66,199,200,9950,43.19122791290283,58,67,100,0.8521658451165479,0,1776,1728,5232,163140,662.4191126823425,173090,5431,705.6103405952454,1843,fits/tv2_m16_branch_00__MULTI__s9101/p049/WARM_JOINT/WINNER.json,efe569d289a1d3887a9940b670531f5fdf88b6c2e5fffa4bc90947fec4a19dd2,c4e93bc995d5c9d92a8ff8b34bcbe6e5f6dc57b0463f8a6ae50f775018b6da21,False,,,503200,509,631566,67400,40b1249fc06b639cd17a2b144356d97d4837ed5bd23b261421f803223c895196,True,False
tv2_m16_branch_00__MULTI__s9101,tv2_m16_branch_00,MULTI,9101,51,FROZEN_LAYERWISE,CONVERGED,0.3840492299160715,0.3840492299160718,1.2761308818575364e-05,9.291860075496695e-05,0.1373385814561269,4,3,10,204,510,2.1806321144104004,2,4,2,0.0,0,694,645,1984,50756,203.89085412025452,51266,1994,206.07148623466492,698,fits/tv2_m16_branch_00__MULTI__s9101/p050/FROZEN_LAYERWISE/WINNER.json,45d399fcaa51cb213766112c95830481bf4b9411045c4ae1e61f6d7214213145,d2c174feaba5fa8c832ac899a4e8ce5f078f5812718cea486ca8bd28e8c05ebc,False,,,513264,509,644197,68748,dd6817a9a1a948a2169e370c9cdd2ed3e7bf8d2021aa0a09ccbeccb6162147c6,True,True
tv2_m16_branch_00__MULTI__s9101,tv2_m16_branch_00,MULTI,9101,51,WARM_JOINT,BUDGET_EXHAUSTED,0.044786589003464744,0.04478658900346455,0.03781421662931908,0.34704942325126203,0.10895916862521848,68,67,202,204,10302,43.95980477333069,57,68,102,1.5229153151506576,0,1843,1794,5431,173090,705.6103405952454,183392,5633,749.570145368576,1911,fits/tv2_m16_branch_00__MULTI__s9101/p050/WARM_JOINT/WINNER.json,c4e93bc995d5c9d92a8ff8b34bcbe6e5f6dc57b0463f8a6ae50f775018b6da21,df3ded0b0392e7d32611e255078a240aa273e502dfc87e0387de8b18d8fd6df9,False,,,513264,509,644197,68748,5b0a891d7404e36212b2c4c1c3449c1118c6041af83bde15712887665aec3846,True,False
tv2_m16_branch_00__MULTI__s9101,tv2_m16_branch_00,MULTI,9101,52,FROZEN_LAYERWISE,CONVERGED,0.3840492298760437,0.38404922987604356,1.2761353040377965e-05,9.291827326839737e-05,0.1373395414217007,4,3,10,208,520,2.2550265789031982,2,4,2,0.0,0,698,648,1994,51266,206.07148623466492,51786,2004,208.32651281356812,702,fits/tv2_m16_branch_00__MULTI__s9101/p051/FROZEN_LAYERWISE/WINNER.json,d2c174feaba5fa8c832ac899a4e8ce5f078f5812718cea486ca8bd28e8c05ebc,3520e4e7d309a61c6acfcad90830561502d43ae23d6858813f5f503668326f98,False,,,523328,509,656828,70096,0c63188d48f600d10a27502553c5c1102ada452e03fea7684c7c243089b977f3,True,True
tv2_m16_branch_00__MULTI__s9101,tv2_m16_branch_00,MULTI,9101,52,WARM_JOINT,BUDGET_EXHAUSTED,0.022076872083132873,0.022076872083134136,0.04136727017031066,0.36508764659940995,0.11330777843518937,70,69,208,208,10816,48.2672803401947,58,70,104,4.432977710418281,0,1911,1861,5633,183392,749.570145368576,194208,5841,797.8374257087708,1981,fits/tv2_m16_branch_00__MULTI__s9101/p051/WARM_JOINT/WINNER.json,df3ded0b0392e7d32611e255078a240aa273e502dfc87e0387de8b18d8fd6df9,5bbe2ccb3a69b46d1a9eaacdad62f29bc704a4e86c43843e538bdec73d68611e,False,,,523328,509,656828,70096,6f138d41ae3da1fc7525b0692e8f3bd698b7ae37eb86b2b3ecc6963162edc29e,True,False
tv2_m16_branch_00__MULTI__s9101,tv2_m16_branch_00,MULTI,9101,53,FROZEN_LAYERWISE,CONVERGED,0.3840492274978917,0.38404922749789155,1.276101345164227e-05,9.292049461510695e-05,0.13733260358224128,4,3,10,212,530,2.263519048690796,2,4,2,0.0,0,702,651,2004,51786,208.32651281356812,52316,2014,210.5900318622589,706,fits/tv2_m16_branch_00__MULTI__s9101/p052/FROZEN_LAYERWISE/WINNER.json,3520e4e7d309a61c6acfcad90830561502d43ae23d6858813f5f503668326f98,dce2116b90ef8c0f9e2da4b16237e80f59d25a265753774915f229c7bced3e5b,False,,,533392,509,669459,71444,ce10bfcda143b1049ed5c5d9588dd860aa98e892e88cea55a24faae2cb2fa002,True,True
tv2_m16_branch_00__MULTI__s9101,tv2_m16_branch_00,MULTI,9101,53,WARM_JOINT,BUDGET_EXHAUSTED,0.004046665031537881,0.004046665031537583,0.0448794176396331,0.3843196321958146,0.11677628171950008,71,70,211,212,11183,47.58434009552002,62,71,106,1.243758086656773,0,1981,1930,5841,194208,797.8374257087708,205391,6052,845.4217658042908,2052,fits/tv2_m16_branch_00__MULTI__s9101/p052/WARM_JOINT/WINNER.json,5bbe2ccb3a69b46d1a9eaacdad62f29bc704a4e86c43843e538bdec73d68611e,f48ad34ffdbed0bf251a5b27a04e4166c204e449867b8f538d16c612cc4987a9,False,,,533392,509,669459,71444,28d624a42b64e3ea5f56a11beaea04824a97bb84390f7358d4fc82cfcdddf5d9,True,False
tv2_m16_branch_00__MULTI__s9101,tv2_m16_branch_00,MULTI,9101,54,FROZEN_LAYERWISE,CONVERGED,0.3840492267242906,0.38404922672429054,1.2760823796885166e-05,9.292163479209977e-05,0.1373288774507236,5,4,13,216,702,3.045835256576538,3,5,2,0.0,0,706,654,2014,52316,210.5900318622589,53018,2027,213.63586711883545,711,fits/tv2_m16_branch_00__MULTI__s9101/p053/FROZEN_LAYERWISE/WINNER.json,dce2116b90ef8c0f9e2da4b16237e80f59d25a265753774915f229c7bced3e5b,5df10a1a8dd787402d7afcb2bfb3fd909e31376a96293a65cd3fee6f0e767ea0,False,,,543456,509,682090,72792,5cdc6b9fef12b424ca5fff19c624cd5e2b057bb089093ea48767a93c396777d9,True,True
tv2_m16_branch_00__MULTI__s9101,tv2_m16_branch_00,MULTI,9101,54,WARM_JOINT,BUDGET_EXHAUSTED,-0.003986545579052231,-0.003986545579051676,0.04524019968965511,0.390248331257861,0.11592669607025721,72,71,214,216,11556,50.763362407684326,64,72,108,2.7400281267993685,0,2052,2000,6052,205391,845.4217658042908,216947,6266,896.1851282119751,2124,fits/tv2_m16_branch_00__MULTI__s9101/p053/WARM_JOINT/WINNER.json,f48ad34ffdbed0bf251a5b27a04e4166c204e449867b8f538d16c612cc4987a9,141dab190e096816234d96cefb44a33a1eb910b0d3a65c4995ead42d964de826,False,,,543456,509,682090,72792,3db8e138e38cdc62a8db92d894251fefc26e1097da950c1f70cb6e1f1d6a3034,True,False
tv2_m16_branch_00__MULTI__s9101,tv2_m16_branch_00,MULTI,9101,55,FROZEN_LAYERWISE,CONVERGED,0.3840492266821588,0.38404922668215846,1.2760778955858668e-05,9.292189855825177e-05,0.13732800506501777,4,3,10,220,550,2.399913787841797,2,4,2,0.0,0,711,658,2027,53018,213.63586711883545,53568,2037,216.03578090667725,715,fits/tv2_m16_branch_00__MULTI__s9101/p054/FROZEN_LAYERWISE/WINNER.json,5df10a1a8dd787402d7afcb2bfb3fd909e31376a96293a65cd3fee6f0e767ea0,d94575bb8f2dacc16c911e3533a9ea8413a116a7784de653d77edb4e1e150fa2,False,,,553520,509,694721,74140,a39bbcbaa68d04bf5ba46575f78f9962493faa6edb0d5fa0711ca58542c85a8d,True,True
tv2_m16_branch_00__MULTI__s9101,tv2_m16_branch_00,MULTI,9101,55,WARM_JOINT,BUDGET_EXHAUSTED,-0.019946276290233877,-0.01994627629023446,0.046931436305984335,0.4084012198543993,0.11491502479526394,74,73,220,220,12100,51.86093235015869,62,74,110,1.5347645983053448,0,2124,2071,6266,216947,896.1851282119751,229047,6486,948.0460605621338,2198,fits/tv2_m16_branch_00__MULTI__s9101/p054/WARM_JOINT/WINNER.json,141dab190e096816234d96cefb44a33a1eb910b0d3a65c4995ead42d964de826,4af911e48531c5b0fc7135201428c92bbdd4e49d3bfa6bafd2d4715bae8182bd,False,,,553520,509,694721,74140,ce66d6996351d4335df2b48ebdd948b41abb55de8c7dcc6b4bae668b38069bcc,True,False
tv2_m16_branch_00__MULTI__s9101,tv2_m16_branch_00,MULTI,9101,56,FROZEN_LAYERWISE,CONVERGED,0.3840492264794667,0.38404922647946677,1.2760876735310344e-05,9.292129735381773e-05,0.13732994586505368,5,4,13,224,728,3.1920273303985596,3,5,2,0.0,0,715,661,2037,53568,216.03578090667725,54296,2050,219.2278082370758,720,fits/tv2_m16_branch_00__MULTI__s9101/p055/FROZEN_LAYERWISE/WINNER.json,d94575bb8f2dacc16c911e3533a9ea8413a116a7784de653d77edb4e1e150fa2,40ae72c1e5a8632950a56e8446a8f05bcbdb7593d98fa055499a6b09fcc6f50a,False,,,563584,509,707352,75488,960b5d5e456a3cb4122b3c9361d622f4ce7a2aae5e1f25a91a3faff25ece1508,True,True
tv2_m16_branch_00__MULTI__s9101,tv2_m16_branch_00,MULTI,9101,56,WARM_JOINT,BUDGET_EXHAUSTED,-0.023980457312441222,-0.02398045731244161,0.04732506231288454,0.4142704236999127,0.11423712533039929,75,74,223,224,12488,54.38738131523132,63,75,112,1.445425374623804,0,2198,2144,6486,229047,948.0460605621338,241535,6709,1002.4334418773651,2273,fits/tv2_m16_branch_00__MULTI__s9101/p055/WARM_JOINT/WINNER.json,4af911e48531c5b0fc7135201428c92bbdd4e49d3bfa6bafd2d4715bae8182bd,8f397ebdd02046e8cb3c6cdecd53a98aee21ff4dd92ef6603ddaef43740dc9ac,False,,,563584,509,707352,75488,f27a849f3c9c3e2c1c957b9c1d86b627c9d08889ded92317edc8dbb5ff1fe46a,True,False
tv2_m16_branch_00__MULTI__s9101,tv2_m16_branch_00,MULTI,9101,57,FROZEN_LAYERWISE,CONVERGED,0.3840492249736874,0.3840492249736878,1.2760618465529215e-05,9.292269225445455e-05,0.1373251049440778,4,3,10,228,570,2.455767869949341,2,4,2,0.0,0,720,665,2050,54296,219.2278082370758,54866,2060,221.68357610702515,724,fits/tv2_m16_branch_00__MULTI__s9101/p056/FROZEN_LAYERWISE/WINNER.json,40ae72c1e5a8632950a56e8446a8f05bcbdb7593d98fa055499a6b09fcc6f50a,5504141a74bb5efe8d1be21a9ff14668ae5cdef8714a82ddf7ac0141ac23841f,False,,,573648,509,719983,76836,123a966cf9f76e54fb838f357deccb63ea047cca75c0047f390852934c593bfa,True,True
tv2_m16_branch_00__MULTI__s9101,tv2_m16_branch_00,MULTI,9101,57,WARM_JOINT,BUDGET_EXHAUSTED,-0.030517796315526827,-0.03051779631552662,0.04866411445016657,0.4228264106033466,0.11509241908689184,76,75,226,228,12882,54.97337889671326,66,76,114,1.162840574399935,0,2273,2218,6709,241535,1002.4334418773651,254417,6935,1057.4068207740784,2349,fits/tv2_m16_branch_00__MULTI__s9101/p056/WARM_JOINT/WINNER.json,8f397ebdd02046e8cb3c6cdecd53a98aee21ff4dd92ef6603ddaef43740dc9ac,94b4de7b17185d79aa02ed423c30f36ee132a24e08172573490e11a41bc92651,False,,,573648,509,719983,76836,884d45c0662867773cde4d86338ffbabaa34b69cc9808782b420c3550b8b3188,True,False
tv2_m16_branch_00__MULTI__s9101,tv2_m16_branch_00,MULTI,9101,58,FROZEN_LAYERWISE,CONVERGED,0.384037688810223,0.3840376888102226,1.2736742106516996e-05,9.325877983071443e-05,0.13657418775623095,16,15,46,232,2668,11.599425077438354,10,16,2,0.0,0,724,668,2060,54866,221.68357610702515,57534,2106,233.2830011844635,740,fits/tv2_m16_branch_00__MULTI__s9101/p057/FROZEN_LAYERWISE/WINNER.json,5504141a74bb5efe8d1be21a9ff14668ae5cdef8714a82ddf7ac0141ac23841f,b8a59343830dc6959e73a406dadef5207e49bce8ceb9a0f58a5c9f8518188363,False,,,583712,509,732614,78184,d7b0f8a2b7645203a65decf0ab475041d08fd50e735a697520a01bcacf4251ab,True,True
tv2_m16_branch_00__MULTI__s9101,tv2_m16_branch_00,MULTI,9101,58,WARM_JOINT,BUDGET_EXHAUSTED,-0.03328633568163858,-0.03328633568163872,0.04803072810598652,0.42629139410138983,0.11267111832560901,78,77,232,232,13456,58.32781529426575,65,78,116,1.0807324831988214,0,2349,2293,6935,254417,1057.4068207740784,267873,7167,1115.7346360683441,2427,fits/tv2_m16_branch_00__MULTI__s9101/p057/WARM_JOINT/WINNER.json,94b4de7b17185d79aa02ed423c30f36ee132a24e08172573490e11a41bc92651,501b154dc8642531ba1a877d6d2960f3b7e32f39f9543b5c0a99191d7d0dbad2,False,,,583712,509,732614,78184,4d6faf163866ebceef5df07e6b04fc8406b19c05832f473cc9974c39d57184fa,True,False
tv2_m16_branch_00__MULTI__s9101,tv2_m16_branch_00,MULTI,9101,59,FROZEN_LAYERWISE,CONVERGED,0.384037688810223,0.3840376888102226,1.2736742106516993e-05,9.325877983071443e-05,0.13657418775623092,4,3,10,236,590,2.507328748703003,2,1,2,0.0,0,740,683,2106,57534,233.2830011844635,58124,2116,235.7903299331665,744,fits/tv2_m16_branch_00__MULTI__s9101/p058/FROZEN_LAYERWISE/WINNER.json,b8a59343830dc6959e73a406dadef5207e49bce8ceb9a0f58a5c9f8518188363,441e39fd642480de8326c5d7ba02cd3b996992debf19b0cce477a5711602ca2c,False,,,593776,509,745245,79532,8c3aa7eb3f9bee1faf8e07c203bb3eece7c5df928124968f7b179d1f708d3135,True,True
tv2_m16_branch_00__MULTI__s9101,tv2_m16_branch_00,MULTI,9101,59,WARM_JOINT,BUDGET_EXHAUSTED,-0.03811509732091305,-0.038115097320914115,0.04965052752645108,0.43304584849348854,0.11465420508978195,79,78,235,236,13865,59.243624448776245,71,79,118,1.1968905418384836,0,2427,2370,7167,267873,1115.7346360683441,281738,7402,1174.9782605171204,2506,fits/tv2_m16_branch_00__MULTI__s9101/p058/WARM_JOINT/WINNER.json,501b154dc8642531ba1a877d6d2960f3b7e32f39f9543b5c0a99191d7d0dbad2,f967787d660c2a4bd83fc619db4d004a7610095e4d407d011fd4cec5b9d667d9,False,,,593776,509,745245,79532,414f447ac57cae462ce03e64754e6f224262f41909e1e2e1ef403b1b04e55aaf,True,False
tv2_m16_branch_00__MULTI__s9101,tv2_m16_branch_00,MULTI,9101,60,FROZEN_LAYERWISE,CONVERGED,0.384037688661892,0.3840376886618917,1.2736649980113741e-05,9.32599529574596e-05,0.13657148192990776,5,4,13,240,780,3.4831466674804688,3,5,2,0.0,0,744,686,2116,58124,235.7903299331665,58904,2129,239.27347660064697,749,fits/tv2_m16_branch_00__MULTI__s9101/p059/FROZEN_LAYERWISE/WINNER.json,441e39fd642480de8326c5d7ba02cd3b996992debf19b0cce477a5711602ca2c,529d4f22935c9dcfefd134f30d797233522df44f834e030aa797ba5bdae728fe,False,,,603840,509,757876,80880,7ccbb036cfb0e201bedbefa3c488a1414c0a5daaf81b4c8b9ec5044bce53d7b0,True,True
tv2_m16_branch_00__MULTI__s9101,tv2_m16_branch_00,MULTI,9101,60,WARM_JOINT,BUDGET_EXHAUSTED,-0.04182870339803259,-0.04182870339803299,0.04953501666252744,0.4376041983860345,0.11319593560852884,80,79,238,240,14280,61.8606173992157,70,80,120,1.19505553825817,0,2506,2448,7402,281738,1174.9782605171204,296018,7640,1236.838877916336,2586,fits/tv2_m16_branch_00__MULTI__s9101/p059/WARM_JOINT/WINNER.json,f967787d660c2a4bd83fc619db4d004a7610095e4d407d011fd4cec5b9d667d9,45858c46a05576e4852f48985264f60ae064d74486611ec5c52348e77261cb24,False,,,603840,509,757876,80880,29a04ffce8faf4c0bee2ac90f434bded4e9f5f0e95574b5e68cec0bc5199cc5f,True,False
tv2_m16_branch_00__MULTI__s9101,tv2_m16_branch_00,MULTI,9101,61,FROZEN_LAYERWISE,CONVERGED,0.3840376863990504,0.38403768639905056,1.2736266153586639e-05,9.326451984643354e-05,0.13656067896513893,4,3,10,244,610,2.6131222248077393,2,4,2,0.0,0,749,690,2129,58904,239.27347660064697,59514,2139,241.8865988254547,753,fits/tv2_m16_branch_00__MULTI__s9101/p060/FROZEN_LAYERWISE/WINNER.json,529d4f22935c9dcfefd134f30d797233522df44f834e030aa797ba5bdae728fe,35daf2792ee0b70cafa891de12052271686d98af02276974fe005bdd9fa018fc,False,,,613904,509,770507,82228,b4f1f19e9d87d338bfd7b97dfa73a1d797c7483172a357f87dff5f84dca5e19c,True,True
tv2_m16_branch_00__MULTI__s9101,tv2_m16_branch_00,MULTI,9101,61,WARM_JOINT,BUDGET_EXHAUSTED,-0.043944743501354744,-0.04394474350135616,0.049924587059348956,0.4404373843660275,0.11335229213390047,82,81,244,244,14884,63.357587814331055,73,82,122,0.8423425003215388,0,2586,2527,7640,296018,1236.838877916336,310902,7884,1300.1964657306671,2668,fits/tv2_m16_branch_00__MULTI__s9101/p060/WARM_JOINT/WINNER.json,45858c46a05576e4852f48985264f60ae064d74486611ec5c52348e77261cb24,2ea49b182b8bc3d5706ef1140d367fc140b0d463f932fec998cf0f2bdb2d47d8,False,,,613904,509,770507,82228,8a69eb59db5eb7f82c7a17494ca4ffd4aa132914bb833fc16c2f53024f111b0d,True,False
tv2_m16_branch_00__MULTI__s9101,tv2_m16_branch_00,MULTI,9101,62,FROZEN_LAYERWISE,CONVERGED,0.38403768634878965,0.38403768634878954,1.2736320514873825e-05,9.326386752349185e-05,0.13656221699862195,4,3,10,248,620,2.733156681060791,2,4,2,0.0,0,753,693,2139,59514,241.8865988254547,60134,2149,244.6197555065155,757,fits/tv2_m16_branch_00__MULTI__s9101/p061/FROZEN_LAYERWISE/WINNER.json,35daf2792ee0b70cafa891de12052271686d98af02276974fe005bdd9fa018fc,a3a7cf1be0511a052a9a2c2af0edccd698dac49d3b114de2f06b625dda1c72c8,False,,,623968,509,783138,83576,8eacade6637279a58ba0d4948ddf7a249d3d67ad9077e86c4dc1756f476acef4,True,True
tv2_m16_branch_00__MULTI__s9101,tv2_m16_branch_00,MULTI,9101,62,WARM_JOINT,BUDGET_EXHAUSTED,-0.04685612926378785,-0.04685612926378896,0.05067846214433248,0.4458387557411715,0.113669934458891,83,82,247,248,15314,68.32576489448547,71,83,124,0.8752741267573285,0,2668,2608,7884,310902,1300.1964657306671,326216,8131,1368.5222306251526,2751,fits/tv2_m16_branch_00__MULTI__s9101/p061/WARM_JOINT/WINNER.json,2ea49b182b8bc3d5706ef1140d367fc140b0d463f932fec998cf0f2bdb2d47d8,93d5fa19a45d3aa89596bbddc76ed0438dae32fb16ea8a350fdd2b21876156e3,False,,,623968,509,783138,83576,4adb4c13be87ab089ca80c60ede645ecc98645e35c9188dc61bc1ca47853b11d,True,False
tv2_m16_branch_00__MULTI__s9101,tv2_m16_branch_00,MULTI,9101,63,FROZEN_LAYERWISE,CONVERGED,0.3840376854380654,0.3840376854380655,1.2736551171919872e-05,9.326097946342436e-05,0.13656891923288203,4,3,10,252,630,2.685683012008667,2,4,2,0.0,0,757,696,2149,60134,244.6197555065155,60764,2159,247.30543851852417,761,fits/tv2_m16_branch_00__MULTI__s9101/p062/FROZEN_LAYERWISE/WINNER.json,a3a7cf1be0511a052a9a2c2af0edccd698dac49d3b114de2f06b625dda1c72c8,fa35a12005bec8a2d53d243f614d1072d26b16df5318909a7533dfdc300f9567,False,,,634032,509,795769,84924,9b8d7d60a9cb29de49e9ed0730bb15ced08291fa107c78d60eb382d7bfac8add,True,True
tv2_m16_branch_00__MULTI__s9101,tv2_m16_branch_00,MULTI,9101,63,WARM_JOINT,BUDGET_EXHAUSTED,-0.0498912792329597,-0.04989127923296077,0.05116172188160145,0.4496981054929915,0.11376904028873834,84,83,250,252,15750,67.04565834999084,74,84,126,0.864122541106124,0,2751,2690,8131,326216,1368.5222306251526,341966,8381,1435.5678889751434,2835,fits/tv2_m16_branch_00__MULTI__s9101/p062/WARM_JOINT/WINNER.json,93d5fa19a45d3aa89596bbddc76ed0438dae32fb16ea8a350fdd2b21876156e3,acf035f2becfffdae97af34ddaf6a799b84d2ad72404e32b4ca2d3f4ac4e969e,False,,,634032,509,795769,84924,d17c4bfb2906b5a2e6b286e9c242361c00d7ba14f1b3400db253c619b1e66370,True,False
tv2_m16_branch_00__MULTI__s9101,tv2_m16_branch_00,MULTI,9101,64,FROZEN_LAYERWISE,CONVERGED,0.3840376854326369,0.3840376854326367,1.2736566978282848e-05,9.326078078556912e-05,0.13656937965775282,4,3,10,256,640,2.7372381687164307,2,4,2,0.0,0,761,699,2159,60764,247.30543851852417,61404,2169,250.0426766872406,765,fits/tv2_m16_branch_00__MULTI__s9101/p063/FROZEN_LAYERWISE/WINNER.json,fa35a12005bec8a2d53d243f614d1072d26b16df5318909a7533dfdc300f9567,b4ceba0fde3ffc22f4c39821402f316ad320c4b1ad99e04f81d48dd8d5da8e3c,True,d58a1f0505da6ede583c60eba841a8a1776b8edb6e906e2f20bf186e80678922,1.007611558872552e-15,644096,509,808400,86272,4e5448d02da3423bf71618bd6d3f38deabfaabc0cbcfcfa2509d403e433067f0,True,True
tv2_m16_branch_00__MULTI__s9101,tv2_m16_branch_00,MULTI,9101,64,WARM_JOINT,BUDGET_EXHAUSTED,-0.05241832104505918,-0.052418321045060084,0.05247687023861448,0.4542401229780933,0.11552671722296379,86,85,256,256,16384,70.10105037689209,73,86,128,0.8852615216951025,0,2835,2773,8381,341966,1435.5678889751434,358350,8637,1505.6689393520355,2921,fits/tv2_m16_branch_00__MULTI__s9101/p063/WARM_JOINT/WINNER.json,acf035f2becfffdae97af34ddaf6a799b84d2ad72404e32b4ca2d3f4ac4e969e,f998177c52a89d242698ed237597be9b7eb7072a3df6c5f2091dcece93ccea2c,True,6a135ab7ee7ecf9a5c3587a15671e9214fd38a2f5d0ff24ef2bbbda0c8b382e3,6.405241809667227e-15,644096,509,808400,86272,9834e5edcd34738e188884b3e7e46e610ab39563bed2f5d94040f1d261e117d0,True,False
tv2_m16_branch_00__MULTI__s9101,tv2_m16_branch_00,MULTI,9101,64,RANDOM_JOINT,BUDGET_EXHAUSTED,-0.021782847277746042,-0.02178284727774621,0.1260237418572561,0.38510894282155467,0.32724179535776415,85,85,255,256,16320,70.49889802932739,76,85,128,3.3113409331475405,0,0,0,0,0,0.0,16320,255,70.49889802932739,85,,,9bf8da99d205c68867f0c63c77f41c36ebf96b91023788bf7735efe27f605788,True,58434edb12ca1962f000c1df46a912e009bb4a761349ff9951250e1b28687856,8.415582526002426e-15,644096,509,808400,86272,2cfb5b6ae8947b5490d961dc990da028376186aeedebf1909da285b24d4fcf99,False,False
tv2_m16_branch_00__MULTI__s9101,tv2_m16_branch_00,MULTI,9101,65,FROZEN_LAYERWISE,CONVERGED,0.3840376831545038,0.3840376831545037,1.2736178907693747e-05,9.32653408813784e-05,0.13655854133308257,5,4,13,260,845,5.37283182144165,3,5,2,0.0,0,765,702,2169,61404,250.0426766872406,62249,2182,255.41550850868225,770,fits/tv2_m16_branch_00__MULTI__s9101/p064/FROZEN_LAYERWISE/WINNER.json,b4ceba0fde3ffc22f4c39821402f316ad320c4b1ad99e04f81d48dd8d5da8e3c,009433847a46115279c146e19efb7878a21d775ad0a825a9860bf070d19a50b2,False,,,654160,509,821031,87620,6122451d6332a77489df5457871ec402f228a0cb6a728bb6aededf902c85e67f,True,True
tv2_m16_branch_00__MULTI__s9101,tv2_m16_branch_00,MULTI,9101,65,WARM_JOINT,BUDGET_EXHAUSTED,-0.05332740623999757,-0.053327406239997155,0.052842720837468486,0.4559946463199787,0.11588452027655585,87,86,259,260,16835,65.90857744216919,74,87,130,0.6533519456413921,0,2921,2858,8637,358350,1505.6689393520355,375185,8896,1571.5775167942047,3008,fits/tv2_m16_branch_00__MULTI__s9101/p064/WARM_JOINT/WINNER.json,f998177c52a89d242698ed237597be9b7eb7072a3df6c5f2091dcece93ccea2c,5c3d7d26e07d28ee39d12585da7025a58f22a102ce38bf3fc41c0f1d5c575204,False,,,654160,509,821031,87620,1ae468dcaf73e1219d8f150e095f03126bf789d1607cddd68c66a763de3df5ba,True,False
tv2_m16_branch_00__MULTI__s9101,tv2_m16_branch_00,MULTI,9101,66,FROZEN_LAYERWISE,CONVERGED,0.38403768299753954,0.38403768299753954,1.2736279372538214e-05,9.326414123414281e-05,0.13656137507944613,5,4,13,264,858,3.3681631088256836,3,5,2,0.0,0,770,706,2182,62249,255.41550850868225,63107,2195,258.78367161750793,775,fits/tv2_m16_branch_00__MULTI__s9101/p065/FROZEN_LAYERWISE/WINNER.json,009433847a46115279c146e19efb7878a21d775ad0a825a9860bf070d19a50b2,b2889a8118704dd16e10decd83c4b0e00a8feb7f22e18d2f9d402bc1b2ae1cbd,False,,,664224,509,833662,88968,c6c7b9b00f066646849635081a7f9c18176decfe88ae015caec97e4fef622247,True,True
tv2_m16_branch_00__MULTI__s9101,tv2_m16_branch_00,MULTI,9101,66,WARM_JOINT,BUDGET_EXHAUSTED,-0.05910802430296412,-0.0591080243029644,0.05568213800574877,0.4595153935557164,0.12117578385107416,88,87,262,264,17292,72.85724306106567,79,88,132,1.6211639555847632,0,3008,2944,8896,375185,1571.5775167942047,392477,9158,1644.4347598552704,3096,fits/tv2_m16_branch_00__MULTI__s9101/p065/WARM_JOINT/WINNER.json,5c3d7d26e07d28ee39d12585da7025a58f22a102ce38bf3fc41c0f1d5c575204,35aa0760bcaf780830c137f62d4959b7c5199275c28d41acd6581857b52a19f8,False,,,664224,509,833662,88968,992d5610330380f4e911b4a498cba3bfddc9de77dd8e5554daeb4e6e651eeae2,True,False
tv2_m16_branch_00__MULTI__s9101,tv2_m16_branch_00,MULTI,9101,67,FROZEN_LAYERWISE,CONVERGED,0.38403768299753954,0.38403768299753954,1.2736279372538214e-05,9.326414123414281e-05,0.13656137507944613,4,3,10,268,670,2.947293281555176,2,1,2,0.0,0,775,710,2195,63107,258.78367161750793,63777,2205,261.7309648990631,779,fits/tv2_m16_branch_00__MULTI__s9101/p066/FROZEN_LAYERWISE/WINNER.json,b2889a8118704dd16e10decd83c4b0e00a8feb7f22e18d2f9d402bc1b2ae1cbd,08dab30da3c53a530342c6eedc18f684002110fece3a496e30baaa8695f993d1,False,,,674288,509,846293,90316,95d74bf19fcd5c9e8b7ad117301a6e2e42a2fa3aa641e71cc07d23f10b93e4ca,True,True
tv2_m16_branch_00__MULTI__s9101,tv2_m16_branch_00,MULTI,9101,67,WARM_JOINT,BUDGET_EXHAUSTED,-0.06635480381308241,-0.06635480381308259,0.05642258995804967,0.46764397257467416,0.12065287540734852,90,89,268,268,17956,71.6662323474884,80,90,134,2.0159927401620674,0,3096,3031,9158,392477,1644.4347598552704,410433,9426,1716.1009922027588,3186,fits/tv2_m16_branch_00__MULTI__s9101/p066/WARM_JOINT/WINNER.json,35aa0760bcaf780830c137f62d4959b7c5199275c28d41acd6581857b52a19f8,fb4f868c6f045cf0ea1cc3a678b969c3b8ab7fe45c17e96d3feb3793e4d32b6a,False,,,674288,509,846293,90316,54f4d85afbcc339eb5de16762181838480fd45399b2dbd0d563f3a826662dc20,True,False
tv2_m16_branch_00__MULTI__s9101,tv2_m16_branch_00,MULTI,9101,68,FROZEN_LAYERWISE,CONVERGED,0.38403768289804807,0.38403768289804774,1.2736358382768592e-05,9.326318430630469e-05,0.13656362344372153,5,4,13,272,884,3.493654727935791,3,5,2,0.0,0,779,713,2205,63777,261.7309648990631,64661,2218,265.2246196269989,784,fits/tv2_m16_branch_00__MULTI__s9101/p067/FROZEN_LAYERWISE/WINNER.json,08dab30da3c53a530342c6eedc18f684002110fece3a496e30baaa8695f993d1,cae3ec9b8ae4a14a30f9e74817b05ebd0aa28765416266a3fafc61fe214c6691,False,,,684352,509,858924,91664,52b1768203f1941b080fb7bff8413cf33ff143ac6e3d5731881db203ca2ab50a,True,True
tv2_m16_branch_00__MULTI__s9101,tv2_m16_branch_00,MULTI,9101,68,WARM_JOINT,BUDGET_EXHAUSTED,-0.0683813568267618,-0.06838135682676172,0.056067530369941394,0.46447953103881395,0.12071044389091959,91,90,271,272,18428,75.03416538238525,76,91,136,1.0716598934388024,0,3186,3120,9426,410433,1716.1009922027588,428861,9697,1791.135157585144,3277,fits/tv2_m16_branch_00__MULTI__s9101/p067/WARM_JOINT/WINNER.json,fb4f868c6f045cf0ea1cc3a678b969c3b8ab7fe45c17e96d3feb3793e4d32b6a,ccb701071925d69137d8dab70bff28e4b5e1a8d956c5302f3a202642d7cdadb4,False,,,684352,509,858924,91664,e6d3999be427b21a84e2884730aeaac0530dd53bfc6bf0ca6fe5b5b9693f7c12,True,False
tv2_m16_branch_00__MULTI__s9101,tv2_m16_branch_00,MULTI,9101,69,FROZEN_LAYERWISE,CONVERGED,0.38403768058025317,0.3840376805802528,1.2736715215115801e-05,9.3258548873158e-05,0.1365742376330469,4,3,10,276,690,2.920935869216919,2,4,2,0.0,0,784,717,2218,64661,265.2246196269989,65351,2228,268.1455554962158,788,fits/tv2_m16_branch_00__MULTI__s9101/p068/FROZEN_LAYERWISE/WINNER.json,cae3ec9b8ae4a14a30f9e74817b05ebd0aa28765416266a3fafc61fe214c6691,00c953e1ffb41e338aaa2ba9537ef1ecfbae96aea6d2302b994f3f96fde6eb53,False,,,694416,509,871555,93012,23cc6c4a0edc17d394bfdb578830b6d08774fbdd081b52a673691c9aa3f3e020,True,True
tv2_m16_branch_00__MULTI__s9101,tv2_m16_branch_00,MULTI,9101,69,WARM_JOINT,BUDGET_EXHAUSTED,-0.07402349832951946,-0.07402349832951878,0.05675962454164447,0.4645731071337592,0.12217587215030576,92,91,274,276,18906,77.03390765190125,84,92,138,1.1847051889422224,0,3277,3210,9697,428861,1791.135157585144,447767,9971,1868.1690652370453,3369,fits/tv2_m16_branch_00__MULTI__s9101/p068/WARM_JOINT/WINNER.json,ccb701071925d69137d8dab70bff28e4b5e1a8d956c5302f3a202642d7cdadb4,68d347ee851a6fdc7bb462232b460f62ee5c6df7d09b0eb8314ef0a2c8756b10,False,,,694416,509,871555,93012,e5ecb0161a57ca5ca81bb5b62da1851f14a2874dd78296896687e3fdf8cd6fef,True,False
tv2_m16_branch_00__MULTI__s9101,tv2_m16_branch_00,MULTI,9101,70,FROZEN_LAYERWISE,CONVERGED,0.3840376799230538,0.3840376799230538,1.273651816695933e-05,9.326101628038142e-05,0.13656851142033513,5,4,13,280,910,3.6865689754486084,3,5,2,0.0,0,788,720,2228,65351,268.1455554962158,66261,2241,271.83212447166443,793,fits/tv2_m16_branch_00__MULTI__s9101/p069/FROZEN_LAYERWISE/WINNER.json,00c953e1ffb41e338aaa2ba9537ef1ecfbae96aea6d2302b994f3f96fde6eb53,c4a49b5fa47e0632ba06053b4207d45db5cb3b35623a1b36b669ede349979ee1,False,,,704480,509,884186,94360,24a6b9921104c7323cdd8fddfe3fa08c1dbb59f9b6ae1c9bbb093268031dea73,True,True
tv2_m16_branch_00__MULTI__s9101,tv2_m16_branch_00,MULTI,9101,70,WARM_JOINT,BUDGET_EXHAUSTED,-0.09824390961685169,-0.09824390961685156,0.06617960613538834,0.48245987057766654,0.13717121396262266,94,93,280,280,19600,81.12193655967712,80,94,140,2.392535182249535,0,3369,3301,9971,447767,1868.1690652370453,467367,10251,1949.2910017967224,3463,fits/tv2_m16_branch_00__MULTI__s9101/p069/WARM_JOINT/WINNER.json,68d347ee851a6fdc7bb462232b460f62ee5c6df7d09b0eb8314ef0a2c8756b10,a95130e4204b8668c87d1edf9b741730c83bd7eb10ad78aa3788467fd457fd72,False,,,704480,509,884186,94360,0730e875e8443e9b8aa1f8831ef273a8922aa56bb96c9f65037543759d644113,True,False
tv2_m16_branch_00__MULTI__s9101,tv2_m16_branch_00,MULTI,9101,71,FROZEN_LAYERWISE,CONVERGED,0.3840376794455249,0.384037679445525,1.2736680457597906e-05,9.325891901045428e-05,0.13657332288153726,4,3,10,284,710,2.912665367126465,2,4,2,0.0,0,793,724,2241,66261,271.83212447166443,66971,2251,274.7447898387909,797,fits/tv2_m16_branch_00__MULTI__s9101/p070/FROZEN_LAYERWISE/WINNER.json,c4a49b5fa47e0632ba06053b4207d45db5cb3b35623a1b36b669ede349979ee1,5ec21b8ad497060bc0b6974db3f41f5edb9b54f8beaebe7d7bdc940d063c7ccc,False,,,714544,509,896817,95708,70d11df89f0b8cc29513cf788b939ba337e6bf785c2593ef58195c9bddfdf1f4,True,True
tv2_m16_branch_00__MULTI__s9101,tv2_m16_branch_00,MULTI,9101,71,WARM_JOINT,BUDGET_EXHAUSTED,-0.1034786805806644,-0.10347868058066687,0.07376300729881582,0.4927375635493152,0.14970039379072694,95,94,283,284,20093,81.67368674278259,84,95,142,1.2707500801795026,0,3463,3394,10251,467367,1949.2910017967224,487460,10534,2030.964688539505,3558,fits/tv2_m16_branch_00__MULTI__s9101/p070/WARM_JOINT/WINNER.json,a95130e4204b8668c87d1edf9b741730c83bd7eb10ad78aa3788467fd457fd72,47c96a2228c6864e6b0c32b08ef9b183e68eb7ff1c41b34e29e51dff5b5ae67a,False,,,714544,509,896817,95708,d8450d48b748b87b6071ed51b2c9ad9207c396088a2cbce6f52d48829bf4448d,True,False
tv2_m16_branch_00__MULTI__s9101,tv2_m16_branch_00,MULTI,9101,72,FROZEN_LAYERWISE,CONVERGED,0.384037678291712,0.3840376782917119,1.2736415093820495e-05,9.326218396819059e-05,0.13656569631871981,5,4,13,288,936,3.8257455825805664,3,5,2,0.0,0,797,727,2251,66971,274.7447898387909,67907,2264,278.57053542137146,802,fits/tv2_m16_branch_00__MULTI__s9101/p071/FROZEN_LAYERWISE/WINNER.json,5ec21b8ad497060bc0b6974db3f41f5edb9b54f8beaebe7d7bdc940d063c7ccc,c48cea2caf7621a7587edb12650de58fe63e5f85e2df5b1ada7cb503a459eb2c,False,,,724608,509,909448,97056,e8d8267f9ed9acbe4c4555368a3f35ed9cb3af43b82b314ff1fea259b7802e8d,True,True
tv2_m16_branch_00__MULTI__s9101,tv2_m16_branch_00,MULTI,9101,72,WARM_JOINT,BUDGET_EXHAUSTED,-0.10684038809943236,-0.10684038809943192,0.08086235337813369,0.4994401963935286,0.1619059778568945,96,95,286,288,20592,84.43857502937317,81,95,144,1.362390817610592,0,3558,3488,10534,487460,2030.964688539505,508052,10820,2115.403263568878,3654,fits/tv2_m16_branch_00__MULTI__s9101/p071/WARM_JOINT/WINNER.json,47c96a2228c6864e6b0c32b08ef9b183e68eb7ff1c41b34e29e51dff5b5ae67a,aae23427fdff604150717e192db24df592fa2da0c45e939bba3e9df5717c630f,False,,,724608,509,909448,97056,bf4504aa7900e10076791b1b51fcd1f786a0978570b5984af276d72d3e478580,True,False
tv2_m16_branch_00__MULTI__s9101,tv2_m16_branch_00,MULTI,9101,73,FROZEN_LAYERWISE,CONVERGED,0.38403767826406876,0.38403767826406876,1.2736451525132812e-05,9.326173269999245e-05,0.1365667477582029,4,3,10,292,730,2.994215726852417,2,4,2,0.0,0,802,731,2264,67907,278.57053542137146,68637,2274,281.5647511482239,806,fits/tv2_m16_branch_00__MULTI__s9101/p072/FROZEN_LAYERWISE/WINNER.json,c48cea2caf7621a7587edb12650de58fe63e5f85e2df5b1ada7cb503a459eb2c,5723ebff6dde47622fe53a5f6c2083943d12452aaa3bdaf2f87f4e0c6f0dba91,False,,,734672,509,922079,98404,d07eea91caa2943ac7df3c89be45329bab0758df4b56d05b86a5f33e2f5cd424,True,True
tv2_m16_branch_00__MULTI__s9101,tv2_m16_branch_00,MULTI,9101,73,WARM_JOINT,BUDGET_EXHAUSTED,-0.11093041522139922,-0.11093041522139843,0.08226402545922257,0.5019222214448629,0.16389795459227227,98,97,292,292,21316,85.75261783599854,86,98,146,0.8738520872265292,0,3654,3583,10820,508052,2115.403263568878,529368,11112,2201.1558814048767,3752,fits/tv2_m16_branch_00__MULTI__s9101/p072/WARM_JOINT/WINNER.json,aae23427fdff604150717e192db24df592fa2da0c45e939bba3e9df5717c630f,cb6e6d4f37ccde58f0ab9448b68ff462e90815a8dfdb7479b4b9d2895278d68b,False,,,734672,509,922079,98404,633772d01f08b937b22a912941ecb1bcf8292e94cfa2e10cd1967cda3e880215,True,False
tv2_m16_branch_00__MULTI__s9101,tv2_m16_branch_00,MULTI,9101,74,FROZEN_LAYERWISE,CONVERGED,0.384037678245237,0.38403767824523705,1.2736410696593172e-05,9.32622348855464e-05,0.1365655746103832,4,3,10,296,740,2.999119997024536,2,4,2,0.0,0,806,734,2274,68637,281.5647511482239,69377,2284,284.5638711452484,810,fits/tv2_m16_branch_00__MULTI__s9101/p073/FROZEN_LAYERWISE/WINNER.json,5723ebff6dde47622fe53a5f6c2083943d12452aaa3bdaf2f87f4e0c6f0dba91,793708e35c4ba7202c9462ff42261f5b71dfb404c202942fa0ff91daed1101dd,False,,,744736,509,934710,99752,5c6de09bcd35329ffd7a5834e2e5c688a3661226792d825dcf74f7e24c3c7334,True,True
tv2_m16_branch_00__MULTI__s9101,tv2_m16_branch_00,MULTI,9101,74,WARM_JOINT,BUDGET_EXHAUSTED,-0.12260483586709947,-0.12260483586709836,0.07926601563627002,0.5066359101302567,0.15645558092376563,99,98,295,296,21830,90.08028292655945,89,99,148,2.109458213591836,0,3752,3680,11112,529368,2201.1558814048767,551198,11407,2291.236164331436,3851,fits/tv2_m16_branch_00__MULTI__s9101/p073/WARM_JOINT/WINNER.json,cb6e6d4f37ccde58f0ab9448b68ff462e90815a8dfdb7479b4b9d2895278d68b,79507e6bbeb8df532e65b908f4953c11a3abce286e0be86e7b8cb16d116bb1fe,False,,,744736,509,934710,99752,56fcfaf26329be32f2ae1ebcab9d2cc8b731a1aa8b2006d9e33e3f03012a2b34,True,False
tv2_m16_branch_00__MULTI__s9101,tv2_m16_branch_00,MULTI,9101,75,FROZEN_LAYERWISE,CONVERGED,0.3840376779306786,0.3840376779306787,1.2736546193263467e-05,9.326052739130364e-05,0.13656952785419402,5,4,13,300,975,4.224419355392456,3,5,2,0.0,0,810,737,2284,69377,284.5638711452484,70352,2297,288.78829050064087,815,fits/tv2_m16_branch_00__MULTI__s9101/p074/FROZEN_LAYERWISE/WINNER.json,793708e35c4ba7202c9462ff42261f5b71dfb404c202942fa0ff91daed1101dd,3a40a0985ff12f15f02888231e7bd78418c2572ba83d822393acf763ab71fb76,False,,,754800,509,947341,101100,b0f42f6d5c544d0f72d9646cfbf71fca5245e15fa691e81219b60238e65e9086,True,True
tv2_m16_branch_00__MULTI__s9101,tv2_m16_branch_00,MULTI,9101,75,WARM_JOINT,BUDGET_EXHAUSTED,-0.12838473905891806,-0.12838473905891779,0.074385219151491,0.5069775248264107,0.1467229127700691,100,99,298,300,22350,90.48285436630249,90,100,150,2.0100391099387545,0,3851,3778,11407,551198,2291.236164331436,573548,11705,2381.7190186977386,3951,fits/tv2_m16_branch_00__MULTI__s9101/p074/WARM_JOINT/WINNER.json,79507e6bbeb8df532e65b908f4953c11a3abce286e0be86e7b8cb16d116bb1fe,aca70303f45d8018ac207d1bf9d52727c903efdcb29d14554ce0e80fd1e4e83e,False,,,754800,509,947341,101100,11dffa995ec055b46d9d2eb78b606c2f9bd4da0eb1df1c5ec6ab560ee7a3a345,True,False
tv2_m16_branch_00__MULTI__s9101,tv2_m16_branch_00,MULTI,9101,76,FROZEN_LAYERWISE,CONVERGED,0.38402781181750334,0.3840278118175039,1.2752626961983487e-05,9.335963784521928e-05,0.13659679125069055,17,16,49,304,3724,15.065421104431152,11,17,2,0.0,0,815,741,2297,70352,288.78829050064087,74076,2346,303.853711605072,832,fits/tv2_m16_branch_00__MULTI__s9101/p075/FROZEN_LAYERWISE/WINNER.json,3a40a0985ff12f15f02888231e7bd78418c2572ba83d822393acf763ab71fb76,da9361b909dd57c918677fdd6d0b6bd306228afa5f010c630bcd4a82f926ed3e,False,,,764864,509,959972,102448,bb9553725b92a555c38ca080ab9f2cf1b0515b817333a6d638049e6dc4b6b735,True,True
tv2_m16_branch_00__MULTI__s9101,tv2_m16_branch_00,MULTI,9101,76,WARM_JOINT,BUDGET_EXHAUSTED,-0.13120253769153617,-0.1312025376915365,0.07058130586223788,0.5079754258308293,0.13894629990574292,102,101,304,304,23104,93.89922595024109,89,102,152,1.3293662448588293,0,3951,3877,11705,573548,2381.7190186977386,596652,12009,2475.6182446479797,4053,fits/tv2_m16_branch_00__MULTI__s9101/p075/WARM_JOINT/WINNER.json,aca70303f45d8018ac207d1bf9d52727c903efdcb29d14554ce0e80fd1e4e83e,35098d80886e87770c7344d8c5e0506ff977413d02c3695e9ff1f1f2367b8085,False,,,764864,509,959972,102448,68410bbf0a0f665cf627890b28bf6c0c27835c38e8d900f7c6314bb593f7b07c,True,False
tv2_m16_branch_00__MULTI__s9101,tv2_m16_branch_00,MULTI,9101,77,FROZEN_LAYERWISE,CONVERGED,0.3840278116711513,0.3840278116711514,1.2752689726522928e-05,9.336000805664983e-05,0.13659692187242245,4,3,10,308,770,3.074497699737549,2,4,2,0.0,0,832,757,2346,74076,303.853711605072,74846,2356,306.92820930480957,836,fits/tv2_m16_branch_00__MULTI__s9101/p076/FROZEN_LAYERWISE/WINNER.json,da9361b909dd57c918677fdd6d0b6bd306228afa5f010c630bcd4a82f926ed3e,1ad4eab57e7d8c5494ffca62da08640e2d7dc5df95ca9a7eadcb428cf6094ad6,False,,,774928,509,972603,103796,e47e9269d3c51a29c547b65755f6a04a0b99d9f34fde45f8a7a49c452d73734b,True,True
tv2_m16_branch_00__MULTI__s9101,tv2_m16_branch_00,MULTI,9101,77,WARM_JOINT,BUDGET_EXHAUSTED,-0.13252087822468167,-0.1325208782246805,0.06835155364926922,0.5086436923470927,0.13438002805827953,103,102,307,308,23639,94.46129107475281,90,103,154,0.976751869980401,0,4053,3978,12009,596652,2475.6182446479797,620291,12316,2570.0795357227325,4156,fits/tv2_m16_branch_00__MULTI__s9101/p076/WARM_JOINT/WINNER.json,35098d80886e87770c7344d8c5e0506ff977413d02c3695e9ff1f1f2367b8085,0d120beeafd2348effd8cfecb7b06eff31853376b5074ff35114dc88d9ecfc7f,False,,,774928,509,972603,103796,a4fdc8d41e53651ef26d135fe8d83537ea99428fbbec26c12ab6aaaece9a7f9d,True,False
tv2_m16_branch_00__MULTI__s9101,tv2_m16_branch_00,MULTI,9101,78,FROZEN_LAYERWISE,CONVERGED,0.3840278093286375,0.3840278093286375,1.2752895943276296e-05,9.33617537688515e-05,0.13659657652586937,4,3,10,312,780,3.2139132022857666,2,4,2,0.0,0,836,760,2356,74846,306.92820930480957,75626,2366,310.14212250709534,840,fits/tv2_m16_branch_00__MULTI__s9101/p077/FROZEN_LAYERWISE/WINNER.json,1ad4eab57e7d8c5494ffca62da08640e2d7dc5df95ca9a7eadcb428cf6094ad6,76d8b0afb5b6bb59229552545ecfc4b1e64c984bbdbcf529d4f5c2023d3e3a01,False,,,784992,509,985234,105144,faa5f6fd14106902ca1d9f37b023f23b9074a84d5a8a416742724efa1db820e9,True,True
tv2_m16_branch_00__MULTI__s9101,tv2_m16_branch_00,MULTI,9101,78,WARM_JOINT,BUDGET_EXHAUSTED,-0.13335424929390838,-0.13335424929390696,0.06679871387704482,0.5085956569419771,0.1313395286909922,104,103,310,312,24180,97.1545991897583,89,104,156,0.6888701890295694,0,4156,4080,12316,620291,2570.0795357227325,644471,12626,2667.234134912491,4260,fits/tv2_m16_branch_00__MULTI__s9101/p077/WARM_JOINT/WINNER.json,0d120beeafd2348effd8cfecb7b06eff31853376b5074ff35114dc88d9ecfc7f,2533c12e4d68f9534eff6b71d386b219bb116e8db91e8388a63be66cdbe01c9c,False,,,784992,509,985234,105144,a887a3e51659374d11db10d93a5f584f842b9611adac62692763fe66a89891e3,True,False
tv2_m16_branch_00__MULTI__s9101,tv2_m16_branch_00,MULTI,9101,79,FROZEN_LAYERWISE,CONVERGED,0.38402780684422855,0.38402780684422855,1.275263588683021e-05,9.336023731947592e-05,0.13659600974653777,5,4,13,316,1027,4.1226160526275635,3,5,2,0.0,0,840,763,2366,75626,310.14212250709534,76653,2379,314.2647385597229,845,fits/tv2_m16_branch_00__MULTI__s9101/p078/FROZEN_LAYERWISE/WINNER.json,76d8b0afb5b6bb59229552545ecfc4b1e64c984bbdbcf529d4f5c2023d3e3a01,9a81d16de8c4ed549363e39a5f75dc1235a523f2be7b063b32660af86e7dd896,False,,,795056,509,997865,106492,c18a013a60b25584ec7918070ac2a5e74586a6de5459a1b8bef25dd4a572efb5,True,True
tv2_m16_branch_00__MULTI__s9101,tv2_m16_branch_00,MULTI,9101,79,WARM_JOINT,BUDGET_EXHAUSTED,-0.13363459278852619,-0.13363459278852483,0.06618155332668292,0.508849620742222,0.13006112342217863,106,105,316,316,24964,100.8325080871582,98,106,158,0.7301343461231153,0,4260,4183,12626,644471,2667.234134912491,669435,12942,2768.066642999649,4366,fits/tv2_m16_branch_00__MULTI__s9101/p078/WARM_JOINT/WINNER.json,2533c12e4d68f9534eff6b71d386b219bb116e8db91e8388a63be66cdbe01c9c,079f837bb6010b76a646d25b7d7f404979ae654ba7a9d85996552b2701ca2b11,False,,,795056,509,997865,106492,911a623168c9d230b679bf969a14bd78ba8cf96d97d43d7f0183fb35366b4d48,True,False
tv2_m16_branch_00__MULTI__s9101,tv2_m16_branch_00,MULTI,9101,80,FROZEN_LAYERWISE,CONVERGED,0.3840278068238417,0.3840278068238416,1.2752611950015153e-05,9.336010202668567e-05,0.13659595130230254,5,4,13,320,1040,4.282162189483643,3,5,2,0.0,0,845,767,2379,76653,314.2647385597229,77693,2392,318.54690074920654,850,fits/tv2_m16_branch_00__MULTI__s9101/p079/FROZEN_LAYERWISE/WINNER.json,9a81d16de8c4ed549363e39a5f75dc1235a523f2be7b063b32660af86e7dd896,2206ab641d9f525fde1f542c0473148c717bd100865faf0c8520f8db5184f166,False,,,805120,509,1010496,107840,61efc6e798cb68ceb2df5bc636094666e861a09671c48bd33266ada55f732215,True,True
tv2_m16_branch_00__MULTI__s9101,tv2_m16_branch_00,MULTI,9101,80,WARM_JOINT,BUDGET_EXHAUSTED,-0.1368210754314848,-0.13682107543148336,0.06513015451103794,0.5130193273625419,0.12695458248303304,107,106,319,320,25520,106.26849293708801,97,107,160,1.4276261441102371,0,4366,4288,12942,669435,2768.066642999649,694955,13261,2874.335135936737,4473,fits/tv2_m16_branch_00__MULTI__s9101/p079/WARM_JOINT/WINNER.json,079f837bb6010b76a646d25b7d7f404979ae654ba7a9d85996552b2701ca2b11,6a8ece7e340afcd79d7793d872cad2b824c388969aa85cb6413f1836221f80b3,False,,,805120,509,1010496,107840,b9f9b8fc02994c8d0d04c1ea21784348fca34ad94b9332fd9abce199399f092d,True,False
tv2_m16_branch_00__MULTI__s9101,tv2_m16_branch_00,MULTI,9101,81,FROZEN_LAYERWISE,CONVERGED,0.3840278067967203,0.38402780679672077,1.2752584745125223e-05,9.335995405625355e-05,0.13659587640158027,4,3,10,324,810,3.3359873294830322,2,4,2,0.0,0,850,771,2392,77693,318.54690074920654,78503,2402,321.8828880786896,854,fits/tv2_m16_branch_00__MULTI__s9101/p080/FROZEN_LAYERWISE/WINNER.json,2206ab641d9f525fde1f542c0473148c717bd100865faf0c8520f8db5184f166,b552b8eec15cf9532e3d63fe1064e681410823eb341d5307d7747ba2802d09f0,False,,,815184,509,1023127,109188,b79f6888a8b44f8c2862896560bc2e1d1da0c262f9ee6659fda70bd341b3658d,True,True
tv2_m16_branch_00__MULTI__s9101,tv2_m16_branch_00,MULTI,9101,81,WARM_JOINT,BUDGET_EXHAUSTED,-0.14354738560538904,-0.14354738560538868,0.07010128022953324,0.5167983470567353,0.1356453259356833,108,107,322,324,26082,106.91713428497314,97,108,162,1.6249321078538796,0,4473,4394,13261,694955,2874.335135936737,721037,13583,2981.25227022171,4581,fits/tv2_m16_branch_00__MULTI__s9101/p080/WARM_JOINT/WINNER.json,6a8ece7e340afcd79d7793d872cad2b824c388969aa85cb6413f1836221f80b3,d28e7b1a29f4798ad74ca79491bfa27fbfa224d75d70907eb9fee93673b57c17,False,,,815184,509,1023127,109188,71cdff111b5bcbad0837aa30dacd5c941a8f224af147acc08b25d1b01977f38c,True,False
tv2_m16_branch_00__MULTI__s9101,tv2_m16_branch_00,MULTI,9101,82,FROZEN_LAYERWISE,CONVERGED,0.3840278053703627,0.3840278053703625,1.275235330994988e-05,9.335900509890186e-05,0.13659478586388535,4,3,10,328,820,3.3439314365386963,2,4,2,0.0,0,854,774,2402,78503,321.8828880786896,79323,2412,325.22681951522827,858,fits/tv2_m16_branch_00__MULTI__s9101/p081/FROZEN_LAYERWISE/WINNER.json,b552b8eec15cf9532e3d63fe1064e681410823eb341d5307d7747ba2802d09f0,b378c8d6bc05346a9fd320150c4424fb0176a7151d40fecb9a1092c02edaf70c,False,,,825248,509,1035758,110536,e2f1e94de2729ebfc913f4a11273d9480cbecf1fa67cfcbe8e80480c65e400cb,True,True
tv2_m16_branch_00__MULTI__s9101,tv2_m16_branch_00,MULTI,9101,82,WARM_JOINT,BUDGET_EXHAUSTED,-0.14525315770685382,-0.14525315770685335,0.07108787350689598,0.5179636726964596,0.13724490201565806,110,109,328,328,26896,112.98089742660522,99,110,164,1.5737703469423858,0,4581,4501,13583,721037,2981.25227022171,747933,13911,3094.2331676483154,4691,fits/tv2_m16_branch_00__MULTI__s9101/p081/WARM_JOINT/WINNER.json,d28e7b1a29f4798ad74ca79491bfa27fbfa224d75d70907eb9fee93673b57c17,6db1e7f15ad143c218d011b215664f9c3f641915c3d8cc786805255ea44883bc,False,,,825248,509,1035758,110536,f383ac096dace34dd75e58bf861b0ca32a349342506c28e37667d29c4a174ab0,True,False
tv2_m16_branch_00__MULTI__s9101,tv2_m16_branch_00,MULTI,9101,83,FROZEN_LAYERWISE,CONVERGED,0.38402780520086965,0.38402780520086915,1.275227030088206e-05,9.335869693688675e-05,0.13659434760002032,5,4,13,332,1079,4.610469818115234,3,5,2,0.0,0,858,777,2412,79323,325.22681951522827,80402,2425,329.8372893333435,863,fits/tv2_m16_branch_00__MULTI__s9101/p082/FROZEN_LAYERWISE/WINNER.json,b378c8d6bc05346a9fd320150c4424fb0176a7151d40fecb9a1092c02edaf70c,2b0699bfcd3c1e7283324834686236bb735e0f7a75d3f8ffbd6c1a98c5ebf027,False,,,835312,509,1048389,111884,1296f805cbb7cd38c20f8d7a4832250f912d613fe1a662e2a223443a23c7e8fe,True,True
tv2_m16_branch_00__MULTI__s9101,tv2_m16_branch_00,MULTI,9101,83,WARM_JOINT,BUDGET_EXHAUSTED,-0.14638953691448675,-0.14638953691448733,0.07177262652324383,0.51988675868417,0.13805434611356496,111,110,331,332,27473,110.97762823104858,102,111,166,0.8370822965527516,0,4691,4610,13911,747933,3094.2331676483154,775406,14242,3205.210795879364,4802,fits/tv2_m16_branch_00__MULTI__s9101/p082/WARM_JOINT/WINNER.json,6db1e7f15ad143c218d011b215664f9c3f641915c3d8cc786805255ea44883bc,f30a034d88e01231a37e3abe450926b5a61db9c71b9a00a6b33fe85d9f34874b,False,,,835312,509,1048389,111884,e8645cfef65fa5e1cb0274e27729a8b520ddafccde889327313e56ee0570c22a,True,False
tv2_m16_branch_00__MULTI__s9101,tv2_m16_branch_00,MULTI,9101,84,FROZEN_LAYERWISE,CONVERGED,0.3840141768448082,0.38401417684480843,1.2822874914875673e-05,9.314071958713161e-05,0.1376720619264712,16,15,46,336,3864,15.52368974685669,5,16,2,0.0,0,863,781,2425,80402,329.8372893333435,84266,2471,345.3609790802002,879,fits/tv2_m16_branch_00__MULTI__s9101/p083/FROZEN_LAYERWISE/WINNER.json,2b0699bfcd3c1e7283324834686236bb735e0f7a75d3f8ffbd6c1a98c5ebf027,a5e7e29321db34b13a259dd04d2fc1d4ac185bea447391529297f13700cbade6,False,,,845376,509,1061020,113232,4a8b7aa2624751a89ffc0a06e9714a71f2d3c3451f1713d49149cec95ecdde41,True,True
tv2_m16_branch_00__MULTI__s9101,tv2_m16_branch_00,MULTI,9101,84,WARM_JOINT,BUDGET_EXHAUSTED,-0.14699032752889687,-0.14699032752889632,0.07287048667415055,0.5210086232423873,0.13986426217028128,112,111,334,336,28056,113.07871675491333,98,112,168,0.6364253248527227,0,4802,4720,14242,775406,3205.210795879364,803462,14576,3318.2895126342773,4914,fits/tv2_m16_branch_00__MULTI__s9101/p083/WARM_JOINT/WINNER.json,f30a034d88e01231a37e3abe450926b5a61db9c71b9a00a6b33fe85d9f34874b,554bd57351f0af98fc7ed4dd6ea659ca06c4b007028e19784bd8653004d287f3,False,,,845376,509,1061020,113232,ef0777d17d12e2af511f2509d06ca06e3970120e3f4b72aba429da772e1dbaff,True,False
tv2_m16_branch_00__MULTI__s9101,tv2_m16_branch_00,MULTI,9101,85,FROZEN_LAYERWISE,CONVERGED,0.38401417653366626,0.38401417653366604,1.2823210863782441e-05,9.313965045831669e-05,0.1376772491702799,4,3,10,340,850,3.389474630355835,2,4,2,0.0,0,879,796,2471,84266,345.3609790802002,85116,2481,348.75045371055603,883,fits/tv2_m16_branch_00__MULTI__s9101/p084/FROZEN_LAYERWISE/WINNER.json,a5e7e29321db34b13a259dd04d2fc1d4ac185bea447391529297f13700cbade6,abef2e27b851e6a46d3469825dad59b540d6d5463460a28fe0106f9b5fe9f731,False,,,855440,509,1073651,114580,4bb652494b174f3cea9aaf9515da67a0df8e5121001ae51b7fa0f2351f9f87df,True,True
tv2_m16_branch_00__MULTI__s9101,tv2_m16_branch_00,MULTI,9101,85,WARM_JOINT,BUDGET_EXHAUSTED,-0.1474815650445769,-0.1474815650445767,0.07283261189730235,0.5216676369412809,0.13961497079701038,114,113,340,340,28900,116.78372478485107,99,114,170,1.212346811104044,0,4914,4831,14576,803462,3318.2895126342773,832362,14916,3435.0732374191284,5028,fits/tv2_m16_branch_00__MULTI__s9101/p084/WARM_JOINT/WINNER.json,554bd57351f0af98fc7ed4dd6ea659ca06c4b007028e19784bd8653004d287f3,9a066c2c39e477036048363db32fca2377b27ddc51e866cbe3f3eff629a00ca4,False,,,855440,509,1073651,114580,6d9d26689b6adfd9d3d3cd330180c7a6a867064ff18d28f451577777ea19ba99,True,False
tv2_m16_branch_00__MULTI__s9101,tv2_m16_branch_00,MULTI,9101,86,FROZEN_LAYERWISE,CONVERGED,0.38401417593019427,0.3840141759301945,1.2823688207198195e-05,9.313816055834262e-05,0.1376845766581928,4,3,10,344,860,3.523810863494873,2,4,2,0.0,0,883,799,2481,85116,348.75045371055603,85976,2491,352.2742645740509,887,fits/tv2_m16_branch_00__MULTI__s9101/p085/FROZEN_LAYERWISE/WINNER.json,abef2e27b851e6a46d3469825dad59b540d6d5463460a28fe0106f9b5fe9f731,2c033a4f7c616615d718280949caf3ec95fe987d7d88f7d935fe952f9ab8fe9a,False,,,865504,509,1086282,115928,0b5ce3a98cfa24dd818028913558b5df2396b11b99e16bc0c9b7a00ea36183f1,True,True
tv2_m16_branch_00__MULTI__s9101,tv2_m16_branch_00,MULTI,9101,86,WARM_JOINT,BUDGET_EXHAUSTED,-0.18612009374277386,-0.1861200937427738,0.08021389067097354,0.5578385827783314,0.14379408873345745,115,114,343,344,29498,119.23529958724976,104,115,172,1.303017665140517,0,5028,4944,14916,832362,3435.0732374191284,861860,15259,3554.308537006378,5143,fits/tv2_m16_branch_00__MULTI__s9101/p085/WARM_JOINT/WINNER.json,9a066c2c39e477036048363db32fca2377b27ddc51e866cbe3f3eff629a00ca4,490879cf013a382bbc29431e9d61d048c51578b9e6bacb6078016eb546c46178,False,,,865504,509,1086282,115928,d78438ff980bdf7511eea739157eb5f417a07975c12b2e6d2bcb855a1cb8269f,True,False
tv2_m16_branch_00__MULTI__s9101,tv2_m16_branch_00,MULTI,9101,87,FROZEN_LAYERWISE,CONVERGED,0.3840029807648218,0.384002980764822,1.2801841965670873e-05,9.304727977328853e-05,0.13758426895297535,25,24,73,348,6351,25.55392837524414,14,25,2,0.0,0,887,802,2491,85976,352.2742645740509,92327,2564,377.82819294929504,912,fits/tv2_m16_branch_00__MULTI__s9101/p086/FROZEN_LAYERWISE/WINNER.json,2c033a4f7c616615d718280949caf3ec95fe987d7d88f7d935fe952f9ab8fe9a,8a35c8854e97ffb9f6f8ac685b85365d4c1ad229c2853ea2a4d2dbc2726fcd7e,False,,,875568,509,1098913,117276,ba34f789822e302ec022e632f7b2af0ea34a2df12ae5f53c135d90cab9f1abef,True,True
tv2_m16_branch_00__MULTI__s9101,tv2_m16_branch_00,MULTI,9101,87,WARM_JOINT,BUDGET_EXHAUSTED,-0.22806232797442738,-0.2280623279744279,0.0881436724803962,0.6022927844946775,0.14634688435517051,116,115,346,348,30102,121.6166000366211,105,116,174,1.4436764062365128,0,5143,5058,15259,861860,3554.308537006378,891962,15605,3675.9251370429993,5259,fits/tv2_m16_branch_00__MULTI__s9101/p086/WARM_JOINT/WINNER.json,490879cf013a382bbc29431e9d61d048c51578b9e6bacb6078016eb546c46178,c73e7b7ac9afae29c037056ce10b37080a15e15f46e8eaf58d6afffa8150b9bc,False,,,875568,509,1098913,117276,53c79ced8917762741748ab6d6079134d45d72f68f2707fb0a9e1e7fd8a7515b,True,False
tv2_m16_branch_00__MULTI__s9101,tv2_m16_branch_00,MULTI,9101,88,FROZEN_LAYERWISE,CONVERGED,0.38400298073649586,0.38400298073649564,1.2801813803537225e-05,9.304715158575277e-05,0.13758415583242226,5,4,13,352,1144,4.647526264190674,3,4,2,0.0,0,912,826,2564,92327,377.82819294929504,93471,2577,382.4757192134857,917,fits/tv2_m16_branch_00__MULTI__s9101/p087/FROZEN_LAYERWISE/WINNER.json,8a35c8854e97ffb9f6f8ac685b85365d4c1ad229c2853ea2a4d2dbc2726fcd7e,7d0ac4b2355b075731e34da453f6c9201c2f046df168484c0bd312506701a4d3,False,,,885632,509,1111544,118624,0f8065b0bca5e78603941060e8318b46a975f6065c29a160899e929dbf10d5ee,True,True
tv2_m16_branch_00__MULTI__s9101,tv2_m16_branch_00,MULTI,9101,88,WARM_JOINT,BUDGET_EXHAUSTED,-0.2395331589360885,-0.23953315893608745,0.08914938826361407,0.612888902164981,0.14545766442939492,118,117,352,352,30976,126.87793922424316,108,118,176,0.9535256354464736,0,5259,5173,15605,891962,3675.9251370429993,922938,15957,3802.8030762672424,5377,fits/tv2_m16_branch_00__MULTI__s9101/p087/WARM_JOINT/WINNER.json,c73e7b7ac9afae29c037056ce10b37080a15e15f46e8eaf58d6afffa8150b9bc,d39016cd14635cd501cb818d7e1cb250e352e56902e37e2718c7ede78d0ad5f9,False,,,885632,509,1111544,118624,6ff607a80cb8d345749729c0db25d04641d6d3a08bb9901edcdf70c4efe56937,True,False
tv2_m16_branch_00__MULTI__s9101,tv2_m16_branch_00,MULTI,9101,89,FROZEN_LAYERWISE,CONVERGED,0.3840029791791114,0.3840029791791115,1.2802027111758448e-05,9.304851726757888e-05,0.13758442893768807,5,4,13,356,1157,4.737846851348877,3,5,2,0.0,0,917,830,2577,93471,382.4757192134857,94628,2590,387.2135660648346,922,fits/tv2_m16_branch_00__MULTI__s9101/p088/FROZEN_LAYERWISE/WINNER.json,7d0ac4b2355b075731e34da453f6c9201c2f046df168484c0bd312506701a4d3,f049042001f37b9e52438e3a0370d03e73aa99e55ba937ad4c414be35025fe4e,False,,,895696,509,1124175,119972,6a89b6d3b366d7a94053906add59b47ede6d0c51942f3a4959ea3ff6cc98dd7d,True,True
tv2_m16_branch_00__MULTI__s9101,tv2_m16_branch_00,MULTI,9101,89,WARM_JOINT,BUDGET_EXHAUSTED,-0.24264822409541562,-0.24264822409541437,0.09113695462928968,0.6160068186281397,0.14794796400509597,119,118,355,356,31595,129.29998588562012,103,119,178,1.4660380759279623,0,5377,5290,15957,922938,3802.8030762672424,954533,16312,3932.1030621528625,5496,fits/tv2_m16_branch_00__MULTI__s9101/p088/WARM_JOINT/WINNER.json,d39016cd14635cd501cb818d7e1cb250e352e56902e37e2718c7ede78d0ad5f9,86fa49357ab0aca5689142c5eb61f0d6d714f1a2e4f4917292dd2f5f5c0c93af,False,,,895696,509,1124175,119972,322e8f2cc2ffa2e41465a9d61d35e9ae3a9847b59f24badeba100f54bc17135a,True,False
tv2_m16_branch_00__MULTI__s9101,tv2_m16_branch_00,MULTI,9101,90,FROZEN_LAYERWISE,CONVERGED,0.38400297897231406,0.384002978972314,1.2801946434086318e-05,9.304805988986959e-05,0.1375842381801246,4,3,10,360,900,3.631601095199585,2,4,2,0.0,0,922,834,2590,94628,387.2135660648346,95528,2600,390.8451671600342,926,fits/tv2_m16_branch_00__MULTI__s9101/p089/FROZEN_LAYERWISE/WINNER.json,f049042001f37b9e52438e3a0370d03e73aa99e55ba937ad4c414be35025fe4e,a529126e5b4ac157a47c7b67212bee3069280a076191aac574b9d6a4bd838416,False,,,905760,509,1136806,121320,1ca93f2a05b87a82bc47eb8ec70409850794048fac730aa19f8a234ece427866,True,True
tv2_m16_branch_00__MULTI__s9101,tv2_m16_branch_00,MULTI,9101,90,WARM_JOINT,BUDGET_EXHAUSTED,-0.2452452297273915,-0.24524522972739,0.09620139534699058,0.620751558694659,0.15497568068823975,120,119,358,360,32220,130.94036984443665,110,120,180,1.3263403552005535,0,5496,5408,16312,954533,3932.1030621528625,986753,16670,4063.043431997299,5616,fits/tv2_m16_branch_00__MULTI__s9101/p089/WARM_JOINT/WINNER.json,86fa49357ab0aca5689142c5eb61f0d6d714f1a2e4f4917292dd2f5f5c0c93af,5782a577feac12b62925a5b7702e42a9e07d3cf795f03ef8819ed264bf6d662f,False,,,905760,509,1136806,121320,d0e2aceaa4d969f015c0acbe26437784949d52d0c386bffd610db5476761a79e,True,False
tv2_m16_branch_00__MULTI__s9101,tv2_m16_branch_00,MULTI,9101,91,FROZEN_LAYERWISE,CONVERGED,0.38400297897231406,0.384002978972314,1.2801946434086318e-05,9.30480598898696e-05,0.1375842381801246,5,4,13,364,1183,4.781911373138428,3,1,2,0.0,0,926,837,2600,95528,390.8451671600342,96711,2613,395.6270785331726,931,fits/tv2_m16_branch_00__MULTI__s9101/p090/FROZEN_LAYERWISE/WINNER.json,a529126e5b4ac157a47c7b67212bee3069280a076191aac574b9d6a4bd838416,8e2218240ddb71c18b547ca7dfd79196bf9e3f4c6ab0e61666077c99bc1e5a95,False,,,915824,509,1149437,122668,6436d00f1305f327febae0e24c76ad4eb3f47675a11a9b04ffd705d74636a1e8,True,True
tv2_m16_branch_00__MULTI__s9101,tv2_m16_branch_00,MULTI,9101,91,WARM_JOINT,BUDGET_EXHAUSTED,-0.24698157119757957,-0.24698157119757813,0.09927924711629155,0.6227663366807061,0.1594165279476117,122,121,364,364,33124,134.2575078010559,109,122,182,1.3240434688610077,0,5616,5527,16670,986753,4063.043431997299,1019877,17034,4197.300939798355,5738,fits/tv2_m16_branch_00__MULTI__s9101/p090/WARM_JOINT/WINNER.json,5782a577feac12b62925a5b7702e42a9e07d3cf795f03ef8819ed264bf6d662f,3cb28942868803d2f0d5121765287b129b517d78c66692732e54dc6422a41b5b,False,,,915824,509,1149437,122668,e5b6779c113942dd881fdc92b15e9b7593c34b03588b1e6c3c01c6f0d2fddeae,True,False
tv2_m16_branch_00__MULTI__s9101,tv2_m16_branch_00,MULTI,9101,92,FROZEN_LAYERWISE,CONVERGED,0.38400297895355173,0.38400297895355195,1.2801921234802476e-05,9.304792167565429e-05,0.13758417172849183,4,3,10,368,920,3.7685155868530273,2,4,2,0.0,0,931,841,2613,96711,395.6270785331726,97631,2623,399.39559412002563,935,fits/tv2_m16_branch_00__MULTI__s9101/p091/FROZEN_LAYERWISE/WINNER.json,8e2218240ddb71c18b547ca7dfd79196bf9e3f4c6ab0e61666077c99bc1e5a95,c1921c06eb79d2a8fe5a4d84ac6f1472c0b9a196fc173c2056046a56ba7d4d42,False,,,925888,509,1162068,124016,a88bb110206a95b8975bd024d0e60ef980a9eb0813f00158d893e20dd770cf00,True,True
tv2_m16_branch_00__MULTI__s9101,tv2_m16_branch_00,MULTI,9101,92,WARM_JOINT,BUDGET_EXHAUSTED,-0.24817743172834716,-0.24817743172834755,0.10144401932095547,0.6240985553111805,0.16254487125094316,123,122,367,368,33764,138.3643867969513,110,123,184,1.1074074489925136,0,5738,5648,17034,1019877,4197.300939798355,1053641,17401,4335.665326595306,5861,fits/tv2_m16_branch_00__MULTI__s9101/p091/WARM_JOINT/WINNER.json,3cb28942868803d2f0d5121765287b129b517d78c66692732e54dc6422a41b5b,4f7504dd951b1544773aa7dbe3b6f42b34efcfc76ea4f36023fb4ff4c522a553,False,,,925888,509,1162068,124016,ceaff842bc1e2ed21df19010dea4bc03617e30e1ceb837421c1bc15ee7f5bbe5,True,False
tv2_m16_branch_00__MULTI__s9101,tv2_m16_branch_00,MULTI,9101,93,FROZEN_LAYERWISE,CONVERGED,0.38400297465773175,0.3840029746577317,1.2802204545205911e-05,9.305061829317995e-05,0.1375832292147621,4,3,10,372,930,3.8281068801879883,2,4,2,0.0,0,935,844,2623,97631,399.39559412002563,98561,2633,403.2237010002136,939,fits/tv2_m16_branch_00__MULTI__s9101/p092/FROZEN_LAYERWISE/WINNER.json,c1921c06eb79d2a8fe5a4d84ac6f1472c0b9a196fc173c2056046a56ba7d4d42,0ee6b55bb324a3598d071f6c62f0d0ae445013c382832a8eb3861ad783aff285,False,,,935952,509,1174699,125364,f98fbdc69d06414ee6c6d9f817f1e5f28e8473eb34e26ee4fb8f8123dd7f25bb,True,True
tv2_m16_branch_00__MULTI__s9101,tv2_m16_branch_00,MULTI,9101,93,WARM_JOINT,BUDGET_EXHAUSTED,-0.24914553407954312,-0.24914553407954318,0.1025621233607901,0.6252334654383077,0.16403812180605357,124,123,370,372,34410,141.0299768447876,113,124,186,1.2030131879025823,0,5861,5770,17401,1053641,4335.665326595306,1088051,17771,4476.695303440094,5985,fits/tv2_m16_branch_00__MULTI__s9101/p092/WARM_JOINT/WINNER.json,4f7504dd951b1544773aa7dbe3b6f42b34efcfc76ea4f36023fb4ff4c522a553,27e4725aa1b0860aabec42aa8da9cea11dbf9be497de8a904cb01953612081a2,False,,,935952,509,1174699,125364,a4ab67911bca6a997f39604981e7a15854a8e2798a73907127c3d51e250bc9b4,True,False
tv2_m16_branch_00__MULTI__s9101,tv2_m16_branch_00,MULTI,9101,94,FROZEN_LAYERWISE,CONVERGED,0.38400297224893654,0.3840029722489363,1.2801936672172598e-05,9.304893635233815e-05,0.13758283731150794,5,4,13,376,1222,5.10738730430603,3,5,2,0.0,0,939,847,2633,98561,403.2237010002136,99783,2646,408.33108830451965,944,fits/tv2_m16_branch_00__MULTI__s9101/p093/FROZEN_LAYERWISE/WINNER.json,0ee6b55bb324a3598d071f6c62f0d0ae445013c382832a8eb3861ad783aff285,cdf296860cef835a3a61e55ca8d71360d404ce3c0325b4cd91cec5ceb4a77dce,False,,,946016,509,1187330,126712,4e535f8046cbf2179700de6517d773e07a997ef44e01e13d5d60f72493f40544,True,True
tv2_m16_branch_00__MULTI__s9101,tv2_m16_branch_00,MULTI,9101,94,WARM_JOINT,BUDGET_EXHAUSTED,-0.2501133990526664,-0.25011339905266683,0.10398884659843668,0.6263078786738238,0.1660347093487439,126,125,376,376,35344,146.63240122795105,115,125,188,1.0114626407667675,0,5985,5893,17771,1088051,4476.695303440094,1123395,18147,4623.327704668045,6111,fits/tv2_m16_branch_00__MULTI__s9101/p093/WARM_JOINT/WINNER.json,27e4725aa1b0860aabec42aa8da9cea11dbf9be497de8a904cb01953612081a2,0a292fd7a73b51f0754700b7a4b6706bc3fabc7a403d90d6e8231992256b2d27,False,,,946016,509,1187330,126712,e116cc5cda94d5a086e42c2ebaa3b346401b038dca278271204dacc69864071e,True,False
tv2_m16_branch_00__MULTI__s9101,tv2_m16_branch_00,MULTI,9101,95,FROZEN_LAYERWISE,CONVERGED,0.3840029721052463,0.3840029721052465,1.2801868029231008e-05,9.304854562985722e-05,0.1375826773279858,5,4,13,380,1235,4.929702281951904,3,5,2,0.0,0,944,851,2646,99783,408.33108830451965,101018,2659,413.26079058647156,949,fits/tv2_m16_branch_00__MULTI__s9101/p094/FROZEN_LAYERWISE/WINNER.json,cdf296860cef835a3a61e55ca8d71360d404ce3c0325b4cd91cec5ceb4a77dce,a75db15448c16b3f363f21a7a7b4eb6a100dcec843c53d94605d79951b440f18,False,,,956080,509,1199961,128060,0030d6cabf0705f9017a13fbfe777770b5276793050e8c36d41a2a8eb8358c56,True,True
tv2_m16_branch_00__MULTI__s9101,tv2_m16_branch_00,MULTI,9101,95,WARM_JOINT,BUDGET_EXHAUSTED,-0.2508701758598623,-0.25087017585986104,0.10529712827085788,0.6272674680500393,0.16786639453531801,127,126,379,380,36005,146.4641616344452,113,127,190,0.9011560955975497,0,6111,6018,18147,1123395,4623.327704668045,1159400,18526,4769.79186630249,6238,fits/tv2_m16_branch_00__MULTI__s9101/p094/WARM_JOINT/WINNER.json,0a292fd7a73b51f0754700b7a4b6706bc3fabc7a403d90d6e8231992256b2d27,20a643471b8776d94d2e7794780052202593cb47b413e5c80e0bd9c079fb2a3a,False,,,956080,509,1199961,128060,abb6df51b34cb2808b96f4d182f8aa7bfa835f42df2296261ca6e95c085824dd,True,False
tv2_m16_branch_00__MULTI__s9101,tv2_m16_branch_00,MULTI,9101,96,FROZEN_LAYERWISE,CONVERGED,0.38400297074697376,0.3840029707469738,1.2802049232227375e-05,9.304994908497216e-05,0.13758254956740157,4,3,10,384,960,4.026979207992554,2,4,2,0.0,0,949,855,2659,101018,413.26079058647156,101978,2669,417.2877697944641,953,fits/tv2_m16_branch_00__MULTI__s9101/p095/FROZEN_LAYERWISE/WINNER.json,a75db15448c16b3f363f21a7a7b4eb6a100dcec843c53d94605d79951b440f18,0f72bd4879c8d545b35fe40029b8ad104cc9ce48218b5d025f742fc6a85c92b8,False,,,966144,509,1212592,129408,309592482f714d5e2a81c5a45f11c414eecd65d3d275815eccd79b605eb902c2,True,True
tv2_m16_branch_00__MULTI__s9101,tv2_m16_branch_00,MULTI,9101,96,WARM_JOINT,BUDGET_EXHAUSTED,-0.2513439199199149,-0.2513439199199142,0.1059563042579625,0.6277927839340757,0.1687759193311928,128,127,382,384,36672,149.55269575119019,117,128,192,0.8114812202493208,0,6238,6144,18526,1159400,4769.79186630249,1196072,18908,4919.34456205368,6366,fits/tv2_m16_branch_00__MULTI__s9101/p095/WARM_JOINT/WINNER.json,20a643471b8776d94d2e7794780052202593cb47b413e5c80e0bd9c079fb2a3a,bba28390f0025924fcf4ab182e165c30efc99383f54be09b586070bf820f6f85,False,,,966144,509,1212592,129408,27cdd9d1dcdb05cbfae56ba667f2dcaad1471dfd412a309ea6605f0287f70af6,True,False
tv2_m16_branch_00__MULTI__s9101,tv2_m16_branch_00,MULTI,9101,97,FROZEN_LAYERWISE,CONVERGED,0.38400296953432234,0.3840029695343224,1.2802191056153527e-05,9.305143139010185e-05,0.13758188202911764,5,4,13,388,1261,5.205643892288208,3,5,2,0.0,0,953,858,2669,101978,417.2877697944641,103239,2682,422.4934136867523,958,fits/tv2_m16_branch_00__MULTI__s9101/p096/FROZEN_LAYERWISE/WINNER.json,0f72bd4879c8d545b35fe40029b8ad104cc9ce48218b5d025f742fc6a85c92b8,083324e074554c78f6be2aef501b4153763a079b27d3862cd8654e66983e5640,False,,,976208,509,1225223,130756,7793199fbcd9fa7ec04d6ed9ba20aa22f20835740d0f2896a2ba79cfaa4a8b96,True,True
tv2_m16_branch_00__MULTI__s9101,tv2_m16_branch_00,MULTI,9101,97,WARM_JOINT,BUDGET_EXHAUSTED,-0.25190630026569516,-0.25190630026569616,0.10692926760934307,0.6285119174860234,0.17013085135608574,130,129,388,388,37636,153.6602647304535,115,130,194,0.8901245603784217,0,6366,6271,18908,1196072,4919.34456205368,1233708,19296,5073.004826784134,6496,fits/tv2_m16_branch_00__MULTI__s9101/p096/WARM_JOINT/WINNER.json,bba28390f0025924fcf4ab182e165c30efc99383f54be09b586070bf820f6f85,a7b7dd15f454c1d0fb7aa244ab04c5df5a774c6f1fdb610adb770dde84573474,False,,,976208,509,1225223,130756,4ebe87b5efef3ed21075ec487834c5bdb7b323a9fee16170938ed6bbfd88995f,True,False
tv2_m16_branch_00__MULTI__s9101,tv2_m16_branch_00,MULTI,9101,98,FROZEN_LAYERWISE,CONVERGED,0.38400296892029406,0.3840029689202942,1.2802075804372755e-05,9.305046051197136e-05,0.13758207894871957,5,4,13,392,1274,5.288392543792725,3,5,2,0.0,0,958,862,2682,103239,422.4934136867523,104513,2695,427.78180623054504,963,fits/tv2_m16_branch_00__MULTI__s9101/p097/FROZEN_LAYERWISE/WINNER.json,083324e074554c78f6be2aef501b4153763a079b27d3862cd8654e66983e5640,34dbf41695818ff9de9de6188220c095e091234723ef5a61673544f3fa55e6e3,False,,,986272,509,1237854,132104,f90d8b1a29300942710fa7f022a394ac5c131fe94d5ccf17f1183480177cf2e9,True,True
tv2_m16_branch_00__MULTI__s9101,tv2_m16_branch_00,MULTI,9101,98,WARM_JOINT,BUDGET_EXHAUSTED,-0.25229808989181884,-0.2522980898918199,0.10743894685514135,0.6288526672142031,0.170849155066945,131,130,391,392,38318,152.4442493915558,116,131,196,0.6498962747249378,0,6496,6400,19296,1233708,5073.004826784134,1272026,19687,5225.44907617569,6627,fits/tv2_m16_branch_00__MULTI__s9101/p097/WARM_JOINT/WINNER.json,a7b7dd15f454c1d0fb7aa244ab04c5df5a774c6f1fdb610adb770dde84573474,a3b10b5044259ca5fa46c9f85552ed7b082b65d357d7173188af57eb8c8fdeaf,False,,,986272,509,1237854,132104,acf5395f1941d6a6c14269f2e9c71b90ddced4ed6ba0d35c1eba1686695c52c4,True,False
tv2_m16_branch_00__MULTI__s9101,tv2_m16_branch_00,MULTI,9101,99,FROZEN_LAYERWISE,CONVERGED,0.3840029677466542,0.3840029677466543,1.2801891486783855e-05,9.30492938476492e-05,0.13758182311135597,4,3,10,396,990,3.8156514167785645,2,4,2,0.0,0,963,866,2695,104513,427.78180623054504,105503,2705,431.5974576473236,967,fits/tv2_m16_branch_00__MULTI__s9101/p098/FROZEN_LAYERWISE/WINNER.json,34dbf41695818ff9de9de6188220c095e091234723ef5a61673544f3fa55e6e3,39451b0199b647c0255a996e003a209050aaf1d8f5a46d7033009efc912e6631,False,,,996336,509,1250485,133452,2ae5c19d23bebe0723238dd41664fb20dc8ddace53a54bbd97faed7ec274ff99,True,True
tv2_m16_branch_00__MULTI__s9101,tv2_m16_branch_00,MULTI,9101,99,WARM_JOINT,BUDGET_EXHAUSTED,-0.25269883964579887,-0.2526988396458011,0.10824412528639792,0.6294898843980516,0.17195530534999165,132,131,394,396,39006,152.40230131149292,118,132,198,0.745422845698437,0,6627,6530,19687,1272026,5225.44907617569,1311032,20081,5377.851377487183,6759,fits/tv2_m16_branch_00__MULTI__s9101/p098/WARM_JOINT/WINNER.json,a3b10b5044259ca5fa46c9f85552ed7b082b65d357d7173188af57eb8c8fdeaf,03e616ee6bca57de16adca525f54fe246c7534011f4978fbc38b734065a80aa9,False,,,996336,509,1250485,133452,12b751c2b7519c6c0d9f68c0f8ae6670d2077d6afb8e105cbc74d374b04b1fb4,True,False
tv2_m16_branch_00__MULTI__s9101,tv2_m16_branch_00,MULTI,9101,100,FROZEN_LAYERWISE,CONVERGED,0.3840029677466542,0.3840029677466543,1.2801891486783859e-05,9.304929384764921e-05,0.13758182311135597,5,4,13,400,1300,5.150492429733276,3,1,2,0.0,0,967,869,2705,105503,431.5974576473236,106803,2718,436.7479500770569,972,fits/tv2_m16_branch_00__MULTI__s9101/p099/FROZEN_LAYERWISE/WINNER.json,39451b0199b647c0255a996e003a209050aaf1d8f5a46d7033009efc912e6631,6823dec8aaec9ce1f105202f54278f18a524f70c7083d7172a09d4f9e9b72fbf,False,,,1006400,509,1263116,134800,074866c7074c42ca2a8ae9878f4aa5ec940aaccc2cfce921b3efd55b118f1de6,True,True
tv2_m16_branch_00__MULTI__s9101,tv2_m16_branch_00,MULTI,9101,100,WARM_JOINT,BUDGET_EXHAUSTED,-0.25305667468222137,-0.25305667468222076,0.10855617868015624,0.629787511377353,0.17236953213432663,134,133,400,400,40000,157.9262294769287,119,134,200,0.7804442520202106,0,6759,6661,20081,1311032,5377.851377487183,1351032,20481,5535.777606964111,6893,fits/tv2_m16_branch_00__MULTI__s9101/p099/WARM_JOINT/WINNER.json,03e616ee6bca57de16adca525f54fe246c7534011f4978fbc38b734065a80aa9,8e9a858656285a7dfdc48165decafc4e9e7df94aeee462a6f0a9bf91ab697b35,False,,,1006400,509,1263116,134800,43f84f620d46809377d61e21e916e5634c64e9f5e381c07f50f186610055e16c,True,False
tv2_m16_branch_00__MULTI__s9101,tv2_m16_branch_00,MULTI,9101,101,FROZEN_LAYERWISE,CONVERGED,0.38400296770427966,0.3840029677042798,1.280192912634941e-05,9.304954649901001e-05,0.13758185405541568,4,3,10,404,1010,4.101970911026001,2,4,2,0.0,0,972,873,2718,106803,436.7479500770569,107813,2728,440.8499209880829,976,fits/tv2_m16_branch_00__MULTI__s9101/p100/FROZEN_LAYERWISE/WINNER.json,6823dec8aaec9ce1f105202f54278f18a524f70c7083d7172a09d4f9e9b72fbf,372ca7b22cbd9be0f48cb4a61b91f4e60a9b5ff592b45b66e3002feb1d6b5a27,False,,,1016464,509,1275747,136148,0b7e5c07aa99ed541c4455704c93ce1285fbf34cf4ff77e88479ec0a5751f0e3,True,True
tv2_m16_branch_00__MULTI__s9101,tv2_m16_branch_00,MULTI,9101,101,WARM_JOINT,BUDGET_EXHAUSTED,-0.25334450445890005,-0.2533445044589004,0.10909400840334102,0.6300733287884844,0.17314493951538754,135,134,403,404,40703,160.04959106445312,121,135,202,0.6871836408047943,0,6893,6794,20481,1351032,5535.777606964111,1391735,20884,5695.827198028564,7028,fits/tv2_m16_branch_00__MULTI__s9101/p100/WARM_JOINT/WINNER.json,8e9a858656285a7dfdc48165decafc4e9e7df94aeee462a6f0a9bf91ab697b35,a813e59bb1d68c35f3952d9cd82fa1be24c624726babc8f0fda7354c865be8f5,False,,,1016464,509,1275747,136148,3940941f54b895fd17c16d5a61816e387ab01e0c8921b8188952097e5446b770,True,False
tv2_m16_branch_00__MULTI__s9101,tv2_m16_branch_00,MULTI,9101,102,FROZEN_LAYERWISE,CONVERGED,0.3840029672891069,0.38400296728910693,1.2801812439926164e-05,9.30488825211571e-05,0.1375815817778933,5,4,13,408,1326,5.230177879333496,3,5,2,0.0,0,976,876,2728,107813,440.8499209880829,109139,2741,446.0800988674164,981,fits/tv2_m16_branch_00__MULTI__s9101/p101/FROZEN_LAYERWISE/WINNER.json,372ca7b22cbd9be0f48cb4a61b91f4e60a9b5ff592b45b66e3002feb1d6b5a27,481ea568e468434ea45bc6eb8d88915de520d332bebd331c2b2ebaf504c9f576,False,,,1026528,509,1288378,137496,3648f6a8edfa769296fd0d877903f092c00207c3d914d1ea083cba24eb07b11c,True,True
tv2_m16_branch_00__MULTI__s9101,tv2_m16_branch_00,MULTI,9101,102,WARM_JOINT,BUDGET_EXHAUSTED,-0.2535697510004019,-0.2535697510004025,0.10919948249117296,0.6303380974668287,0.1732395407004882,136,135,406,408,41412,169.35813093185425,126,135,204,0.6362052221334286,0,7028,6928,20884,1391735,5695.827198028564,1433147,21290,5865.185328960419,7164,fits/tv2_m16_branch_00__MULTI__s9101/p101/WARM_JOINT/WINNER.json,a813e59bb1d68c35f3952d9cd82fa1be24c624726babc8f0fda7354c865be8f5,d797b81fc3ec56fe9e377bcf5f18d5001490d02c9695221a5fa0f3deea1763e0,False,,,1026528,509,1288378,137496,102cf894330e41ceae5f39e727bdf2aca16c2e53ba72cdaac7a86fd0000e3d52,True,False
tv2_m16_branch_00__MULTI__s9101,tv2_m16_branch_00,MULTI,9101,103,FROZEN_LAYERWISE,CONVERGED,0.38400296698484915,0.3840029669848494,1.280170711070958e-05,9.304836479175638e-05,0.13758121531055373,4,3,10,412,1030,4.179897308349609,2,4,2,0.0,0,981,880,2741,109139,446.0800988674164,110169,2751,450.259996175766,985,fits/tv2_m16_branch_00__MULTI__s9101/p102/FROZEN_LAYERWISE/WINNER.json,481ea568e468434ea45bc6eb8d88915de520d332bebd331c2b2ebaf504c9f576,ab295450ae8d5c98ea97e2f38617afbb99b7d389ffc49d872c77edb80dbb09ee,False,,,1036592,509,1301009,138844,513fbc74f17146c4ec04907d4ec70a3bf85a673ee04944b191cbb8bcfe3b46e0,True,True
tv2_m16_branch_00__MULTI__s9101,tv2_m16_branch_00,MULTI,9101,103,WARM_JOINT,BUDGET_EXHAUSTED,-0.253798180130341,-0.25379818013034283,0.10970462692013119,0.6306715794058684,0.1739488990822763,138,137,412,412,42436,165.78323006629944,122,138,206,0.7780783932771447,0,7164,7063,21290,1433147,5865.185328960419,1475583,21702,6030.968559026718,7302,fits/tv2_m16_branch_00__MULTI__s9101/p102/WARM_JOINT/WINNER.json,d797b81fc3ec56fe9e377bcf5f18d5001490d02c9695221a5fa0f3deea1763e0,e1456f5445b85b99590b6ac3c9c753f236f5efe643f5e92560097d9636b17214,False,,,1036592,509,1301009,138844,dffd41269a7af1d689d4d94a5d2e5e8dddb9202ee12203a3e69b6fbfd75fddd3,True,False
tv2_m16_branch_00__MULTI__s9101,tv2_m16_branch_00,MULTI,9101,104,FROZEN_LAYERWISE,CONVERGED,0.38400296592444666,0.3840029659244468,1.2801484389928042e-05,9.304754007807758e-05,0.13758004111861663,5,4,13,416,1352,5.404428005218506,3,5,2,0.0,0,985,883,2751,110169,450.259996175766,111521,2764,455.6644241809845,990,fits/tv2_m16_branch_00__MULTI__s9101/p103/FROZEN_LAYERWISE/WINNER.json,ab295450ae8d5c98ea97e2f38617afbb99b7d389ffc49d872c77edb80dbb09ee,336d50131e3baf51a835a0ae465e9c1495cdd90fbc9f369297fd6c05915e12ec,False,,,1046656,509,1313640,140192,65b87563b34940cc1f748ecfb25fc0e4a3c9f7973f533561f6ffcb77b551f3c8,True,True
tv2_m16_branch_00__MULTI__s9101,tv2_m16_branch_00,MULTI,9101,104,WARM_JOINT,BUDGET_EXHAUSTED,-0.2539518315067557,-0.25395183150675493,0.11001214950150388,0.6308658521251328,0.17438279331638776,139,138,415,416,43160,171.49764895439148,124,139,208,0.6148101221211989,0,7302,7200,21702,1475583,6030.968559026718,1518743,22117,6202.46620798111,7441,fits/tv2_m16_branch_00__MULTI__s9101/p103/WARM_JOINT/WINNER.json,e1456f5445b85b99590b6ac3c9c753f236f5efe643f5e92560097d9636b17214,90ba9c8e08c94f701545ac1c9074bb30e5bd0e7514470c9c7292178a8999eb32,False,,,1046656,509,1313640,140192,a55d9f0fca42fa8324bef147b8a4675f50dbd33015377a512b82979e6324246e,True,False
tv2_m16_branch_00__MULTI__s9101,tv2_m16_branch_00,MULTI,9101,105,FROZEN_LAYERWISE,CONVERGED,0.3840029647163952,0.38400296471639506,1.2801695006112692e-05,9.304859910290106e-05,0.1375807387702365,5,4,13,420,1365,5.299323797225952,3,5,2,0.0,0,990,887,2764,111521,455.6644241809845,112886,2777,460.96374797821045,995,fits/tv2_m16_branch_00__MULTI__s9101/p104/FROZEN_LAYERWISE/WINNER.json,336d50131e3baf51a835a0ae465e9c1495cdd90fbc9f369297fd6c05915e12ec,f0d1a9f4e47e6fafc660979a36d5080128f1a7aa117849d634891a1729d8e264,False,,,1056720,509,1326271,141540,4d02b476149d206f89ff202b4de5765efcf5d22cd45d89d73f3228e681a66173,True,True
tv2_m16_branch_00__MULTI__s9101,tv2_m16_branch_00,MULTI,9101,105,WARM_JOINT,BUDGET_EXHAUSTED,-0.25414353447471844,-0.25414353447471905,0.11021814397917083,0.6310174668888839,0.17466734244708187,140,139,418,420,43890,169.6701762676239,126,140,210,0.7998203022019447,0,7441,7338,22117,1518743,6202.46620798111,1562633,22535,6372.1363842487335,7581,fits/tv2_m16_branch_00__MULTI__s9101/p104/WARM_JOINT/WINNER.json,90ba9c8e08c94f701545ac1c9074bb30e5bd0e7514470c9c7292178a8999eb32,ec28830e876eadc519acfc93a3e30db7adcbdba1db240ba90bc51947fdc8c9c1,False,,,1056720,509,1326271,141540,6cc1d5a20f9696b1b22d7d31537736c2f1f2abf3760334c574632090899cc647,True,False
tv2_m16_branch_00__MULTI__s9101,tv2_m16_branch_00,MULTI,9101,106,FROZEN_LAYERWISE,CONVERGED,0.38400296410395807,0.38400296410395773,1.280183117847609e-05,9.304944073792053e-05,0.13758095778923846,4,3,10,424,1060,4.234878778457642,2,4,2,0.0,0,995,891,2777,112886,460.96374797821045,113946,2787,465.1986267566681,999,fits/tv2_m16_branch_00__MULTI__s9101/p105/FROZEN_LAYERWISE/WINNER.json,f0d1a9f4e47e6fafc660979a36d5080128f1a7aa117849d634891a1729d8e264,d9abcd9bbc5a20be25b8265e6d8b8c1c216f572a79c50c7e4b8814aef6bde5dd,False,,,1066784,509,1338902,142888,dd2611b619f48a9f0bb02d4a10212bf4d5221a9196e20e63c62656cb86c9c61a,True,True
tv2_m16_branch_00__MULTI__s9101,tv2_m16_branch_00,MULTI,9101,106,WARM_JOINT,BUDGET_EXHAUSTED,-0.2543123813441836,-0.25431238134418266,0.11052891017661695,0.6312407977945976,0.1750978557830517,142,141,424,424,44944,181.51386499404907,132,142,212,0.5593287151431562,0,7581,7477,22535,1562633,6372.1363842487335,1607577,22959,6553.650249242783,7723,fits/tv2_m16_branch_00__MULTI__s9101/p105/WARM_JOINT/WINNER.json,ec28830e876eadc519acfc93a3e30db7adcbdba1db240ba90bc51947fdc8c9c1,6646e67023f8b73741b4d1eb85a3172545d190ec138d8d3fed08d91654c34aab,False,,,1066784,509,1338902,142888,52dc9e1c487f209d516682654393abbe16e91dd073e577e8f438efcfed92c0ba,True,False
tv2_m16_branch_00__MULTI__s9101,tv2_m16_branch_00,MULTI,9101,107,FROZEN_LAYERWISE,CONVERGED,0.3840029640947149,0.384002964094715,1.2801847745657895e-05,9.304954565940806e-05,0.13758098070158092,5,4,13,428,1391,5.519838094711304,3,5,2,0.0,0,999,894,2787,113946,465.1986267566681,115337,2800,470.7184648513794,1004,fits/tv2_m16_branch_00__MULTI__s9101/p106/FROZEN_LAYERWISE/WINNER.json,d9abcd9bbc5a20be25b8265e6d8b8c1c216f572a79c50c7e4b8814aef6bde5dd,10b2f3085a2fa7302d66a9703e08089744f5af1b3dc2c39494702e4dd8d3d1ad,False,,,1076848,509,1351533,144236,98fd5505ceb08441565a3c75aecc8e61215ff2702e12454ec6f3c40b7afa7467,True,True
tv2_m16_branch_00__MULTI__s9101,tv2_m16_branch_00,MULTI,9101,107,WARM_JOINT,BUDGET_EXHAUSTED,-0.2544061629689959,-0.25440616296899304,0.11062273361327651,0.6314456506339245,0.17518963588112374,143,142,427,428,45689,182.11171984672546,130,143,214,0.3528273526141682,0,7723,7618,22959,1607577,6553.650249242783,1653266,23386,6735.761969089508,7866,fits/tv2_m16_branch_00__MULTI__s9101/p106/WARM_JOINT/WINNER.json,6646e67023f8b73741b4d1eb85a3172545d190ec138d8d3fed08d91654c34aab,4d6cc9c9b090def9a700eb28bebdbd05c6d2e3a44582ef7ab9a6b8610ab92cb1,False,,,1076848,509,1351533,144236,08553937e0deca94093e9cdaf1d5dbdb4ce129c72e15f8a254d0d890b2aff52d,True,False
tv2_m16_branch_00__MULTI__s9101,tv2_m16_branch_00,MULTI,9101,108,FROZEN_LAYERWISE,CONVERGED,0.3840029623784891,0.38400296237848897,1.2802033430171607e-05,9.305121073908658e-05,0.13758051430484025,5,4,13,432,1404,5.873281955718994,3,5,2,0.0,0,1004,898,2800,115337,470.7184648513794,116741,2813,476.5917468070984,1009,fits/tv2_m16_branch_00__MULTI__s9101/p107/FROZEN_LAYERWISE/WINNER.json,10b2f3085a2fa7302d66a9703e08089744f5af1b3dc2c39494702e4dd8d3d1ad,23f7d638bf47941e6dbd9189a683c86fdb1613117976f5fad7cdc41e7e97e992,False,,,1086912,509,1364164,145584,d6f4977300203709eeb9fd66085a520f4ff8ee04c0f8a083f46f80db308e6980,True,True
tv2_m16_branch_00__MULTI__s9101,tv2_m16_branch_00,MULTI,9101,108,WARM_JOINT,BUDGET_EXHAUSTED,-0.256349775410499,-0.2563497754104993,0.11266263131611184,0.631816661445855,0.17831538512816938,144,143,430,432,46440,185.743314743042,132,144,216,1.4758698726241586,0,7866,7760,23386,1653266,6735.761969089508,1699706,23816,6921.50528383255,8010,fits/tv2_m16_branch_00__MULTI__s9101/p107/WARM_JOINT/WINNER.json,4d6cc9c9b090def9a700eb28bebdbd05c6d2e3a44582ef7ab9a6b8610ab92cb1,0b7cdf0e9ce9f063c539aed6c2138aa21bd1807a5a4c7433b2ac43593d2ef318,False,,,1086912,509,1364164,145584,4cb38c8d07f5bb4e81ac165b2a55ec067afe645829575084eebe4faa0b8a5c7f,True,False
tv2_m16_branch_00__MULTI__s9101,tv2_m16_branch_00,MULTI,9101,109,FROZEN_LAYERWISE,CONVERGED,0.3840029618013121,0.3840029618013121,1.2801912328743961e-05,9.30503256006739e-05,0.13758052157370684,5,4,13,436,1417,5.538259983062744,3,5,2,0.0,0,1009,902,2813,116741,476.5917468070984,118158,2826,482.13000679016113,1014,fits/tv2_m16_branch_00__MULTI__s9101/p108/FROZEN_LAYERWISE/WINNER.json,23f7d638bf47941e6dbd9189a683c86fdb1613117976f5fad7cdc41e7e97e992,a0136f00383b6a1b7b61a8682daf558ee6241ca6137f14361befd712ae6fc639,False,,,1096976,509,1376795,146932,3c91c7a94f07487cccd66072bb76263340f6731af7224522a8f7255bcccedc4a,True,True
tv2_m16_branch_00__MULTI__s9101,tv2_m16_branch_00,MULTI,9101,109,WARM_JOINT,BUDGET_EXHAUSTED,-0.26883630263630676,-0.2688363026363084,0.11051414104791137,0.6386055553453228,0.17305540191887525,146,145,436,436,47524,185.04638409614563,134,146,218,2.0583766722482206,0,8010,7903,23816,1699706,6921.50528383255,1747230,24252,7106.551667928696,8156,fits/tv2_m16_branch_00__MULTI__s9101/p108/WARM_JOINT/WINNER.json,0b7cdf0e9ce9f063c539aed6c2138aa21bd1807a5a4c7433b2ac43593d2ef318,32b3749a65312623c7b2e5143e638acdc0a6ad7bdaf7c8e463f16ae3b42b84df,False,,,1096976,509,1376795,146932,1910440e99d3657f399b3c9f024fdcabbe528785a2e768722cbbe77520f6cb7f,True,False
tv2_m16_branch_00__MULTI__s9101,tv2_m16_branch_00,MULTI,9101,110,FROZEN_LAYERWISE,CONVERGED,0.38400296053531663,0.3840029605353169,1.2801704159347705e-05,9.304919401325983e-05,0.13757995751713248,5,4,13,440,1430,5.651867866516113,3,5,2,0.0,0,1014,906,2826,118158,482.13000679016113,119588,2839,487.78187465667725,1019,fits/tv2_m16_branch_00__MULTI__s9101/p109/FROZEN_LAYERWISE/WINNER.json,a0136f00383b6a1b7b61a8682daf558ee6241ca6137f14361befd712ae6fc639,c62ab89b7c96107516a1da86fa6d2e2ff0ce71ad1cc1a46683f36825a5780325,False,,,1107040,509,1389426,148280,fb8b7774007c04163a61d51321d50ed5bac922d788368333b2d10b9c3125d573,True,True
tv2_m16_branch_00__MULTI__s9101,tv2_m16_branch_00,MULTI,9101,110,WARM_JOINT,BUDGET_EXHAUSTED,-0.30665307231433314,-0.3066530723143335,0.13295065877353757,0.6737615010648956,0.19732599527192632,147,146,439,440,48290,193.32309436798096,133,147,220,2.2156367848896807,0,8156,8048,24252,1747230,7106.551667928696,1795520,24691,7299.874762296677,8303,fits/tv2_m16_branch_00__MULTI__s9101/p109/WARM_JOINT/WINNER.json,32b3749a65312623c7b2e5143e638acdc0a6ad7bdaf7c8e463f16ae3b42b84df,dde79d12eebe2df4e332d807e523a7e42d55c0abc091f547b982c904ea983b75,False,,,1107040,509,1389426,148280,554f9c0138cc8596c117831d2178406dd06d002a070dc76fcc8f929bce8789ac,True,False
tv2_m16_branch_00__MULTI__s9101,tv2_m16_branch_00,MULTI,9101,111,FROZEN_LAYERWISE,CONVERGED,0.38400295803259776,0.3840029580325979,1.2801939397832316e-05,9.305113972154724e-05,0.13757960876289896,5,4,13,444,1443,5.810024738311768,3,5,2,0.0,0,1019,910,2839,119588,487.78187465667725,121031,2852,493.591899394989,1024,fits/tv2_m16_branch_00__MULTI__s9101/p110/FROZEN_LAYERWISE/WINNER.json,c62ab89b7c96107516a1da86fa6d2e2ff0ce71ad1cc1a46683f36825a5780325,7c35b2a9de90177dbaa8bd88a3612088d41e6b2d71799ab0515a328bbb70ecab,False,,,1117104,509,1402057,149628,27aed6e5e072c7d3b075c440a84f3b90c12bc726f6902ab36b40e1b2921073a2,True,True
tv2_m16_branch_00__MULTI__s9101,tv2_m16_branch_00,MULTI,9101,111,WARM_JOINT,BUDGET_EXHAUSTED,-0.38460379618007257,-0.384603796180073,0.17074976705256165,0.7590217871137818,0.22496029751905564,148,147,442,444,49062,192.70212316513062,130,148,222,1.6347346372620926,0,8303,8194,24691,1795520,7299.874762296677,1844582,25133,7492.576885461807,8451,fits/tv2_m16_branch_00__MULTI__s9101/p110/WARM_JOINT/WINNER.json,dde79d12eebe2df4e332d807e523a7e42d55c0abc091f547b982c904ea983b75,e4c2c8e625654abe7e882fee5125476778d2c244a589444da3e535ffcd17b0d2,False,,,1117104,509,1402057,149628,e79ac0f8c1e05e867652af1da19611c226484d1b179a1f94229cb7015ec624c7,True,False
tv2_m16_branch_00__MULTI__s9101,tv2_m16_branch_00,MULTI,9101,112,FROZEN_LAYERWISE,CONVERGED,0.38400295682839847,0.3840029568283986,1.2802075645954572e-05,9.305266061919908e-05,0.13757882429976628,4,3,10,448,1120,4.4292168617248535,2,4,2,0.0,0,1024,914,2852,121031,493.591899394989,122151,2862,498.02111625671387,1028,fits/tv2_m16_branch_00__MULTI__s9101/p111/FROZEN_LAYERWISE/WINNER.json,7c35b2a9de90177dbaa8bd88a3612088d41e6b2d71799ab0515a328bbb70ecab,628e79a9be2d6d17e7187b69b91b45d504d788072f54c54fe0f4e8bd5d4841b1,False,,,1127168,509,1414688,150976,2f317da746ed8d1967ff42ace4e47e2f824402f90edacddea9ada71381b1ef73,True,True
tv2_m16_branch_00__MULTI__s9101,tv2_m16_branch_00,MULTI,9101,112,WARM_JOINT,BUDGET_EXHAUSTED,-0.4344802031119077,-0.43448020311190766,0.17771743673170115,0.8018299154057774,0.22163981826715048,150,149,448,448,50176,201.4979112148285,137,150,224,2.0982537009216826,0,8451,8341,25133,1844582,7492.576885461807,1894758,25581,7694.074796676636,8601,fits/tv2_m16_branch_00__MULTI__s9101/p111/WARM_JOINT/WINNER.json,e4c2c8e625654abe7e882fee5125476778d2c244a589444da3e535ffcd17b0d2,3f243e221a4760fdfa369fb428f869fa867a8ca2bed34c9da68c475f2786b53b,False,,,1127168,509,1414688,150976,5c15bf28af279c0c57e65e6494965867d621f8de5371437ec692f15e97cfbb81,True,False
tv2_m16_branch_00__MULTI__s9101,tv2_m16_branch_00,MULTI,9101,113,FROZEN_LAYERWISE,CONVERGED,0.38400295309959454,0.3840029530995944,1.2802226643552023e-05,9.305579844009523e-05,0.13757580782882078,5,4,13,452,1469,5.965771198272705,3,5,2,0.0,0,1028,917,2862,122151,498.02111625671387,123620,2875,503.9868874549866,1033,fits/tv2_m16_branch_00__MULTI__s9101/p112/FROZEN_LAYERWISE/WINNER.json,628e79a9be2d6d17e7187b69b91b45d504d788072f54c54fe0f4e8bd5d4841b1,645f2cea8b8ac1b922470996df606aacdfcff80fe92522dc243bc7f53a3f613c,False,,,1137232,509,1427319,152324,b3040bfb1354e42c72b8e934969640bc57f75e234392c4abed01f93b8e9951a5,True,True
tv2_m16_branch_00__MULTI__s9101,tv2_m16_branch_00,MULTI,9101,113,WARM_JOINT,BUDGET_EXHAUSTED,-0.4496615351599048,-0.44966153515990503,0.16840738018898438,0.8149071922861578,0.2066583554337406,151,150,451,452,50963,202.69043970108032,137,151,226,0.6539171532581709,0,8601,8490,25581,1894758,7694.074796676636,1945721,26032,7896.765236377716,8752,fits/tv2_m16_branch_00__MULTI__s9101/p112/WARM_JOINT/WINNER.json,3f243e221a4760fdfa369fb428f869fa867a8ca2bed34c9da68c475f2786b53b,dac0e974a7f5930aa04e3e61bdab22b22117c29c67376d6bd9004bf0477a50a0,False,,,1137232,509,1427319,152324,4cce4aa462219f8963c3d42efa6f8766d8f66a2839b738dc687c6c4b3f7a6713,True,False
tv2_m16_branch_00__MULTI__s9101,tv2_m16_branch_00,MULTI,9101,114,FROZEN_LAYERWISE,CONVERGED,0.3840029486504515,0.3840029486504519,1.2802287921800693e-05,9.305974428134648e-05,0.13757063293765004,5,4,13,456,1482,5.925826787948608,3,5,2,0.0,0,1033,921,2875,123620,503.9868874549866,125102,2888,509.9127142429352,1038,fits/tv2_m16_branch_00__MULTI__s9101/p113/FROZEN_LAYERWISE/WINNER.json,645f2cea8b8ac1b922470996df606aacdfcff80fe92522dc243bc7f53a3f613c,2e957755b1987700a5813aa89822d904e773b7fb216b83d793ce88be7dabc67e,False,,,1147296,509,1439950,153672,6ff8e9d408c96ee8c886d853d00eae1c15cc5fc8e9d04fdaa7fe1f81346b051c,True,True
tv2_m16_branch_00__MULTI__s9101,tv2_m16_branch_00,MULTI,9101,114,WARM_JOINT,BUDGET_EXHAUSTED,-0.4649796738323392,-0.4649796738323371,0.16332724633054815,0.8268023184852897,0.19754086639447907,152,151,454,456,51756,207.5866904258728,131,152,228,0.822631766452468,0,8752,8640,26032,1945721,7896.765236377716,1997477,26486,8104.351926803589,8904,fits/tv2_m16_branch_00__MULTI__s9101/p113/WARM_JOINT/WINNER.json,dac0e974a7f5930aa04e3e61bdab22b22117c29c67376d6bd9004bf0477a50a0,214490ab2a335e91cb8bff04f76242db09837d5137bb6aa569b405aaa5d274e1,False,,,1147296,509,1439950,153672,6a4ec2a045bbd5aa02bb385a024c505e83cdbf2095ab102ff3332624ce0b7732,True,False
tv2_m16_branch_00__MULTI__s9101,tv2_m16_branch_00,MULTI,9101,115,FROZEN_LAYERWISE,CONVERGED,0.38400294849649114,0.3840029484964913,1.280229580204753e-05,9.306049458032622e-05,0.13756960845503657,5,4,13,460,1495,5.8734025955200195,3,5,2,0.0,0,1038,925,2888,125102,509.9127142429352,126597,2901,515.7861168384552,1043,fits/tv2_m16_branch_00__MULTI__s9101/p114/FROZEN_LAYERWISE/WINNER.json,2e957755b1987700a5813aa89822d904e773b7fb216b83d793ce88be7dabc67e,845ec268c0dd5bf2c082bcc481261c391f3de5d628fb9813dc80ca19868006f5,False,,,1157360,509,1452581,155020,2babe54872b214a351525646daa7a5f76e7da81e91f7a5309636360737414b76,True,True
tv2_m16_branch_00__MULTI__s9101,tv2_m16_branch_00,MULTI,9101,115,WARM_JOINT,BUDGET_EXHAUSTED,-0.48138725491477224,-0.4813872549147727,0.15351166208421382,0.8402787427139976,0.1826913550001157,154,153,460,460,52900,206.42013025283813,133,154,230,0.9487376176322248,0,8904,8791,26486,1997477,8104.351926803589,2050377,26946,8310.772057056427,9058,fits/tv2_m16_branch_00__MULTI__s9101/p114/WARM_JOINT/WINNER.json,214490ab2a335e91cb8bff04f76242db09837d5137bb6aa569b405aaa5d274e1,6d56dc04ecb39bc30be27e53b98f564b0f521cfa8000db40ba0ee5eacfeee045,False,,,1157360,509,1452581,155020,2a265466bb4df170b5cce9ca6b97b4b36db64613768ee27d4a38dd1e54fd1f6f,True,False
tv2_m16_branch_00__MULTI__s9101,tv2_m16_branch_00,MULTI,9101,116,FROZEN_LAYERWISE,CONVERGED,0.3840029475363171,0.38400294753631714,1.2802293311764261e-05,9.30624692967762e-05,0.137566662570899,5,4,13,464,1508,6.0103137493133545,3,5,2,0.0,0,1043,929,2901,126597,515.7861168384552,128105,2914,521.7964305877686,1048,fits/tv2_m16_branch_00__MULTI__s9101/p115/FROZEN_LAYERWISE/WINNER.json,845ec268c0dd5bf2c082bcc481261c391f3de5d628fb9813dc80ca19868006f5,ce5c060710587a533c9b43a516cbb2aff3baaa32b651ef4a5e9a08d57f04173f,False,,,1167424,509,1465212,156368,b7e3da897a0f78b71395928874fa75ec23872649e2e1df75bb1c5c92ff4a93f0,True,True
tv2_m16_branch_00__MULTI__s9101,tv2_m16_branch_00,MULTI,9101,116,WARM_JOINT,BUDGET_EXHAUSTED,-0.5028394032386221,-0.5028394032386211,0.14263546482080172,0.8595353805010459,0.16594484422230035,155,154,463,464,53708,211.79994797706604,141,155,232,2.277608914155797,0,9058,8944,26946,2050377,8310.772057056427,2104085,27409,8522.572005033493,9213,fits/tv2_m16_branch_00__MULTI__s9101/p115/WARM_JOINT/WINNER.json,6d56dc04ecb39bc30be27e53b98f564b0f521cfa8000db40ba0ee5eacfeee045,85c577c856f5044aa44d24e9c73a7077ed32dd52d5f2c103daa719189725e191,False,,,1167424,509,1465212,156368,83a0eafdff25e53323cda244120a461d3d4d40f95cb38a359ebd8450141a43c8,True,False
tv2_m16_branch_00__MULTI__s9101,tv2_m16_branch_00,MULTI,9101,117,FROZEN_LAYERWISE,CONVERGED,0.38400294548412,0.3840029454841203,1.2802251736810702e-05,9.305995542726191e-05,0.13756993196517567,3,2,7,468,819,3.1879310607910156,1,2,2,0.0,0,1048,933,2914,128105,521.7964305877686,128924,2921,524.9843616485596,1051,fits/tv2_m16_branch_00__MULTI__s9101/p116/FROZEN_LAYERWISE/WINNER.json,ce5c060710587a533c9b43a516cbb2aff3baaa32b651ef4a5e9a08d57f04173f,5ff93cbc05e78ac27da791adf1165897810a8d45c67488b2a8f012157cb0bc11,False,,,1177488,509,1477843,157716,3e9dbf7da6562266734db3e5b8d216c6efe348c5c5489233ac32312ae8cb23b2,True,True
tv2_m16_branch_00__MULTI__s9101,tv2_m16_branch_00,MULTI,9101,117,WARM_JOINT,BUDGET_EXHAUSTED,-0.5130024590482296,-0.5130024590482274,0.13256450827806193,0.869921128816233,0.15238681288090153,156,155,466,468,54522,217.48766469955444,136,156,234,1.4587269357051083,0,9213,9098,27409,2104085,8522.572005033493,2158607,27875,8740.059669733047,9369,fits/tv2_m16_branch_00__MULTI__s9101/p116/WARM_JOINT/WINNER.json,85c577c856f5044aa44d24e9c73a7077ed32dd52d5f2c103daa719189725e191,690beff495bfc3722d0f6796b4d27fc6107d187a9fb6bb697ba1b39b973c0a2b,False,,,1177488,509,1477843,157716,d9b7a1fb95ebae796a07832a495e0a926d0967e3a1799164f8ee609ea4cf2712,True,False
tv2_m16_branch_00__MULTI__s9101,tv2_m16_branch_00,MULTI,9101,118,FROZEN_LAYERWISE,CONVERGED,0.3840029420007559,0.38400294200075585,1.2802224876107848e-05,9.306381397014636e-05,0.1375639395158964,5,4,13,472,1534,6.181166648864746,3,5,2,0.0,0,1051,935,2921,128924,524.9843616485596,130458,2934,531.1655282974243,1056,fits/tv2_m16_branch_00__MULTI__s9101/p117/FROZEN_LAYERWISE/WINNER.json,5ff93cbc05e78ac27da791adf1165897810a8d45c67488b2a8f012157cb0bc11,03eeb63a68b4474e5139e47a71a6eceddaec102438f963e7e53f387f2d90d5e0,False,,,1187552,509,1490474,159064,6d1e427e01c5935e338c0a682603661034b34bce0ca5c629509bf19b404d7b0b,True,True
tv2_m16_branch_00__MULTI__s9101,tv2_m16_branch_00,MULTI,9101,118,WARM_JOINT,BUDGET_EXHAUSTED,-0.5217144722435383,-0.5217144722435358,0.12313591241474005,0.8791330555298323,0.14006516037612646,158,157,472,472,55696,226.76975011825562,141,158,236,1.2787073451779551,0,9369,9253,27875,2158607,8740.059669733047,2214303,28347,8966.829419851303,9527,fits/tv2_m16_branch_00__MULTI__s9101/p117/WARM_JOINT/WINNER.json,690beff495bfc3722d0f6796b4d27fc6107d187a9fb6bb697ba1b39b973c0a2b,edbb8a0d3195078133374e003ee2874f2ab1b227281ff95ce91ac1d120388e68,False,,,1187552,509,1490474,159064,01659c852edc459c1ab4a6fa8ef28dffcc390c7f667fab0c9b2f5543d5ea14d5,True,False
tv2_m16_branch_00__MULTI__s9101,tv2_m16_branch_00,MULTI,9101,119,FROZEN_LAYERWISE,CONVERGED,0.3839928981181854,0.3839928981181853,1.2850818851216158e-05,9.298057878680712e-05,0.13820971023079437,18,17,52,476,6188,24.707329034805298,13,17,2,0.0,0,1056,939,2934,130458,531.1655282974243,136646,2986,555.8728573322296,1074,fits/tv2_m16_branch_00__MULTI__s9101/p118/FROZEN_LAYERWISE/WINNER.json,03eeb63a68b4474e5139e47a71a6eceddaec102438f963e7e53f387f2d90d5e0,4c6a371a4ebc519170663ab4e9b96fd1557181af0886682b2b01377fb038e41f,False,,,1197616,509,1503105,160412,4fb21bef43bce19f3a0c2776e9a3a833b4d3ddc9c46972b49fad993410ca925d,True,True
tv2_m16_branch_00__MULTI__s9101,tv2_m16_branch_00,MULTI,9101,119,WARM_JOINT,BUDGET_EXHAUSTED,-0.5263285761248944,-0.5263285761248947,0.1188388106091949,0.8836105799477785,0.1344922902759022,159,158,475,476,56525,228.2945430278778,142,159,238,1.292401626037402,0,9527,9410,28347,2214303,8966.829419851303,2270828,28822,9195.12396287918,9686,fits/tv2_m16_branch_00__MULTI__s9101/p118/WARM_JOINT/WINNER.json,edbb8a0d3195078133374e003ee2874f2ab1b227281ff95ce91ac1d120388e68,5e1a5cb9206a83f75da29ce7cab5ec4a1259229f639c394afe9fa7ee02c4eb5d,False,,,1197616,509,1503105,160412,0fa44b7f79528345404656f58ed1267e8f47ca26e0b60a32ca30493cf4bae535,True,False
tv2_m16_branch_00__MULTI__s9101,tv2_m16_branch_00,MULTI,9101,120,FROZEN_LAYERWISE,CONVERGED,0.3839928976334081,0.38399289763340827,1.2851155016138417e-05,9.297999929632847e-05,0.1382141870659906,5,4,13,480,1560,6.251843214035034,3,5,2,0.0,0,1074,956,2986,136646,555.8728573322296,138206,2999,562.1247005462646,1079,fits/tv2_m16_branch_00__MULTI__s9101/p119/FROZEN_LAYERWISE/WINNER.json,4c6a371a4ebc519170663ab4e9b96fd1557181af0886682b2b01377fb038e41f,e7b0d39c4f886bea3d71715818cf2fb181485fa6bd034325db705138ba7a682d,True,be336788a78c579ef5347721afdb2cba280ae51b2c654e557f90e0cbbb12d8c7,1.6735398033439565e-15,1207680,509,1515736,161760,312fe963794c2c882b300cf8d973ffdf9b87f2c5fd32b96477c6c98f7484eba1,True,True
tv2_m16_branch_00__MULTI__s9101,tv2_m16_branch_00,MULTI,9101,120,WARM_JOINT,BUDGET_EXHAUSTED,-0.5296851719100573,-0.5296851719100562,0.11343754653079723,0.8870059884287977,0.12788814056569714,160,159,478,480,57360,234.56591367721558,139,160,240,1.1608741353914296,0,9686,9568,28822,2270828,9195.12396287918,2328188,29300,9429.689876556396,9846,fits/tv2_m16_branch_00__MULTI__s9101/p119/WARM_JOINT/WINNER.json,5e1a5cb9206a83f75da29ce7cab5ec4a1259229f639c394afe9fa7ee02c4eb5d,9ec27e22f3a844a515872cd6d082dfa9fa70f774137eb9892c72499d45c16244,True,80e87bf1ea7c6c1c18ba7849fb47825988c5249411e14a571d1564d3cda7b402,1.7117968583762318e-14,1207680,509,1515736,161760,8ba707eceefe77bbab6f7a44a480a234eaf7ae3bfd00d279de5e74540e125f7e,True,False
tv2_m16_branch_00__MULTI__s9101,tv2_m16_branch_00,MULTI,9101,120,RANDOM_JOINT,BUDGET_EXHAUSTED,-0.32152908708617717,-0.32152908708617534,0.07967184280842672,0.7385632958843221,0.1078740891300742,160,160,480,480,57600,201.64465355873108,148,160,240,4.321875125223321,0,0,0,0,0,0.0,57600,480,201.64465355873108,160,,,2e26b366178fb230a82bebcc4e626d396844be9b775d508fcb5892fd083355ab,True,7822296834fb3292a4802ddc2e49ecd92762e77841e21c104ca19016afb0db7b,2.8419324085527285e-15,1207680,509,1515736,161760,92673a4fa29ab9a8cdefc55296a84db9f9cfe7f9240ad7c9a111790f9a9c860a,False,False
tv2_m16_cycle_00__X__s9101,tv2_m16_cycle_00,X,9101,1,SHARED_P1,CONVERGED,0.6092135053222159,0.6092135053222157,4.828501038773741e-05,0.00038753575766919913,0.124594981062247,10,10,30,64,30,0.17225027084350586,3,10,2,,0,0,0,0,0,0.0,30,30,0.17225027084350586,10,,,823db23fdf379fef70cc2c8128812a968820b4d47bb06cd5a8b7cf840c0c5917,True,d61940b0e446940bfc5b3f94f25d8501d94ac4fbeceb692cd414a74cd3934dc1,9.69739903612216e-18,11342,541,14313,1560,2685a55d14993317fc0daea7e1c5261a22098b432b25a9f3d9da798b036effc8,False,False
tv2_m16_cycle_00__X__s9101,tv2_m16_cycle_00,X,9101,2,FROZEN_LAYERWISE,CONVERGED,0.5183792616213345,0.5183792616213342,7.139058599813538e-05,0.0003537349907901762,0.20181940677868052,7,6,19,64,38,0.17852354049682617,3,7,2,0.0,0,10,10,30,30,0.17225027084350586,68,49,0.35077381134033203,17,fits/tv2_m16_cycle_00__X__s9101/p001/SHARED_P1/WINNER.json,823db23fdf379fef70cc2c8128812a968820b4d47bb06cd5a8b7cf840c0c5917,bf2a444435d929fbb54a4b4d27f961b8d2a4dc3008010aa50a0b08625bd3725c,False,,,22684,541,28610,3120,0081613274590bf72f9118e3d521cce71758fc95535ad2479d7ecac1833d7afa,True,True
tv2_m16_cycle_00__X__s9101,tv2_m16_cycle_00,X,9101,2,WARM_JOINT,CONVERGED,0.5183792616213343,0.518379261621334,7.139058599813526e-05,0.0003537349907901757,0.2018194067786805,7,6,19,64,38,0.17011618614196777,3,7,4,0.0,0,10,10,30,30,0.17225027084350586,68,49,0.34236645698547363,17,fits/tv2_m16_cycle_00__X__s9101/p001/SHARED_P1/WINNER.json,823db23fdf379fef70cc2c8128812a968820b4d47bb06cd5a8b7cf840c0c5917,b0264e004591ae500839bb46c555934d05e421f0f2fa18f2e82fdd97a28702e3,False,,,22684,541,28610,3120,0081613274590bf72f9118e3d521cce71758fc95535ad2479d7ecac1833d7afa,True,False
tv2_m16_cycle_00__X__s9101,tv2_m16_cycle_00,X,9101,3,FROZEN_LAYERWISE,CONVERGED,0.43117982474315625,0.4311798247431562,5.5074797279459786e-05,0.00015629958751769144,0.3523668753970698,6,5,16,64,48,0.21265101432800293,3,6,2,0.0,0,17,16,49,68,0.35077381134033203,116,65,0.563424825668335,23,fits/tv2_m16_cycle_00__X__s9101/p002/FROZEN_LAYERWISE/WINNER.json,bf2a444435d929fbb54a4b4d27f961b8d2a4dc3008010aa50a0b08625bd3725c,fca91dfc1e3c6888d5660c6f58283b610bee09694f44bd6cc93a63ed22255fbc,False,,,34026,541,42907,4680,4377bfda525e5364f02da0da7647951adac5089ebfb365f079d262be9b653c93,True,True
tv2_m16_cycle_00__X__s9101,tv2_m16_cycle_00,X,9101,3,WARM_JOINT,CONVERGED,0.43117982474315625,0.4311798247431561,5.5074797279459746e-05,0.00015629958751769128,0.3523668753970699,7,6,19,64,57,0.24504494667053223,4,7,6,0.0,0,17,16,49,68,0.34236645698547363,125,68,0.5874114036560059,24,fits/tv2_m16_cycle_00__X__s9101/p002/WARM_JOINT/WINNER.json,b0264e004591ae500839bb46c555934d05e421f0f2fa18f2e82fdd97a28702e3,c1b70418fdde6197e62d564bb6ab1a1c37542d22ab763d513f08519a12cdbe5b,False,,,34026,541,42907,4680,4945de5750270001e8d9e087f1c1c396f7b37a76d7d05429261fa6eb116e7566,True,False
tv2_m16_cycle_00__X__s9101,tv2_m16_cycle_00,X,9101,4,FROZEN_LAYERWISE,CONVERGED,0.3823835808025374,0.38238358080253704,2.7404265669984334e-05,5.1293986267561576e-05,0.5342588413198615,6,5,16,64,64,0.26537322998046875,4,6,2,0.0,0,23,21,65,116,0.563424825668335,180,81,0.8287980556488037,29,fits/tv2_m16_cycle_00__X__s9101/p003/FROZEN_LAYERWISE/WINNER.json,fca91dfc1e3c6888d5660c6f58283b610bee09694f44bd6cc93a63ed22255fbc,50bc4792437c3b2620e804efa65093c7c89b0cba2bb5ea7274d05b4cf7a7f7ac,True,a06892565012a31ac7c3b41f4ce3d44e98483a7b2c4152e9b9f7fb171c143461,1.676859480936123e-16,45368,541,57204,6240,94f8a0cdc32d593c62b3413e79ff80b82584ce03cd0a59a48bb5b409970e4752,True,True
tv2_m16_cycle_00__X__s9101,tv2_m16_cycle_00,X,9101,4,WARM_JOINT,CONVERGED,0.38103361744102004,0.3810336174410199,2.8145516802640527e-05,3.899728376296688e-05,0.7217301844332156,12,11,34,64,136,0.5416452884674072,10,12,8,1.5402369351546148,0,24,22,68,125,0.5874114036560059,261,102,1.129056692123413,36,fits/tv2_m16_cycle_00__X__s9101/p003/WARM_JOINT/WINNER.json,c1b70418fdde6197e62d564bb6ab1a1c37542d22ab763d513f08519a12cdbe5b,b10f09e4a508c5f3e965768b219378f0624ae5daaac4404ee44ed1deca7cf87f,True,a8b4c626b769b549be893d1660f278e3643df376a1ca7ee53d5e52b37061065c,1.3985787785349405e-16,45368,541,57204,6240,4513b897e9744079f23e9813f7616169417d8292cc915fa81cf529a376a43543,True,False
tv2_m16_cycle_00__X__s9101,tv2_m16_cycle_00,X,9101,4,RANDOM_JOINT,CONVERGED,0.3810336174410198,0.3810336174410195,2.8145517266594472e-05,3.8997284674638076e-05,0.7217301794578261,17,17,51,64,204,0.8088374137878418,14,17,8,5.951900816855668,0,0,0,0,0,0.0,204,51,0.8088374137878418,17,,,b2a9277e68d94074bb141ae2def0f6ab1be50459f5c3ce469b535d8bf2f0e113,True,b2f485b252c18fa1abd4d6f24d11493a99e2b3e9735ea5c511b27772d22c7dc8,1.434271216279758e-16,45368,541,57204,6240,cb3d4a2666aedd6e1a830af99cd6ed3444a9e9ba7c6b03433d2e9286ac7f0d1c,False,False
tv2_m16_cycle_00__X__s9101,tv2_m16_cycle_00,X,9101,5,FROZEN_LAYERWISE,CONVERGED,0.37704865567244217,0.37704865567244195,2.9599918235247286e-06,1.890006960936237e-05,0.15661274718578083,10,9,28,64,140,0.547724723815918,6,10,2,0.0,0,29,26,81,180,0.8287980556488037,320,109,1.3765227794647217,39,fits/tv2_m16_cycle_00__X__s9101/p004/FROZEN_LAYERWISE/WINNER.json,50bc4792437c3b2620e804efa65093c7c89b0cba2bb5ea7274d05b4cf7a7f7ac,2544bb25bf420d3f229d3fdfb43e92c0237512db34dab87580481f4b5880b1d5,False,,,56710,541,71501,7800,485c1d98896a00a495835f8a6d2d95716b12574d882a07fc289213db91ff9365,True,True
tv2_m16_cycle_00__X__s9101,tv2_m16_cycle_00,X,9101,5,WARM_JOINT,BUDGET_EXHAUSTED,0.3725795876356176,0.37257958763561816,1.8821313330708542e-05,3.4181753925757094e-05,0.5506245633734451,22,21,64,64,320,1.2373239994049072,18,22,10,1.5402369351546148,0,36,33,102,261,1.129056692123413,581,166,2.3663806915283203,58,fits/tv2_m16_cycle_00__X__s9101/p004/WARM_JOINT/WINNER.json,b10f09e4a508c5f3e965768b219378f0624ae5daaac4404ee44ed1deca7cf87f,e27e0f14859654983bc1513932f410ced8694d29ad36db8510894c6470f55319,False,,,56710,541,71501,7800,804e7e611ad1a0d11048f47ea561faaafa00cf6fb5e9448c3cf24b9e3872205f,True,False
tv2_m16_cycle_00__X__s9101,tv2_m16_cycle_00,X,9101,6,FROZEN_LAYERWISE,CONVERGED,0.37588328876437666,0.37588328876437666,4.340692245018803e-06,2.411589998775714e-05,0.1799929609602972,13,12,37,64,222,0.8544237613677979,5,13,2,0.0,0,39,35,109,320,1.3765227794647217,542,146,2.2309465408325195,52,fits/tv2_m16_cycle_00__X__s9101/p005/FROZEN_LAYERWISE/WINNER.json,2544bb25bf420d3f229d3fdfb43e92c0237512db34dab87580481f4b5880b1d5,ec60c8d844d43c2c1919a4a1b3fecdd4a60a1943aa7d275541e5cbbbf23d1720,False,,,68052,541,85798,9360,887015b33fcf8df3dad7309a8874f441285bb2e8c24ac8aa653fb28a36e3ce8d,True,True
tv2_m16_cycle_00__X__s9101,tv2_m16_cycle_00,X,9101,6,WARM_JOINT,BUDGET_EXHAUSTED,0.37173487371767333,0.37173487371767355,0.00017040480346412946,0.0004838211953403771,0.35220615612808476,22,21,64,64,384,1.472485065460205,14,21,12,3.6351559970245373,0,58,54,166,581,2.3663806915283203,965,230,3.8388657569885254,80,fits/tv2_m16_cycle_00__X__s9101/p005/WARM_JOINT/WINNER.json,e27e0f14859654983bc1513932f410ced8694d29ad36db8510894c6470f55319,01fde64238cea4ea1086218753b118a98f7732c3647d4611a51afaa9ebb34802,False,,,68052,541,85798,9360,538a291fc8cdc781f89e87b3902a0ef8437eb2d9689f30aae8db65b29c6a7c4b,True,False
tv2_m16_cycle_00__X__s9101,tv2_m16_cycle_00,X,9101,7,FROZEN_LAYERWISE,CONVERGED,0.3749034734203952,0.37490347342039543,9.33133109032059e-06,2.8459063333981566e-05,0.32788609311601996,13,12,37,64,259,0.9608533382415771,5,13,2,0.0,0,52,47,146,542,2.2309465408325195,801,183,3.1917998790740967,65,fits/tv2_m16_cycle_00__X__s9101/p006/FROZEN_LAYERWISE/WINNER.json,ec60c8d844d43c2c1919a4a1b3fecdd4a60a1943aa7d275541e5cbbbf23d1720,c36a211e588e5859f432e463ae89ebd8dfb8ada3ac695691fad1330799956e36,False,,,79394,541,100095,10920,10a9f6f8c477a3749ecd2346fc33bd668929b79b5eab28c85111668b93ede315,True,True
tv2_m16_cycle_00__X__s9101,tv2_m16_cycle_00,X,9101,7,WARM_JOINT,BUDGET_EXHAUSTED,0.3698660970417945,0.3698660970417941,0.0008657538555985962,0.003198883678773656,0.27064249361217696,22,21,64,64,448,1.6809885501861572,20,22,14,1.0981859235482885,0,80,75,230,965,3.8388657569885254,1413,294,5.519854307174683,102,fits/tv2_m16_cycle_00__X__s9101/p006/WARM_JOINT/WINNER.json,01fde64238cea4ea1086218753b118a98f7732c3647d4611a51afaa9ebb34802,06ec704db8b070a979063613fd8d71ca616da5b73f3eee40dffd1ce63426f746,False,,,79394,541,100095,10920,939115ca46a396169ad82ec2f0b490d28897a11572f9427df1a777c50b9261c4,True,False
tv2_m16_cycle_00__X__s9101,tv2_m16_cycle_00,X,9101,8,FROZEN_LAYERWISE,CONVERGED,0.3740742318359729,0.3740742318359722,1.2436439964281725e-05,3.4697930361785865e-05,0.3584202237600443,13,12,37,64,296,1.0719826221466064,5,13,2,0.0,0,65,59,183,801,3.1917998790740967,1097,220,4.263782501220703,78,fits/tv2_m16_cycle_00__X__s9101/p007/FROZEN_LAYERWISE/WINNER.json,c36a211e588e5859f432e463ae89ebd8dfb8ada3ac695691fad1330799956e36,7c348596e8d4b4f7d81b83abe0bde3efa100e0863a8ee058e90e307065f2d3c3,True,8482d2eaad2289681fff0e6c357e3ffca0dbd94a3495f8c98e12bab9a84f609d,2.5956008334698926e-16,90736,541,114392,12480,620d90a9d813fad1e031a3e4b18f21acbb94684728cca520fe3f8dcbfab6769d,True,True
tv2_m16_cycle_00__X__s9101,tv2_m16_cycle_00,X,9101,8,WARM_JOINT,BUDGET_EXHAUSTED,0.36985554825950245,0.369855548259502,0.0008811441696924031,0.0032010567202308497,0.27526665307850523,22,21,64,64,512,1.8283817768096924,19,22,16,0.8148586978448087,0,102,96,294,1413,5.519854307174683,1925,358,7.348236083984375,124,fits/tv2_m16_cycle_00__X__s9101/p007/WARM_JOINT/WINNER.json,06ec704db8b070a979063613fd8d71ca616da5b73f3eee40dffd1ce63426f746,0ab873eecce720f24a68b69e7584e6e6b75d1f8602130c6cbc49b6a2dfeb8ae1,True,272689fa9af7d681c7a437ffad51207d4f1697e270c04a053f46b46020a991a4,9.047210765559601e-17,90736,541,114392,12480,70424a9d707ea7f0da3b47cc8e91329061732a09da63f58461c470255f14cd0f,True,False
tv2_m16_cycle_00__X__s9101,tv2_m16_cycle_00,X,9101,8,RANDOM_JOINT,BUDGET_EXHAUSTED,0.36892055757978914,0.36892055757978826,0.0009289148251791736,0.004435361797799654,0.20943383370438923,21,21,63,64,504,1.851879358291626,11,21,16,3.9032260711151094,0,0,0,0,0,0.0,504,63,1.851879358291626,21,,,f5edc90add6f5ec937da787e4da840ea240d8a07ae4563fd3b88c05a01663c29,True,1004cb37db6236be70441273f5f1c7f8a0e55ebca30921a8449405b41b0dde7e,1.1126503300437662e-16,90736,541,114392,12480,ac5a31376eb8d31b28673dbffece1803828e714bae0e99ee36481b019c56afd4,False,False
tv2_m16_cycle_00__X__s9101,tv2_m16_cycle_00,X,9101,9,FROZEN_LAYERWISE,CONVERGED,0.37337729185137924,0.3733772918513789,1.823636272795015e-05,4.020807360685729e-05,0.4535497747606597,13,12,37,64,333,1.2147271633148193,5,13,2,0.0,0,78,71,220,1097,4.263782501220703,1430,257,5.4785096645355225,91,fits/tv2_m16_cycle_00__X__s9101/p008/FROZEN_LAYERWISE/WINNER.json,7c348596e8d4b4f7d81b83abe0bde3efa100e0863a8ee058e90e307065f2d3c3,009cb8a5b5aa3a68621027ad374653e73cf415d73cbb87a31babdd8bcd727eae,False,,,102078,541,128689,14040,3d09e254daff1004336be0230460bb53868acb25ec8e7770237ebd17940707c4,True,True
tv2_m16_cycle_00__X__s9101,tv2_m16_cycle_00,X,9101,9,WARM_JOINT,BUDGET_EXHAUSTED,0.3697971362821362,0.3697971362821362,0.0008717570087395852,0.0032393901186208865,0.2691114613607331,22,21,64,64,576,2.067999839782715,14,22,18,0.6222678258218615,0,124,117,358,1925,7.348236083984375,2501,422,9.41623592376709,146,fits/tv2_m16_cycle_00__X__s9101/p008/WARM_JOINT/WINNER.json,0ab873eecce720f24a68b69e7584e6e6b75d1f8602130c6cbc49b6a2dfeb8ae1,e9a55c86e73743cd8c3306d133d77a52575baeadb73b933bc69a66b6d6582e95,False,,,102078,541,128689,14040,983a0a5d90e539ae12c44c1ba089da4f74ccf6411d9bee71e649200002f28c39,True,False
tv2_m16_cycle_00__X__s9101,tv2_m16_cycle_00,X,9101,10,FROZEN_LAYERWISE,CONVERGED,0.37278771645139985,0.37278771645140013,2.1807354960184055e-05,4.623022479956837e-05,0.4717120683433852,14,13,40,64,400,1.4672162532806396,5,14,2,0.0,0,91,83,257,1430,5.4785096645355225,1830,297,6.945725917816162,105,fits/tv2_m16_cycle_00__X__s9101/p009/FROZEN_LAYERWISE/WINNER.json,009cb8a5b5aa3a68621027ad374653e73cf415d73cbb87a31babdd8bcd727eae,97bce32e6a2316dc5ae740d98213ac6a7c73f85f525c9000024594f41b477a8e,False,,,113420,541,142986,15600,63870999a16771c408f8e10ca28cc6d44186a7ec36f843c2024f71eeb18b0075,True,True
tv2_m16_cycle_00__X__s9101,tv2_m16_cycle_00,X,9101,10,WARM_JOINT,BUDGET_EXHAUSTED,0.36794332277639696,0.3679433227763972,0.0012973750120122767,0.006998389257109758,0.18538194495172672,22,21,64,64,640,2.2906599044799805,16,22,20,1.1682871684862834,0,146,138,422,2501,9.41623592376709,3141,486,11.70689582824707,168,fits/tv2_m16_cycle_00__X__s9101/p009/WARM_JOINT/WINNER.json,e9a55c86e73743cd8c3306d133d77a52575baeadb73b933bc69a66b6d6582e95,e00496aa7a79be10ccc0d6ec531b5d55d6b5272bb0d9db3625fea5a428b4a00c,False,,,113420,541,142986,15600,0dbd54213ab4b4408f1827ac1145a53567ccec7d75fbb30fe648db6d06a24709,True,False
tv2_m16_cycle_00__X__s9101,tv2_m16_cycle_00,X,9101,11,FROZEN_LAYERWISE,BUDGET_EXHAUSTED,0.3723451719676956,0.37234517196769495,3.0546502625832375e-05,5.558410875342356e-05,0.5495545995230326,22,21,64,64,704,2.4992964267730713,6,22,2,0.0,0,105,96,297,1830,6.945725917816162,2534,361,9.445022344589233,127,fits/tv2_m16_cycle_00__X__s9101/p010/FROZEN_LAYERWISE/WINNER.json,97bce32e6a2316dc5ae740d98213ac6a7c73f85f525c9000024594f41b477a8e,15d92ec086bf28b9c810b1f89cce4d0f7a7877016bc165768c3b45722369540e,False,,,124762,541,157283,17160,bb274657182814c270057fa2a3c4ef6b563be3ab55a7004d2a1d46a06c82e3b9,True,True
tv2_m16_cycle_00__X__s9101,tv2_m16_cycle_00,X,9101,11,WARM_JOINT,BUDGET_EXHAUSTED,0.3679292446543646,0.36792924465436383,0.0012851585865755236,0.006930159470001154,0.18544430213166646,22,21,64,64,704,2.282485246658325,19,22,22,0.3096399196803551,0,168,159,486,3141,11.70689582824707,3845,550,13.989381074905396,190,fits/tv2_m16_cycle_00__X__s9101/p010/WARM_JOINT/WINNER.json,e00496aa7a79be10ccc0d6ec531b5d55d6b5272bb0d9db3625fea5a428b4a00c,5bc56a2415486fc34d89f59e03151aac550944f17217a556817d153253a6fd57,False,,,124762,541,157283,17160,a955bea7791b4df956a448bf36baa432364848a9c5434850ab4009b111748e88,True,False
tv2_m16_cycle_00__X__s9101,tv2_m16_cycle_00,X,9101,12,FROZEN_LAYERWISE,CONVERGED,0.3717959620362876,0.3717959620362883,3.1324070698927805e-05,5.8062185034317343e-05,0.5394917652584704,12,11,34,64,408,1.482114315032959,5,12,2,0.0,0,127,117,361,2534,9.445022344589233,2942,395,10.927136659622192,139,fits/tv2_m16_cycle_00__X__s9101/p011/FROZEN_LAYERWISE/WINNER.json,15d92ec086bf28b9c810b1f89cce4d0f7a7877016bc165768c3b45722369540e,2e87bac28114cd7c38091fb43f0c82d3f1ce245e92f260187aaaf9426f6dd594,False,,,136104,541,171580,18720,1baaeef6bcbe6b39264af62517a92014d5a3e03ce6fced11a4aa571279468db1,True,True
tv2_m16_cycle_00__X__s9101,tv2_m16_cycle_00,X,9101,12,WARM_JOINT,BUDGET_EXHAUSTED,0.3679246392144998,0.36792463921450014,0.001296775848326125,0.006972341290900865,0.18598857890368337,22,21,64,64,768,2.7184391021728516,20,22,24,0.3080383165213306,0,190,180,550,3845,13.989381074905396,4613,614,16.707820177078247,212,fits/tv2_m16_cycle_00__X__s9101/p011/WARM_JOINT/WINNER.json,5bc56a2415486fc34d89f59e03151aac550944f17217a556817d153253a6fd57,1169edac144441f54340f8538b75f00a67f8f9e014199d559519686274c5e5d7,False,,,136104,541,171580,18720,3fe8a807f71e67d3ddfe1fd37d4fe42e28c39bd660c62f8fe659450dc597d597,True,False
tv2_m16_cycle_00__X__s9101,tv2_m16_cycle_00,X,9101,13,FROZEN_LAYERWISE,CONVERGED,0.37108711913057574,0.3710871191305754,4.014487838790941e-05,6.604462561840724e-05,0.6078447415215671,15,14,43,64,559,1.9287703037261963,5,15,2,0.0,0,139,128,395,2942,10.927136659622192,3501,438,12.855906963348389,154,fits/tv2_m16_cycle_00__X__s9101/p012/FROZEN_LAYERWISE/WINNER.json,2e87bac28114cd7c38091fb43f0c82d3f1ce245e92f260187aaaf9426f6dd594,7dab03607433c72c6162f8048f2c7fd976dcd1e9db57a489f3a10fbe1c62d0e7,False,,,147446,541,185877,20280,a8284a0e00e5460551dc36ff09e71596e779bfb198c0c9efb958518a8cc0be89,True,True
tv2_m16_cycle_00__X__s9101,tv2_m16_cycle_00,X,9101,13,WARM_JOINT,BUDGET_EXHAUSTED,0.36792275862434987,0.36792275862435037,0.0012925681352155235,0.0069552935520150825,0.18583947975007348,22,21,64,64,832,2.8273158073425293,20,22,26,0.18288646969288846,0,212,201,614,4613,16.707820177078247,5445,678,19.535135984420776,234,fits/tv2_m16_cycle_00__X__s9101/p012/WARM_JOINT/WINNER.json,1169edac144441f54340f8538b75f00a67f8f9e014199d559519686274c5e5d7,d808b95c675591bc8b16d6c7e28a41f5bac266f664cbc982d0d6e954295c2376,False,,,147446,541,185877,20280,241515eaddd6793fa6a13c07626d09b4a20a39b3d08013b7a3ddb2cae16f54cc,True,False
tv2_m16_cycle_00__X__s9101,tv2_m16_cycle_00,X,9101,14,FROZEN_LAYERWISE,CONVERGED,0.36996759854855243,0.3699675985485525,3.5446444987086884e-05,5.704494267488714e-05,0.6213775196357845,13,12,37,64,518,1.7241921424865723,5,13,2,0.0,0,154,142,438,3501,12.855906963348389,4019,475,14.580099105834961,167,fits/tv2_m16_cycle_00__X__s9101/p013/FROZEN_LAYERWISE/WINNER.json,7dab03607433c72c6162f8048f2c7fd976dcd1e9db57a489f3a10fbe1c62d0e7,85f082daae6e5e47059be0637becba9d0f31e41a8f4799afab4e6e2e29949ca0,False,,,158788,541,200174,21840,3d2e20b7b4d0266b6d9912f93c22f64874cc1c7e7d704e781e3579a6000f9ef0,True,True
tv2_m16_cycle_00__X__s9101,tv2_m16_cycle_00,X,9101,14,WARM_JOINT,BUDGET_EXHAUSTED,0.367919677545963,0.3679196775459631,0.0013123332218413063,0.006974481751966254,0.18816211275788797,22,21,64,64,896,3.030623435974121,20,22,28,0.34757248186835177,0,234,222,678,5445,19.535135984420776,6341,742,22.565759420394897,256,fits/tv2_m16_cycle_00__X__s9101/p013/WARM_JOINT/WINNER.json,d808b95c675591bc8b16d6c7e28a41f5bac266f664cbc982d0d6e954295c2376,c693746f723b528e5209f84a84917ac312c555be3e2fccd057f4ad5314df5f8b,False,,,158788,541,200174,21840,4d9c66fff82d9cb1cc8aff1476d0538807f0cb39e74b7ae08109d7e5f76366d0,True,False
tv2_m16_cycle_00__X__s9101,tv2_m16_cycle_00,X,9101,15,FROZEN_LAYERWISE,CONVERGED,0.369018379683761,0.36901837968375995,3.175454590578692e-05,5.7040322101107406e-05,0.5567034816090287,13,12,37,64,555,1.8527684211730957,5,13,2,0.0,0,167,154,475,4019,14.580099105834961,4574,512,16.432867527008057,180,fits/tv2_m16_cycle_00__X__s9101/p014/FROZEN_LAYERWISE/WINNER.json,85f082daae6e5e47059be0637becba9d0f31e41a8f4799afab4e6e2e29949ca0,7b0ed44a8f1f24d47aa8942098b3447e9dff416609def1651f04b7d2766455b0,False,,,170130,541,214471,23400,dc833a91aeafc84101da27361f85d77d10870200e96ae9cc4d87fe6de27fabbd,True,True
tv2_m16_cycle_00__X__s9101,tv2_m16_cycle_00,X,9101,15,WARM_JOINT,BUDGET_EXHAUSTED,0.3679086801118135,0.36790868011181366,0.0013218768115921505,0.006919951155160884,0.1910240089781989,22,21,64,64,960,3.2618913650512695,20,22,30,0.12265487282178483,0,256,243,742,6341,22.565759420394897,7301,806,25.827650785446167,278,fits/tv2_m16_cycle_00__X__s9101/p014/WARM_JOINT/WINNER.json,c693746f723b528e5209f84a84917ac312c555be3e2fccd057f4ad5314df5f8b,76262eed74e7b13b2126d09fbfae5600fe604c4cec895a90c5fa2a9bb3866b0f,False,,,170130,541,214471,23400,dedeccf35f6baf80a1dc812c1c3e7b2d86c6de8a0f9cca43b2b9031538f65617,True,False
tv2_m16_cycle_00__X__s9101,tv2_m16_cycle_00,X,9101,16,FROZEN_LAYERWISE,CONVERGED,0.368646584794036,0.36864658479403645,2.7686769780340787e-05,5.268690410745968e-05,0.5254962357224697,13,12,37,64,592,1.9938783645629883,5,13,2,0.0,0,180,166,512,4574,16.432867527008057,5166,549,18.426745891571045,193,fits/tv2_m16_cycle_00__X__s9101/p015/FROZEN_LAYERWISE/WINNER.json,7b0ed44a8f1f24d47aa8942098b3447e9dff416609def1651f04b7d2766455b0,c5c8d285c1c7b0cfe465a16a204a45d2af8e957887300ccb0bba8b9c9d4257ba,True,f075f6e7d1f56148a5e81aa087b81f2c19ea86ce64a21ccffdfec29a35cc2bbf,3.069039122309917e-16,181472,541,228768,24960,0e829546fcf1137c9492cd3926262ada0a200627182ad2b54845e8e91954d275,True,True
tv2_m16_cycle_00__X__s9101,tv2_m16_cycle_00,X,9101,16,WARM_JOINT,BUDGET_EXHAUSTED,0.3679078693173583,0.3679078693173585,0.0013186060556233594,0.0069017113493609564,0.19105494114085947,22,21,64,64,1024,3.6640737056732178,18,22,32,0.06122483396163997,0,278,264,806,7301,25.827650785446167,8325,870,29.491724491119385,300,fits/tv2_m16_cycle_00__X__s9101/p015/WARM_JOINT/WINNER.json,76262eed74e7b13b2126d09fbfae5600fe604c4cec895a90c5fa2a9bb3866b0f,f245f8d8e02a84d1c83775748becf7ebe2be010cae5b7ce1cf43affb2d28642b,True,cb0efbf22028bb0232553392a0c84efcaaaa491b9dd3f2d72be4d2375f7cf1df,1.1258341994493904e-16,181472,541,228768,24960,45ead6a2d5c28e7df936b31245c4fecb9617a3a577f65294751c3702288be0fb,True,False
tv2_m16_cycle_00__X__s9101,tv2_m16_cycle_00,X,9101,16,RANDOM_JOINT,BUDGET_EXHAUSTED,0.3635265706650754,0.3635265706650753,0.0002452220029058815,0.0005295858860999248,0.4630448230253852,21,21,63,64,1008,3.5686776638031006,14,21,32,3.910083594315561,0,0,0,0,0,0.0,1008,63,3.5686776638031006,21,,,a430dc8f5c2e45711d003b3f0c7c4da0f84761f2da6ccf9694d4b63d76435f18,True,3c2c859db4d4942285b14500e49697a33350c92ea7233ee750b90e58c2d431b5,2.352325970495496e-16,181472,541,228768,24960,2be6db1009183d086d7c2d258076e5332600251cdd1f7604b90cd7bddbc0cc97,False,False
tv2_m16_cycle_00__X__s9101,tv2_m16_cycle_00,X,9101,17,FROZEN_LAYERWISE,CONVERGED,0.36853762960659975,0.3685376296065998,2.969079128993866e-05,5.4390147389181154e-05,0.5458854721883786,21,20,61,68,1037,3.5934462547302246,15,21,2,0.0,0,193,178,549,5166,18.426745891571045,6203,610,22.02019214630127,214,fits/tv2_m16_cycle_00__X__s9101/p016/FROZEN_LAYERWISE/WINNER.json,c5c8d285c1c7b0cfe465a16a204a45d2af8e957887300ccb0bba8b9c9d4257ba,6914f46e7c3aa124a4a04a3f6b5570665a36e73b7089dcbe55376140e94933c2,False,,,192814,541,243065,26520,e39671af888d11748ceb62fb128c4c013ae312c467906c274fe50f3a623aa473,True,True
tv2_m16_cycle_00__X__s9101,tv2_m16_cycle_00,X,9101,17,WARM_JOINT,BUDGET_EXHAUSTED,0.36786131630117935,0.3678613163011793,0.00135834741896068,0.006906280070232406,0.19668293280132929,23,22,67,68,1139,3.989708423614502,18,23,34,0.5297423359173291,0,300,285,870,8325,29.491724491119385,9464,937,33.48143291473389,323,fits/tv2_m16_cycle_00__X__s9101/p016/WARM_JOINT/WINNER.json,f245f8d8e02a84d1c83775748becf7ebe2be010cae5b7ce1cf43affb2d28642b,7cda969ced3db7abcfdb3c572124ae7220dd78d12372b37de224e55444c6e32e,False,,,192814,541,243065,26520,ab51af5d1c5abde4f9f82ea6226add134e0e6f36e1a019ef2bd6b955865a4338,True,False
tv2_m16_cycle_00__X__s9101,tv2_m16_cycle_00,X,9101,18,FROZEN_LAYERWISE,CONVERGED,0.36853762950452484,0.36853762950452507,2.9688476381311054e-05,5.438810059434871e-05,0.5458634527934937,4,3,10,72,180,0.6287648677825928,2,4,2,0.0,0,214,198,610,6203,22.02019214630127,6383,620,22.648957014083862,218,fits/tv2_m16_cycle_00__X__s9101/p017/FROZEN_LAYERWISE/WINNER.json,6914f46e7c3aa124a4a04a3f6b5570665a36e73b7089dcbe55376140e94933c2,1926eccc9aed3e2d4035161855d8be407043fa79993469d9765f3b5a701c0304,False,,,204156,541,257362,28080,70145398d87f1dae99cfc8ba0078f8a0dfe7e37cca08a0869c962b322ca4bca9,True,True
tv2_m16_cycle_00__X__s9101,tv2_m16_cycle_00,X,9101,18,WARM_JOINT,BUDGET_EXHAUSTED,0.3678285401118648,0.3678285401118642,0.0013888661195631015,0.007040459855704561,0.1972692335483977,24,23,70,72,1260,4.286576509475708,20,24,36,0.2850829718750495,0,323,307,937,9464,33.48143291473389,10724,1007,37.768009424209595,347,fits/tv2_m16_cycle_00__X__s9101/p017/WARM_JOINT/WINNER.json,7cda969ced3db7abcfdb3c572124ae7220dd78d12372b37de224e55444c6e32e,808246ad7903de71555dc2db45fc19da55aac26ec81a423d67164af413fd7786,False,,,204156,541,257362,28080,af9eb4cbc7a6730f0cf059c611a463124d7bf1dc9b9e94e2c1f4ba8b85a48288,True,False
tv2_m16_cycle_00__X__s9101,tv2_m16_cycle_00,X,9101,19,FROZEN_LAYERWISE,CONVERGED,0.3685376294918729,0.3685376294918732,2.9689379413411404e-05,5.438889815955929e-05,0.5458720514306513,4,3,10,76,190,0.6436038017272949,2,4,2,0.0,0,218,201,620,6383,22.648957014083862,6573,630,23.292560815811157,222,fits/tv2_m16_cycle_00__X__s9101/p018/FROZEN_LAYERWISE/WINNER.json,1926eccc9aed3e2d4035161855d8be407043fa79993469d9765f3b5a701c0304,8c12cfab3c098415320ac5375282dd030dde6d39efb0ddf45c8d1f7e12891ce2,False,,,215498,541,271659,29640,9f5dc2273eba597d3999c02fab9d5b7ba672617f60e86c4b5e8f881ea0a75bad,True,True
tv2_m16_cycle_00__X__s9101,tv2_m16_cycle_00,X,9101,19,WARM_JOINT,BUDGET_EXHAUSTED,0.36782697082936305,0.3678269708293631,0.0013878384464340442,0.007036484473286976,0.19723463495198174,26,25,76,76,1444,4.950009107589722,22,26,38,0.10391379121284064,0,347,330,1007,10724,37.768009424209595,12168,1083,42.718018531799316,373,fits/tv2_m16_cycle_00__X__s9101/p018/WARM_JOINT/WINNER.json,808246ad7903de71555dc2db45fc19da55aac26ec81a423d67164af413fd7786,cf5fd9573f34d312fc5bd991f74a5aa749a7142e9f705db34409b2cc26a772ea,False,,,215498,541,271659,29640,f10bed375d16e1b07373117d371fdce3d5ec4e550dc094409a7922d20ecc8cb4,True,False
tv2_m16_cycle_00__X__s9101,tv2_m16_cycle_00,X,9101,20,FROZEN_LAYERWISE,CONVERGED,0.36844530373220774,0.36844530373220746,3.09566198630584e-05,5.606268431272528e-05,0.5521786950189214,15,14,43,80,860,2.9676523208618164,6,15,2,0.0,0,222,204,630,6573,23.292560815811157,7433,673,26.260213136672974,237,fits/tv2_m16_cycle_00__X__s9101/p019/FROZEN_LAYERWISE/WINNER.json,8c12cfab3c098415320ac5375282dd030dde6d39efb0ddf45c8d1f7e12891ce2,555640d00a8a1acb02167ad95b2022f87135095e923cc530daf8c6ee93dccf89,False,,,226840,541,285956,31200,c2450940e94ecb1a314424b51c2818d2f16ca1c45f9615a39c176da52d980a41,True,True
tv2_m16_cycle_00__X__s9101,tv2_m16_cycle_00,X,9101,20,WARM_JOINT,BUDGET_EXHAUSTED,0.3678251224253561,0.3678251224253556,0.0013900732925375364,0.007054391584142824,0.19705076985833977,27,26,79,80,1580,5.498642444610596,21,26,40,0.2228212278803075,0,373,355,1083,12168,42.718018531799316,13748,1162,48.21666097640991,400,fits/tv2_m16_cycle_00__X__s9101/p019/WARM_JOINT/WINNER.json,cf5fd9573f34d312fc5bd991f74a5aa749a7142e9f705db34409b2cc26a772ea,90c2069e539c49a03a20e01c287e2a466864b9176b0d48a552387f2f3c947997,False,,,226840,541,285956,31200,f4322ffd4a3e8e9d5bd4d8cd8ac4ae1c83278244c4d3329af19e09f6d4f18db8,True,False
tv2_m16_cycle_00__X__s9101,tv2_m16_cycle_00,X,9101,21,FROZEN_LAYERWISE,CONVERGED,0.3683675263321753,0.3683675263321753,3.266312508610847e-05,5.74754374793284e-05,0.5682971112287067,14,13,40,84,840,2.9200193881988525,5,14,2,0.0,0,237,218,673,7433,26.260213136672974,8273,713,29.180232524871826,251,fits/tv2_m16_cycle_00__X__s9101/p020/FROZEN_LAYERWISE/WINNER.json,555640d00a8a1acb02167ad95b2022f87135095e923cc530daf8c6ee93dccf89,68c0c5bdd03742c43963b034fa4a38ba80e49ebec4db314e096b8ba4cdbaf48e,False,,,238182,541,300253,32760,5f1b6117cd396a56dba0bee682d0ea3814f399d640cb8bbf2c4ee07ba9ed2109,True,True
tv2_m16_cycle_00__X__s9101,tv2_m16_cycle_00,X,9101,21,WARM_JOINT,BUDGET_EXHAUSTED,0.36736151291154634,0.3673615129115466,0.0016358324321972503,0.00606700047755213,0.2696278726612634,28,27,82,84,1722,6.05135178565979,23,28,42,0.6434445580433392,0,400,381,1162,13748,48.21666097640991,15470,1244,54.2680127620697,428,fits/tv2_m16_cycle_00__X__s9101/p020/WARM_JOINT/WINNER.json,90c2069e539c49a03a20e01c287e2a466864b9176b0d48a552387f2f3c947997,cf49886647638222ef698cff7d820a2f7254a0ae62b96cc0ffab0958e0647acd,False,,,238182,541,300253,32760,604e2b5771008d1c94286a73bdb3b29df2fb9849550f0615a6d2c3aacc227d29,True,False
tv2_m16_cycle_00__X__s9101,tv2_m16_cycle_00,X,9101,22,FROZEN_LAYERWISE,CONVERGED,0.3683675263321753,0.3683675263321752,3.2663125086108486e-05,5.74754374793284e-05,0.568297111228707,4,3,10,88,220,0.7796413898468018,2,1,2,0.0,0,251,231,713,8273,29.180232524871826,8493,723,29.959873914718628,255,fits/tv2_m16_cycle_00__X__s9101/p021/FROZEN_LAYERWISE/WINNER.json,68c0c5bdd03742c43963b034fa4a38ba80e49ebec4db314e096b8ba4cdbaf48e,ff146dd8528eacb44b1c1123b2e80fadde638a59adbdc4e087eec271df7a199a,False,,,249524,541,314550,34320,86440074b028445d2cb098834d73bb0c8bdbb2c28a578050d28f2f7cfd83992b,True,True
tv2_m16_cycle_00__X__s9101,tv2_m16_cycle_00,X,9101,22,WARM_JOINT,BUDGET_EXHAUSTED,0.36153626893859486,0.3615362689385945,0.0032121176509692616,0.011931493607401566,0.26921337400513384,30,29,88,88,1936,6.820437431335449,25,30,44,1.8542385051874262,0,428,408,1244,15470,54.2680127620697,17406,1332,61.08845019340515,458,fits/tv2_m16_cycle_00__X__s9101/p021/WARM_JOINT/WINNER.json,cf49886647638222ef698cff7d820a2f7254a0ae62b96cc0ffab0958e0647acd,18ae65379c5628fc508a530f28008799c9bd39930617cf03feb6eff7a1b7b241,False,,,249524,541,314550,34320,3863c68f0ed77cd0f1e32da09df2adbe3e51fa6c3d37968079c70bd01a242066,True,False
tv2_m16_cycle_00__X__s9101,tv2_m16_cycle_00,X,9101,23,FROZEN_LAYERWISE,CONVERGED,0.3683675241998333,0.3683675241998328,3.267273530088549e-05,5.7483503407147136e-05,0.5683845514680855,4,3,10,92,230,0.7885377407073975,2,4,2,0.0,0,255,234,723,8493,29.959873914718628,8723,733,30.748411655426025,259,fits/tv2_m16_cycle_00__X__s9101/p022/FROZEN_LAYERWISE/WINNER.json,ff146dd8528eacb44b1c1123b2e80fadde638a59adbdc4e087eec271df7a199a,7de9de4f32a660733ee469b739df5dcaf8e61a4445599a15556c197f7143d494,False,,,260866,541,328847,35880,9fbba586966b9247fccde6dede73620f0a0c77921bb4d5c0fa8ab002b0cc3240,True,True
tv2_m16_cycle_00__X__s9101,tv2_m16_cycle_00,X,9101,23,WARM_JOINT,BUDGET_EXHAUSTED,0.3550700409426857,0.35507004094268524,0.005856323050815776,0.017650778416816382,0.3317883728706433,31,30,91,92,2093,7.325114488601685,27,31,46,2.16734566585476,0,458,437,1332,17406,61.08845019340515,19499,1423,68.41356468200684,489,fits/tv2_m16_cycle_00__X__s9101/p022/WARM_JOINT/WINNER.json,18ae65379c5628fc508a530f28008799c9bd39930617cf03feb6eff7a1b7b241,ec3c0d10c88cb6374aa0b50b22b259f1a9207ca6311a8489d3028680d59102da,False,,,260866,541,328847,35880,a60c9f45f226bc1f9bf51f5f852d1c0ce9ef81e7fcd31a83db9f5631777e287c,True,False
tv2_m16_cycle_00__X__s9101,tv2_m16_cycle_00,X,9101,24,FROZEN_LAYERWISE,CONVERGED,0.36836752418698465,0.3683675241869848,3.267347786843271e-05,5.748412568337242e-05,0.5683913163853457,4,3,10,96,240,0.8335564136505127,2,4,2,0.0,0,259,237,733,8723,30.748411655426025,8963,743,31.581968069076538,263,fits/tv2_m16_cycle_00__X__s9101/p023/FROZEN_LAYERWISE/WINNER.json,7de9de4f32a660733ee469b739df5dcaf8e61a4445599a15556c197f7143d494,94363d869897cf0c191c0d14e19a1758fe7116c28314fdadb213fdc09c3dcff3,False,,,272208,541,343144,37440,309dcff1907e4b36271631ab6389eca9ce63560f566ad242ed01d2016c4efce6,True,True
tv2_m16_cycle_00__X__s9101,tv2_m16_cycle_00,X,9101,24,WARM_JOINT,BUDGET_EXHAUSTED,0.34767707868430064,0.34767707868430087,0.006907438545213791,0.025275225079546073,0.2732889034014428,32,31,94,96,2256,7.777913808822632,28,32,48,2.0531890333713703,0,489,467,1423,19499,68.41356468200684,21755,1517,76.19147849082947,521,fits/tv2_m16_cycle_00__X__s9101/p023/WARM_JOINT/WINNER.json,ec3c0d10c88cb6374aa0b50b22b259f1a9207ca6311a8489d3028680d59102da,a4a2beb2b47f0b30c9f91d2456b31a86597db313e51f5917d5a60df185651753,False,,,272208,541,343144,37440,f31eb2792b2b41d4dd2ab8f12441d64ae9373be8e606f26e1efafb4ea1cf948e,True,False
tv2_m16_cycle_00__X__s9101,tv2_m16_cycle_00,X,9101,25,FROZEN_LAYERWISE,CONVERGED,0.3683675239723567,0.368367523972356,3.267043684718353e-05,5.748155981134025e-05,0.5683637840450207,4,3,10,100,250,0.863837480545044,2,4,2,0.0,0,263,240,743,8963,31.581968069076538,9213,753,32.44580554962158,267,fits/tv2_m16_cycle_00__X__s9101/p024/FROZEN_LAYERWISE/WINNER.json,94363d869897cf0c191c0d14e19a1758fe7116c28314fdadb213fdc09c3dcff3,0ca6b9322f9ed13d4c137fc52ef08aab86f828c472fda38877a75eeb5b5627a9,False,,,283550,541,357441,39000,5f3da66314a269bcafb8fc002a237640b658b411142c0b17bfa9d0e7e3255b24,True,True
tv2_m16_cycle_00__X__s9101,tv2_m16_cycle_00,X,9101,25,WARM_JOINT,BUDGET_EXHAUSTED,0.341545445845387,0.3415454458453875,0.008482001142721782,0.03126990522124273,0.271251258445122,34,33,100,100,2500,8.625435590744019,30,34,50,1.8891821301477365,0,521,498,1517,21755,76.19147849082947,24255,1617,84.81691408157349,555,fits/tv2_m16_cycle_00__X__s9101/p024/WARM_JOINT/WINNER.json,a4a2beb2b47f0b30c9f91d2456b31a86597db313e51f5917d5a60df185651753,42063aa68a182936d66da3eb56be3ceeb98b820c590eaf59832504281baca806,False,,,283550,541,357441,39000,aac3fa436596f332cbd82a1bf5f73088353a3e45a5234caf48f1762506c87732,True,False
tv2_m16_cycle_00__X__s9101,tv2_m16_cycle_00,X,9101,26,FROZEN_LAYERWISE,CONVERGED,0.3683578903572458,0.36835789035724564,3.3689710663674794e-05,5.8527066662905526e-05,0.5756261604176268,15,14,43,104,1118,3.845411539077759,7,15,2,0.0,0,267,243,753,9213,32.44580554962158,10331,796,36.29121708869934,282,fits/tv2_m16_cycle_00__X__s9101/p025/FROZEN_LAYERWISE/WINNER.json,0ca6b9322f9ed13d4c137fc52ef08aab86f828c472fda38877a75eeb5b5627a9,0116a6a426fe76f74a21a9f5518ccc3d4f543d70c3b46722a02b69289f7dbabf,False,,,294892,541,371738,40560,5371098a9bf75fda0dd74b6cec0628aa4d95ff1377d5d52e37c14072ead8b0f5,True,True
tv2_m16_cycle_00__X__s9101,tv2_m16_cycle_00,X,9101,26,WARM_JOINT,BUDGET_EXHAUSTED,0.3347425847343964,0.33474258473439666,0.010483208190316435,0.038091089095081306,0.275214188918272,35,34,103,104,2678,9.304466247558594,28,35,52,2.3003300023947038,0,555,531,1617,24255,84.81691408157349,26933,1720,94.12138032913208,590,fits/tv2_m16_cycle_00__X__s9101/p025/WARM_JOINT/WINNER.json,42063aa68a182936d66da3eb56be3ceeb98b820c590eaf59832504281baca806,cd990ac56f4214f653cda78b873919a6fcbdc8c6ab693981f6c23d4c5781957e,False,,,294892,541,371738,40560,219d8231623280c0c535981c8297d17493e867161db82465293d114aecf5e857,True,False
tv2_m16_cycle_00__X__s9101,tv2_m16_cycle_00,X,9101,27,FROZEN_LAYERWISE,CONVERGED,0.3683578903418284,0.3683578903418286,3.3691165926383784e-05,5.8528557205946727e-05,0.575636365130843,4,3,10,108,270,0.9391322135925293,2,4,2,0.0,0,282,257,796,10331,36.29121708869934,10601,806,37.23034930229187,286,fits/tv2_m16_cycle_00__X__s9101/p026/FROZEN_LAYERWISE/WINNER.json,0116a6a426fe76f74a21a9f5518ccc3d4f543d70c3b46722a02b69289f7dbabf,561bd60b543ce75ea4b6051170f8c652a89b1120b908495a91d3afe17e18f26e,False,,,306234,541,386035,42120,e110004e4be32922deafe79bd603386e0a12c4c6f2ea519437a67c092134e036,True,True
tv2_m16_cycle_00__X__s9101,tv2_m16_cycle_00,X,9101,27,WARM_JOINT,BUDGET_EXHAUSTED,0.3328779421105236,0.33287794211052374,0.010979800793912116,0.04092346976886324,0.26830082727408744,36,35,106,108,2862,9.907788038253784,34,36,54,1.4445531415011112,0,590,565,1720,26933,94.12138032913208,29795,1826,104.02916836738586,626,fits/tv2_m16_cycle_00__X__s9101/p026/WARM_JOINT/WINNER.json,cd990ac56f4214f653cda78b873919a6fcbdc8c6ab693981f6c23d4c5781957e,a82515968f0a326ed85e6976f8bea712e011c1a7a219a359dd362158b4faf6e7,False,,,306234,541,386035,42120,b1d05328b959b28b6007d7f19a936d3480489b02e3dcf7b201733577e223eb30,True,False
tv2_m16_cycle_00__X__s9101,tv2_m16_cycle_00,X,9101,28,FROZEN_LAYERWISE,CONVERGED,0.36835788758689686,0.3683578875868971,3.3708890233491494e-05,5.854633069329251e-05,0.5757643533645641,4,3,10,112,280,0.9734451770782471,2,4,2,0.0,0,286,260,806,10601,37.23034930229187,10881,816,38.20379447937012,290,fits/tv2_m16_cycle_00__X__s9101/p027/FROZEN_LAYERWISE/WINNER.json,561bd60b543ce75ea4b6051170f8c652a89b1120b908495a91d3afe17e18f26e,18048d1facfb6e184b49874786a01a0d9a9f453d7f994ad74efe673ee584bb70,False,,,317576,541,400332,43680,31caf6d1cb6594c67bba92103b045731d0ee6741b910411db42314a9b4991eb3,True,True
tv2_m16_cycle_00__X__s9101,tv2_m16_cycle_00,X,9101,28,WARM_JOINT,BUDGET_EXHAUSTED,0.3255178194056687,0.32551781940566826,0.011194038423574897,0.04766454093834985,0.23485044024767726,38,37,112,112,3136,10.86099624633789,33,38,56,1.7009673277238413,0,626,600,1826,29795,104.02916836738586,32931,1938,114.89016461372375,664,fits/tv2_m16_cycle_00__X__s9101/p027/WARM_JOINT/WINNER.json,a82515968f0a326ed85e6976f8bea712e011c1a7a219a359dd362158b4faf6e7,3a32c54f6b199055d578ce64d52b351fcfa9b0decf9db4e72ebd59501e7f8aba,False,,,317576,541,400332,43680,dc9c63330f6024b2b4a5e805af414da309c985cd65508240f0e543ace18ea07f,True,False
tv2_m16_cycle_00__X__s9101,tv2_m16_cycle_00,X,9101,29,FROZEN_LAYERWISE,CONVERGED,0.3683578875852785,0.36835788758527854,3.370849487967274e-05,5.854593405329757e-05,0.575761501199828,4,3,10,116,290,1.002126932144165,2,4,2,0.0,0,290,263,816,10881,38.20379447937012,11171,826,39.20592141151428,294,fits/tv2_m16_cycle_00__X__s9101/p028/FROZEN_LAYERWISE/WINNER.json,18048d1facfb6e184b49874786a01a0d9a9f453d7f994ad74efe673ee584bb70,523813e1c69544e35e29a4b931a4a3fb733b9380f84fc0f749211c481ac9b642,False,,,328918,541,414629,45240,40c5d76539db1b3fb12f946a30b249b06d6f4bf12828dac18939f9d8dec52727,True,True
tv2_m16_cycle_00__X__s9101,tv2_m16_cycle_00,X,9101,29,WARM_JOINT,BUDGET_EXHAUSTED,0.32186999966690694,0.32186999966690666,0.011119436150814878,0.05102443078684552,0.2179237667004323,39,38,115,116,3335,11.566427946090698,34,39,58,1.9015658306667833,0,664,637,1938,32931,114.89016461372375,36266,2053,126.45659255981445,703,fits/tv2_m16_cycle_00__X__s9101/p028/WARM_JOINT/WINNER.json,3a32c54f6b199055d578ce64d52b351fcfa9b0decf9db4e72ebd59501e7f8aba,c6b42c3db9206cde66d4f369b56e2b8c6e0b19529206437816e99ec247f03075,False,,,328918,541,414629,45240,e3cff3d857c0d92aab965609a0c9c263f89ed93c39204c7a912bdc789fb64c91,True,False
tv2_m16_cycle_00__X__s9101,tv2_m16_cycle_00,X,9101,30,FROZEN_LAYERWISE,CONVERGED,0.3683578868063234,0.3683578868063237,3.369951864572551e-05,5.853682517352661e-05,0.5756977517285338,4,3,10,120,300,1.0302095413208008,2,4,2,0.0,0,294,266,826,11171,39.20592141151428,11471,836,40.23613095283508,298,fits/tv2_m16_cycle_00__X__s9101/p029/FROZEN_LAYERWISE/WINNER.json,523813e1c69544e35e29a4b931a4a3fb733b9380f84fc0f749211c481ac9b642,195d05742e8acd38a63f4156bc1248d6bcebd2fabc53cb58e7809faf442d4920,False,,,340260,541,428926,46800,92e47600df8b21daa92551054c7df94e28fafecdc5a890918f1402285c973e5b,True,True
tv2_m16_cycle_00__X__s9101,tv2_m16_cycle_00,X,9101,30,WARM_JOINT,BUDGET_EXHAUSTED,0.3132718366277363,0.31327183662773683,0.012163040067786133,0.05944083374796764,0.20462431801273318,40,39,118,120,3540,12.219037771224976,37,40,60,2.1191362235953948,0,703,675,2053,36266,126.45659255981445,39806,2171,138.67563033103943,743,fits/tv2_m16_cycle_00__X__s9101/p029/WARM_JOINT/WINNER.json,c6b42c3db9206cde66d4f369b56e2b8c6e0b19529206437816e99ec247f03075,79539f2993a9a4c46db41ffebb500e4f159aecd353559f4bfc0c34a3532d46dc,False,,,340260,541,428926,46800,6e356bbfad043e26e259f9ff570b490d3877cb07a811800c1194973e790984b4,True,False
tv2_m16_cycle_00__X__s9101,tv2_m16_cycle_00,X,9101,31,FROZEN_LAYERWISE,CONVERGED,0.3683578853454913,0.3683578853454913,3.368723652117272e-05,5.8524182531532285e-05,0.5756122523030945,4,3,10,124,310,1.0692532062530518,2,4,2,0.0,0,298,269,836,11471,40.23613095283508,11781,846,41.305384159088135,302,fits/tv2_m16_cycle_00__X__s9101/p030/FROZEN_LAYERWISE/WINNER.json,195d05742e8acd38a63f4156bc1248d6bcebd2fabc53cb58e7809faf442d4920,b8ed97cf0c48a0fd376542c2fd7573be30fdaa110dda664797e8b0f825ec1121,False,,,351602,541,443223,48360,27e0f727761afaf16ecf87980e5718dd1279be16f2082fea87de0550f1442a60,True,True
tv2_m16_cycle_00__X__s9101,tv2_m16_cycle_00,X,9101,31,WARM_JOINT,BUDGET_EXHAUSTED,0.2974311932166718,0.2974311932166718,0.0121696681472074,0.0779218394525161,0.15617788584961903,42,41,124,124,3844,13.314964532852173,37,41,62,3.5023537457427403,0,743,714,2171,39806,138.67563033103943,43650,2295,151.9905948638916,785,fits/tv2_m16_cycle_00__X__s9101/p030/WARM_JOINT/WINNER.json,79539f2993a9a4c46db41ffebb500e4f159aecd353559f4bfc0c34a3532d46dc,c41ba74c21e05d820affbbe66ecdf3902d789bb5a6078cc9fcc652b265a1c485,False,,,351602,541,443223,48360,c799a0989fc8a3d03b9ae59c6d665890e54a6ad65bbb9c843d2a270964737b72,True,False
tv2_m16_cycle_00__X__s9101,tv2_m16_cycle_00,X,9101,32,FROZEN_LAYERWISE,CONVERGED,0.3683578838928573,0.3683578838928575,3.36756073821076e-05,5.8512043974618134e-05,0.5755329175770325,4,3,10,128,320,1.103102207183838,2,4,2,0.0,0,302,272,846,11781,41.305384159088135,12101,856,42.40848636627197,306,fits/tv2_m16_cycle_00__X__s9101/p031/FROZEN_LAYERWISE/WINNER.json,b8ed97cf0c48a0fd376542c2fd7573be30fdaa110dda664797e8b0f825ec1121,20de5764145a443ed2614dd59ffb3cd35d62ff9af191226a32f3f13e16ca2484,True,f32c09ed53323251e4648f9c5f1daed0f1b850f0a5f03b73ff5dfae5b6144d3d,3.0539017265942256e-16,362944,541,457520,49920,1a01e555550c39d0834269d9e8eaab02dfc2dbae2a6062ad5b50f18a79ece35f,True,True
tv2_m16_cycle_00__X__s9101,tv2_m16_cycle_00,X,9101,32,WARM_JOINT,BUDGET_EXHAUSTED,0.28155405065572964,0.28155405065572925,0.01351772628716067,0.091891191557742,0.14710578955401277,43,42,127,128,4064,14.021095514297485,39,43,64,2.39606264939483,0,785,755,2295,43650,151.9905948638916,47714,2422,166.0116903781891,828,fits/tv2_m16_cycle_00__X__s9101/p031/WARM_JOINT/WINNER.json,c41ba74c21e05d820affbbe66ecdf3902d789bb5a6078cc9fcc652b265a1c485,3f41067dcd6ea93832514d5bcf467ee299fc3979a21780707f795cfb1b5fe8cf,True,139ecc011c95b33ee76b1515655c0ea75fee36dfa528a659ca55a1db1a7a3f08,5.419893585372901e-16,362944,541,457520,49920,cf60eb70ffd40241b1bb6f8a8b5c9c357416432c898b671412e67784c21a853b,True,False
tv2_m16_cycle_00__X__s9101,tv2_m16_cycle_00,X,9101,32,RANDOM_JOINT,BUDGET_EXHAUSTED,0.34377490513597697,0.34377490513597764,5.132763373268584e-06,1.4254499493291186e-05,0.3600802241905649,42,42,126,128,4032,13.862238645553589,33,41,64,4.448719016844587,0,0,0,0,0,0.0,4032,126,13.862238645553589,42,,,a1df237af1f506615fb67cce9b8826497892cef387bf9d900dc03296ce30fb4f,True,281be222116a474ea1167ed8f891c22b7e12e8bccc9f4d7e397be53389b31a45,3.3486903561235222e-16,362944,541,457520,49920,3d9b9737f5febba911b3e3e1e672740c5b393ab860d44bbc0459ab5ea5c6131f,False,False
tv2_m16_cycle_00__X__s9101,tv2_m16_cycle_00,X,9101,33,FROZEN_LAYERWISE,CONVERGED,0.36835788379559015,0.36835788379558987,3.367883181931394e-05,5.851539683174302e-05,0.5755550443613173,4,3,10,132,330,3.907418966293335,2,4,2,0.0,0,306,275,856,12101,42.40848636627197,12431,866,46.31590533256531,310,fits/tv2_m16_cycle_00__X__s9101/p032/FROZEN_LAYERWISE/WINNER.json,20de5764145a443ed2614dd59ffb3cd35d62ff9af191226a32f3f13e16ca2484,37c29e646e01ad29db0b929d2c940dcec74a3775c8559e6f9472931d96649244,False,,,374286,541,471817,51480,ff27dea7f0f4f3ae3863d4ceadeae29a4a09fe31713fe1dbb716e5a2fd4629e6,True,True
tv2_m16_cycle_00__X__s9101,tv2_m16_cycle_00,X,9101,33,WARM_JOINT,BUDGET_EXHAUSTED,0.26985136916574426,0.26985136916574404,0.014614764743555995,0.1019640476914102,0.14333252822393783,44,43,130,132,4290,18.824426889419556,39,44,66,1.9874912575534833,0,828,797,2422,47714,166.0116903781891,52004,2552,184.83611726760864,872,fits/tv2_m16_cycle_00__X__s9101/p032/WARM_JOINT/WINNER.json,3f41067dcd6ea93832514d5bcf467ee299fc3979a21780707f795cfb1b5fe8cf,a2dced7452fd19e32b34868a9322a653a36852a698719eae979d7caf8658a5a7,False,,,374286,541,471817,51480,c8d049da6c4d2dd8f23321dfb0f4df2b80b4571bcc31477b67ea37e42788e8b9,True,False
tv2_m16_cycle_00__X__s9101,tv2_m16_cycle_00,X,9101,34,FROZEN_LAYERWISE,CONVERGED,0.36835788378095957,0.36835788378095924,3.368009877343805e-05,5.85167122051298e-05,0.5755637578436186,4,3,10,136,340,1.5033934116363525,2,4,2,0.0,0,310,278,866,12431,46.31590533256531,12771,876,47.81929874420166,314,fits/tv2_m16_cycle_00__X__s9101/p033/FROZEN_LAYERWISE/WINNER.json,37c29e646e01ad29db0b929d2c940dcec74a3775c8559e6f9472931d96649244,bca691a97413eea0481ec6c3e6024b993030a4f9974dfd74be4361866988f4f6,False,,,385628,541,486114,53040,810f43d0e348bd7ae1665e4a368386e615a3e0f59a2162563fc826f64a79f0de,True,True
tv2_m16_cycle_00__X__s9101,tv2_m16_cycle_00,X,9101,34,WARM_JOINT,BUDGET_EXHAUSTED,0.24555549214173208,0.245555492141732,0.02021964469000816,0.1292560348937236,0.1564309527724031,46,45,136,136,4624,20.44374990463257,43,46,68,2.486316478169876,0,872,840,2552,52004,184.83611726760864,56628,2688,205.2798671722412,918,fits/tv2_m16_cycle_00__X__s9101/p033/WARM_JOINT/WINNER.json,a2dced7452fd19e32b34868a9322a653a36852a698719eae979d7caf8658a5a7,31e041b9e07a9b974ffcb94aeb695b260eae0c4785f2d49689601c28a241b93b,False,,,385628,541,486114,53040,e97a398ee191485f6570066870410149c17139f8f8da923c65bf6b22396c07be,True,False
tv2_m16_cycle_00__X__s9101,tv2_m16_cycle_00,X,9101,35,FROZEN_LAYERWISE,CONVERGED,0.3683578835751277,0.3683578835751275,3.367565258834578e-05,5.851207216499999e-05,0.5755334128892714,5,4,13,140,455,1.9604098796844482,3,5,2,0.0,0,314,281,876,12771,47.81929874420166,13226,889,49.77970862388611,319,fits/tv2_m16_cycle_00__X__s9101/p034/FROZEN_LAYERWISE/WINNER.json,bca691a97413eea0481ec6c3e6024b993030a4f9974dfd74be4361866988f4f6,b39a056c5dd690a61748a3d1b76b02333f5c91487e9085c49698ea95ba9d9b03,False,,,396970,541,500411,54600,186150d985bdbf0cda3dc792959697a82540dc2c3d9c237c550824ea343c4874,True,True
tv2_m16_cycle_00__X__s9101,tv2_m16_cycle_00,X,9101,35,WARM_JOINT,BUDGET_EXHAUSTED,0.2389524304135651,0.23895243041356568,0.021456120939505084,0.13656282097262087,0.1571153904605322,47,46,139,140,4865,20.46327042579651,43,47,70,1.5103529372228515,0,918,885,2688,56628,205.2798671722412,61493,2827,225.74313759803772,965,fits/tv2_m16_cycle_00__X__s9101/p034/WARM_JOINT/WINNER.json,31e041b9e07a9b974ffcb94aeb695b260eae0c4785f2d49689601c28a241b93b,2fd74b26715425a90a7e35fecf4c94783bb119222111bb5206539878568625fa,False,,,396970,541,500411,54600,a0081aaa15af77af4c4eb5b4f65e66570ca1d778d5f92bfed95471d3c1f7b7cc,True,False
tv2_m16_cycle_00__X__s9101,tv2_m16_cycle_00,X,9101,36,FROZEN_LAYERWISE,CONVERGED,0.3683578833816843,0.3683578833816843,3.368008438023223e-05,5.8516673729229124e-05,0.5755638903208711,4,3,10,144,360,1.5769312381744385,2,4,2,0.0,0,319,285,889,13226,49.77970862388611,13586,899,51.35663986206055,323,fits/tv2_m16_cycle_00__X__s9101/p035/FROZEN_LAYERWISE/WINNER.json,b39a056c5dd690a61748a3d1b76b02333f5c91487e9085c49698ea95ba9d9b03,7d06bd2690718666e9df749389a35dc17e7867d1e23fb4eb670eb42ce37196e7,False,,,408312,541,514708,56160,57cac8a4a9b3abaafeb0c522a767706e5014d4f709e62432804d294663564e8b,True,True
tv2_m16_cycle_00__X__s9101,tv2_m16_cycle_00,X,9101,36,WARM_JOINT,BUDGET_EXHAUSTED,0.23886394709405573,0.23886394709405534,0.021572888455372047,0.13682125828099453,0.15767205130555856,48,47,142,144,5112,22.069220542907715,44,48,72,0.15249883820466992,0,965,931,2827,61493,225.74313759803772,66605,2969,247.81235814094543,1013,fits/tv2_m16_cycle_00__X__s9101/p035/WARM_JOINT/WINNER.json,2fd74b26715425a90a7e35fecf4c94783bb119222111bb5206539878568625fa,f860b587c9eab4d86e94a595c9197b1549436b76eb75c4b3aba5296caf6e81f4,False,,,408312,541,514708,56160,8869948aef0ba1b5a95931106d7726d2991e6a8ffd8b3bf16005c61ef6ed0477,True,False
tv2_m16_cycle_00__X__s9101,tv2_m16_cycle_00,X,9101,37,FROZEN_LAYERWISE,CONVERGED,0.3683578829813939,0.3683578829813936,3.3674001691738705e-05,5.8510312068700166e-05,0.5755225104969567,4,3,10,148,370,1.5786640644073486,2,4,2,0.0,0,323,288,899,13586,51.35663986206055,13956,909,52.935303926467896,327,fits/tv2_m16_cycle_00__X__s9101/p036/FROZEN_LAYERWISE/WINNER.json,7d06bd2690718666e9df749389a35dc17e7867d1e23fb4eb670eb42ce37196e7,1ea5288ca408e7091dbf69f68b1ba6b6e821907dfec09ae260538aa9fcfd02d7,False,,,419654,541,529005,57720,d70b2705306475d2ccb4352cecd3eaf1e5f789d5a7a7d2cf42a29c44314dcc9b,True,True
tv2_m16_cycle_00__X__s9101,tv2_m16_cycle_00,X,9101,37,WARM_JOINT,BUDGET_EXHAUSTED,0.2388520875685151,0.23885208756851545,0.02153684643772885,0.13665126693596222,0.15760444027073303,50,49,148,148,5476,23.34813356399536,47,50,74,0.16768947800016543,0,1013,978,2969,66605,247.81235814094543,72081,3117,271.1604917049408,1063,fits/tv2_m16_cycle_00__X__s9101/p036/WARM_JOINT/WINNER.json,f860b587c9eab4d86e94a595c9197b1549436b76eb75c4b3aba5296caf6e81f4,d8e5e2e1f18f4500908e96759027c1b4a5c6056bae5636085dca3803e471c46b,False,,,419654,541,529005,57720,a323c78ba93b7efe07cb6b864f6fd0bc3756345ce54e3e6d1e8fce57f2d1717b,True,False
tv2_m16_cycle_00__X__s9101,tv2_m16_cycle_00,X,9101,38,FROZEN_LAYERWISE,CONVERGED,0.3683578826145862,0.36835788261458574,3.3668253088809936e-05,5.850425813479974e-05,0.5754838051485905,5,4,13,152,494,2.1545796394348145,3,5,2,0.0,0,327,291,909,13956,52.935303926467896,14450,922,55.08988356590271,332,fits/tv2_m16_cycle_00__X__s9101/p037/FROZEN_LAYERWISE/WINNER.json,1ea5288ca408e7091dbf69f68b1ba6b6e821907dfec09ae260538aa9fcfd02d7,d62e7b7f198bd27f4bbee06bcf3af7493af3f2b1bd48d9eac8db3d47c73b7b26,False,,,430996,541,543302,59280,7e1246c3db0afb05724163072f170d4acbd244be6de4c9900fd7d654cac0a536,True,True
tv2_m16_cycle_00__X__s9101,tv2_m16_cycle_00,X,9101,38,WARM_JOINT,BUDGET_EXHAUSTED,0.23884703551400632,0.23884703551400632,0.021528505696575065,0.13659477730995734,0.1576085566413944,51,50,151,152,5738,25.04944157600403,48,51,76,0.08646932454531603,0,1063,1027,3117,72081,271.1604917049408,77819,3268,296.2099332809448,1114,fits/tv2_m16_cycle_00__X__s9101/p037/WARM_JOINT/WINNER.json,d8e5e2e1f18f4500908e96759027c1b4a5c6056bae5636085dca3803e471c46b,a3a1124e6eb1f982c7a4a0208016d3236919014c44cf709548ff3d061eaf6a25,False,,,430996,541,543302,59280,23e1acbae48302837bb809e1c0b4fc2995cfbc3a1822ea9efdc2660cacd79375,True,False
tv2_m16_cycle_00__X__s9101,tv2_m16_cycle_00,X,9101,39,FROZEN_LAYERWISE,CONVERGED,0.3683578825104382,0.3683578825104383,3.3671631787553565e-05,5.8507802960683764e-05,0.5755066860087076,4,3,10,156,390,1.6668708324432373,2,4,2,0.0,0,332,295,922,14450,55.08988356590271,14840,932,56.75675439834595,336,fits/tv2_m16_cycle_00__X__s9101/p038/FROZEN_LAYERWISE/WINNER.json,d62e7b7f198bd27f4bbee06bcf3af7493af3f2b1bd48d9eac8db3d47c73b7b26,1c1d68367e389e4d3f9c9c351ed9bbe13f7176ea1ec0a4361f69630b12047a79,False,,,442338,541,557599,60840,bf81579a312f3faf56581d74bfe72d851e459541acf18fd8ac6bdda1a3f9482f,True,True
tv2_m16_cycle_00__X__s9101,tv2_m16_cycle_00,X,9101,39,WARM_JOINT,BUDGET_EXHAUSTED,0.23884364257152152,0.23884364257152144,0.021524104685929166,0.13658303467388058,0.15758988469777588,52,51,154,156,6006,25.688226461410522,47,52,78,0.052005075602974425,0,1114,1077,3268,77819,296.2099332809448,83825,3422,321.89815974235535,1166,fits/tv2_m16_cycle_00__X__s9101/p038/WARM_JOINT/WINNER.json,a3a1124e6eb1f982c7a4a0208016d3236919014c44cf709548ff3d061eaf6a25,357bdbd11f951902210f2733fd6a1540d219ea40ff4e0748dd885d050953f461,False,,,442338,541,557599,60840,34afc1463bed11f83a565d0562b5e72b4d3a0055445c7ab9d6f3b8dade0c4355,True,False
tv2_m16_cycle_00__X__s9101,tv2_m16_cycle_00,X,9101,40,FROZEN_LAYERWISE,CONVERGED,0.36835788216005944,0.3683578821600598,3.3666171309695005e-05,5.850203634959964e-05,0.5754700760929222,4,3,10,160,400,1.7386152744293213,2,4,2,0.0,0,336,298,932,14840,56.75675439834595,15240,942,58.49536967277527,340,fits/tv2_m16_cycle_00__X__s9101/p039/FROZEN_LAYERWISE/WINNER.json,1c1d68367e389e4d3f9c9c351ed9bbe13f7176ea1ec0a4361f69630b12047a79,53ddb607976ae81d96d06b7d0954b7643701c9cb5bd462fb329d0e82bf371bd1,False,,,453680,541,571896,62400,6c6dd7be59620a9e08df10e7b8b78a96ddc5594da12748dca65a94bc98c2fd44,True,True
tv2_m16_cycle_00__X__s9101,tv2_m16_cycle_00,X,9101,40,WARM_JOINT,BUDGET_EXHAUSTED,0.23883891099507323,0.23883891099507354,0.021507728816870356,0.13648923410273792,0.15757820723560584,54,53,160,160,6400,27.023026704788208,49,54,80,0.1331125243472715,0,1166,1128,3422,83825,321.89815974235535,90225,3582,348.92118644714355,1220,fits/tv2_m16_cycle_00__X__s9101/p039/WARM_JOINT/WINNER.json,357bdbd11f951902210f2733fd6a1540d219ea40ff4e0748dd885d050953f461,1b04014b105930006d14836138b892c5287816983d239408d7f78f372db40cbd,False,,,453680,541,571896,62400,5ac721ec97d96becdb9ab0e5bcf0a945b014346a37a34c8bc640c7fb7a83b2e6,True,False
tv2_m16_cycle_00__X__s9101,tv2_m16_cycle_00,X,9101,41,FROZEN_LAYERWISE,CONVERGED,0.36835788215289783,0.36835788215289744,3.3665379359552795e-05,5.850119928333663e-05,0.5754647728929888,5,4,13,164,533,1.9531044960021973,3,5,2,0.0,0,340,301,942,15240,58.49536967277527,15773,955,60.448474168777466,345,fits/tv2_m16_cycle_00__X__s9101/p040/FROZEN_LAYERWISE/WINNER.json,53ddb607976ae81d96d06b7d0954b7643701c9cb5bd462fb329d0e82bf371bd1,bd4e831d5176c3f96e9650395a891d0237bc1fb0be8a0b5277c422b6a56b76f0,False,,,465022,541,586193,63960,b4ec8085a9b51293a8e1af0b88ca7c1a72049b5260a49bbf6c493070266bcc83,True,True
tv2_m16_cycle_00__X__s9101,tv2_m16_cycle_00,X,9101,41,WARM_JOINT,BUDGET_EXHAUSTED,0.23883717002111152,0.23883717002111082,0.02149851453286271,0.13648262745294246,0.15751832254456805,55,54,163,164,6683,28.050392866134644,50,54,82,0.042176454890732254,0,1220,1181,3582,90225,348.92118644714355,96908,3745,376.9715793132782,1275,fits/tv2_m16_cycle_00__X__s9101/p040/WARM_JOINT/WINNER.json,1b04014b105930006d14836138b892c5287816983d239408d7f78f372db40cbd,a45ce8c73fa7b575247db47a85e74ea3df4f2ff84ca6a3c6467ab36d83673b4b,False,,,465022,541,586193,63960,505768aa7118ae4f4ee2a1b33b9e96fa79493b14f0e66609a37b1cd2fd338187,True,False
tv2_m16_cycle_00__X__s9101,tv2_m16_cycle_00,X,9101,42,FROZEN_LAYERWISE,CONVERGED,0.36835788172994344,0.36835788172994377,3.365951985879468e-05,5.8494958447639775e-05,0.5754259982751183,4,3,10,168,420,1.7778754234313965,2,4,2,0.0,0,345,305,955,15773,60.448474168777466,16193,965,62.22634959220886,349,fits/tv2_m16_cycle_00__X__s9101/p041/FROZEN_LAYERWISE/WINNER.json,bd4e831d5176c3f96e9650395a891d0237bc1fb0be8a0b5277c422b6a56b76f0,567af559ad009d0dafbaa8ed0f2fafb51e83200d24b8fa8e3b06b3bbc913d396,False,,,476364,541,600490,65520,28716b0d25dba1f8dc6fe7321f84b577e59caff0824ebf289183eb3db4ad870d,True,True
tv2_m16_cycle_00__X__s9101,tv2_m16_cycle_00,X,9101,42,WARM_JOINT,BUDGET_EXHAUSTED,0.2388361844788307,0.2388361844788306,0.021484460511940976,0.13640605236986716,0.1575037187769757,56,55,166,168,6972,30.316807746887207,51,56,84,0.048268207466902247,0,1275,1235,3745,96908,376.9715793132782,103880,3911,407.2883870601654,1331,fits/tv2_m16_cycle_00__X__s9101/p041/WARM_JOINT/WINNER.json,a45ce8c73fa7b575247db47a85e74ea3df4f2ff84ca6a3c6467ab36d83673b4b,9cb087ddcd6f0abbaf3777672279adfb688cf3e5d8ebe0204e3a56bdccdf0bd0,False,,,476364,541,600490,65520,47ac218fd5fcdae962918af8de1032ebacecc6999f88fa83ebca71845841d6cf,True,False
tv2_m16_cycle_00__X__s9101,tv2_m16_cycle_00,X,9101,43,FROZEN_LAYERWISE,CONVERGED,0.36835788163812994,0.36835788163812966,3.3656908540052e-05,5.849216728940999e-05,0.5754088128333994,4,3,10,172,430,1.885768175125122,2,4,2,0.0,0,349,308,965,16193,62.22634959220886,16623,975,64.11211776733398,353,fits/tv2_m16_cycle_00__X__s9101/p042/FROZEN_LAYERWISE/WINNER.json,567af559ad009d0dafbaa8ed0f2fafb51e83200d24b8fa8e3b06b3bbc913d396,0c6ca8593583080cf1771d0c547e4a3244f44d44a6302f36e8a55d1a7c5a668e,False,,,487706,541,614787,67080,68c56caebe957617b4cb3ec0b3401b9f0cb42810a9d4ab02ae6de3ece92a9eba,True,True
tv2_m16_cycle_00__X__s9101,tv2_m16_cycle_00,X,9101,43,WARM_JOINT,BUDGET_EXHAUSTED,0.23883547723288487,0.23883547723288548,0.021483166348446096,0.1363967556384942,0.15750496592004765,58,57,172,172,7396,31.327149868011475,52,58,86,0.026222317629872816,0,1331,1290,3911,103880,407.2883870601654,111276,4083,438.6155369281769,1389,fits/tv2_m16_cycle_00__X__s9101/p042/WARM_JOINT/WINNER.json,9cb087ddcd6f0abbaf3777672279adfb688cf3e5d8ebe0204e3a56bdccdf0bd0,429966d6e56c3d7620b6416eb1dccab50211a9c17bbc6c9b4c5c1f59bf729b9e,False,,,487706,541,614787,67080,752874c9d11749d3bbe29da6a14eb29ad8b06aef386df438f9af25fae852b5e9,True,False
tv2_m16_cycle_00__X__s9101,tv2_m16_cycle_00,X,9101,44,FROZEN_LAYERWISE,CONVERGED,0.3683578812407009,0.3683578812407012,3.3662938451023404e-05,5.8498563544522884e-05,0.5754489753479631,4,3,10,176,440,1.9286644458770752,2,4,2,0.0,0,353,311,975,16623,64.11211776733398,17063,985,66.04078221321106,357,fits/tv2_m16_cycle_00__X__s9101/p043/FROZEN_LAYERWISE/WINNER.json,0c6ca8593583080cf1771d0c547e4a3244f44d44a6302f36e8a55d1a7c5a668e,af398a4868f8feca8707de1651eb7dd5d544bfe615f38541a8c8f526704adfaa,False,,,499048,541,629084,68640,85e3d58353de6b6523e54cf27725906e747a8b8c4589878d96ec771435bc13c3,True,True
tv2_m16_cycle_00__X__s9101,tv2_m16_cycle_00,X,9101,44,WARM_JOINT,BUDGET_EXHAUSTED,0.23883469161223114,0.23883469161223048,0.021466143396653332,0.13629666182733402,0.1574957384051525,59,58,175,176,7700,33.233068227767944,54,59,88,0.046886293798214185,0,1389,1347,4083,111276,438.6155369281769,118976,4258,471.8486051559448,1448,fits/tv2_m16_cycle_00__X__s9101/p043/WARM_JOINT/WINNER.json,429966d6e56c3d7620b6416eb1dccab50211a9c17bbc6c9b4c5c1f59bf729b9e,3290ee6d4b739c6fd8c17723764be334acbe3daa66b1cf432d4ca03dc7605586,False,,,499048,541,629084,68640,962d7296ee68c64424bbaa57744f43c2b4cb34b415c3591edda6d08fc5312514,True,False
tv2_m16_cycle_00__X__s9101,tv2_m16_cycle_00,X,9101,45,FROZEN_LAYERWISE,CONVERGED,0.36835788089015165,0.36835788089015176,3.366855788253912e-05,5.850448185482976e-05,0.5754868142595071,5,4,13,180,585,2.492192268371582,3,5,2,0.0,0,357,314,985,17063,66.04078221321106,17648,998,68.53297448158264,362,fits/tv2_m16_cycle_00__X__s9101/p044/FROZEN_LAYERWISE/WINNER.json,af398a4868f8feca8707de1651eb7dd5d544bfe615f38541a8c8f526704adfaa,4576f52c206731bb8fe123702e19970981831ca0de2f6aca0f511f0960ddf2f3,False,,,510390,541,643381,70200,f4e587dfa0d23bd6642dc8931b1f87010ef152e38074a2eab9c8e147d772e72e,True,True
tv2_m16_cycle_00__X__s9101,tv2_m16_cycle_00,X,9101,45,WARM_JOINT,BUDGET_EXHAUSTED,0.23880637245431338,0.238806372454314,0.02129917762761396,0.13584107546288318,0.15679482479828927,60,59,178,180,8010,33.74514198303223,53,60,90,0.4964910020142821,0,1448,1405,4258,118976,471.8486051559448,126986,4436,505.59374713897705,1508,fits/tv2_m16_cycle_00__X__s9101/p044/WARM_JOINT/WINNER.json,3290ee6d4b739c6fd8c17723764be334acbe3daa66b1cf432d4ca03dc7605586,714719ded31260eb76336cb64aaae2f625a63322b53f40a0871a169eeb2f301c,False,,,510390,541,643381,70200,b91b0c91788e28cf8ffba461eb74325dbc4e580ff35d20052b590ef2e417b566,True,False
tv2_m16_cycle_00__X__s9101,tv2_m16_cycle_00,X,9101,46,FROZEN_LAYERWISE,CONVERGED,0.3683578806726633,0.3683578806726635,3.3664330043526846e-05,5.8500004869334034e-05,0.5754585853235346,4,3,10,184,460,1.9541919231414795,2,4,2,0.0,0,362,318,998,17648,68.53297448158264,18108,1008,70.48716640472412,366,fits/tv2_m16_cycle_00__X__s9101/p045/FROZEN_LAYERWISE/WINNER.json,4576f52c206731bb8fe123702e19970981831ca0de2f6aca0f511f0960ddf2f3,cf3fdda0380c040bd7d2794326d240f6d235f7b286fc61f7d27b62a8240531ba,False,,,521732,541,657678,71760,d30d1777896dbaa512bbda2c666227401a654a1c5a6dce514991f2ca62954761,True,True
tv2_m16_cycle_00__X__s9101,tv2_m16_cycle_00,X,9101,46,WARM_JOINT,BUDGET_EXHAUSTED,0.23790103930873968,0.2379010393087393,0.0212694269068721,0.13559344509373877,0.15686176342940522,62,61,184,184,8464,35.75751447677612,56,62,92,0.7610831000423524,0,1508,1464,4436,126986,505.59374713897705,135450,4620,541.3512616157532,1570,fits/tv2_m16_cycle_00__X__s9101/p045/WARM_JOINT/WINNER.json,714719ded31260eb76336cb64aaae2f625a63322b53f40a0871a169eeb2f301c,2f85e38a9b7637824a56639f4e02e50029a39a9ca9db69744fbc27487810ea30,False,,,521732,541,657678,71760,b738ebb134613802d28ffc60983bf33c7f5970cc4fad1e5402ad149f9e2a518a,True,False
tv2_m16_cycle_00__X__s9101,tv2_m16_cycle_00,X,9101,47,FROZEN_LAYERWISE,CONVERGED,0.3683578806047155,0.3683578806047153,3.3661937830230814e-05,5.8497464276191676e-05,0.5754426836571639,4,3,10,188,470,1.9475436210632324,2,4,2,0.0,0,366,321,1008,18108,70.48716640472412,18578,1018,72.43471002578735,370,fits/tv2_m16_cycle_00__X__s9101/p046/FROZEN_LAYERWISE/WINNER.json,cf3fdda0380c040bd7d2794326d240f6d235f7b286fc61f7d27b62a8240531ba,b7be04ceda7389dc1a9edabd83c823b64cb3f97d0676b8db723c0b2a643c3caf,False,,,533074,541,671975,73320,cba381e1f45d04e9719636955115dc28e5c11b1e903c4e8813cdf1867372aa14,True,True
tv2_m16_cycle_00__X__s9101,tv2_m16_cycle_00,X,9101,47,WARM_JOINT,BUDGET_EXHAUSTED,0.23409971650403577,0.23409971650403583,0.02188897000363228,0.1414364603411759,0.15476186232907174,63,62,187,188,8789,36.37845993041992,55,63,94,1.4632811741178773,0,1570,1525,4620,135450,541.3512616157532,144239,4807,577.7297215461731,1633,fits/tv2_m16_cycle_00__X__s9101/p046/WARM_JOINT/WINNER.json,2f85e38a9b7637824a56639f4e02e50029a39a9ca9db69744fbc27487810ea30,dc5887cf83664d6dfdf93f889672d98a0d5d3e8c791973acb1e581af31b7a4be,False,,,533074,541,671975,73320,a4995e1511198d02a264a71b6c561905a458c2d5855cab35fd2164bf56199a8c,True,False
tv2_m16_cycle_00__X__s9101,tv2_m16_cycle_00,X,9101,48,FROZEN_LAYERWISE,CONVERGED,0.36835788045520124,0.3683578804552007,3.366555426791304e-05,5.850128763867599e-05,0.575466893580925,5,4,13,192,624,2.674769163131714,3,5,2,0.0,0,370,324,1018,18578,72.43471002578735,19202,1031,75.10947918891907,375,fits/tv2_m16_cycle_00__X__s9101/p047/FROZEN_LAYERWISE/WINNER.json,b7be04ceda7389dc1a9edabd83c823b64cb3f97d0676b8db723c0b2a643c3caf,ed840e0f4230363c1f1404f719a85257e191204cb3150a574a35368c52a7ecb4,False,,,544416,541,686272,74880,92f11be2b6699ce4b7d6373aee603070b968797a3a5478dc1a5ba309a6b9abe6,True,True
tv2_m16_cycle_00__X__s9101,tv2_m16_cycle_00,X,9101,48,WARM_JOINT,BUDGET_EXHAUSTED,0.21845872341800726,0.2184587234180073,0.02238693458230917,0.1506346046342694,0.1486174749597752,64,63,190,192,9120,38.53136968612671,57,64,96,3.066892697323082,0,1633,1587,4807,144239,577.7297215461731,153359,4997,616.2610912322998,1697,fits/tv2_m16_cycle_00__X__s9101/p047/WARM_JOINT/WINNER.json,dc5887cf83664d6dfdf93f889672d98a0d5d3e8c791973acb1e581af31b7a4be,ffdec0c676cb83bb8158e162b4a5f9a36f39340ce0548667a67acdf8868d93c8,False,,,544416,541,686272,74880,9db2f21d80fa9ffb4ca7915bc2bd16a90fd3f35298e9bf68a2f0deaea7948585,True,False
tv2_m16_cycle_00__X__s9101,tv2_m16_cycle_00,X,9101,49,FROZEN_LAYERWISE,CONVERGED,0.3683578802337554,0.36835788023375515,3.367005892537487e-05,5.850602410089274e-05,0.5754973003687854,4,3,10,196,490,2.0837955474853516,2,4,2,0.0,0,375,328,1031,19202,75.10947918891907,19692,1041,77.19327473640442,379,fits/tv2_m16_cycle_00__X__s9101/p048/FROZEN_LAYERWISE/WINNER.json,ed840e0f4230363c1f1404f719a85257e191204cb3150a574a35368c52a7ecb4,38824c355c3d3b61cb66fba1cee6ea1e1826d6a7b59dd67f33bedd1910e25370,False,,,555758,541,700569,76440,45506ac65a5d29e06643c746807eb92af14a182d2998e23d27b84c64ff7c8b31,True,True
tv2_m16_cycle_00__X__s9101,tv2_m16_cycle_00,X,9101,49,WARM_JOINT,BUDGET_EXHAUSTED,0.19227793634801027,0.19227793634801046,0.02779538396356357,0.18312828861801433,0.15178094096396932,66,65,196,196,9604,39.93716216087341,59,66,98,2.3262669869232577,0,1697,1650,4997,153359,616.2610912322998,162963,5193,656.1982533931732,1763,fits/tv2_m16_cycle_00__X__s9101/p048/WARM_JOINT/WINNER.json,ffdec0c676cb83bb8158e162b4a5f9a36f39340ce0548667a67acdf8868d93c8,2c0e1c0017ffa93e66b9e73124abbaba476391d1de8f31670f072357cbd61bab,False,,,555758,541,700569,76440,4db38cf9881413b1747f88d274c52250bb50c042685a687c779190cf4e366802,True,False
tv2_m16_cycle_00__X__s9101,tv2_m16_cycle_00,X,9101,50,FROZEN_LAYERWISE,CONVERGED,0.368357880184646,0.3683578801846461,3.367223678550049e-05,5.850830814857559e-05,0.5755120571935433,4,3,10,200,500,2.1073431968688965,2,4,2,0.0,0,379,331,1041,19692,77.19327473640442,20192,1051,79.30061793327332,383,fits/tv2_m16_cycle_00__X__s9101/p049/FROZEN_LAYERWISE/WINNER.json,38824c355c3d3b61cb66fba1cee6ea1e1826d6a7b59dd67f33bedd1910e25370,60fc36e4c35244f5aadee9b552f079f70d40ef261d303f99f93dec3ffef7009a,False,,,567100,541,714866,78000,9d8f889e4029e4b03cb4f5934f365e12cba3de09358bc69245021fde95a4bfb9,True,True
tv2_m16_cycle_00__X__s9101,tv2_m16_cycle_00,X,9101,50,WARM_JOINT,BUDGET_EXHAUSTED,0.1688803597341666,0.16888035973416643,0.027915890173218466,0.202465713761568,0.13787959281882844,67,66,199,200,9950,42.18624567985535,59,67,100,1.5649249868403787,0,1763,1715,5193,162963,656.1982533931732,172913,5392,698.3844990730286,1830,fits/tv2_m16_cycle_00__X__s9101/p049/WARM_JOINT/WINNER.json,2c0e1c0017ffa93e66b9e73124abbaba476391d1de8f31670f072357cbd61bab,c8fe0ac369d59cd2e2e15d119604c5618fd50aa0c126c232c11f7b570441a715,False,,,567100,541,714866,78000,761d12b969029dd6be6a10bc59751ee49f25a7c8bb763d86513a99ad0888c14f,True,False
tv2_m16_cycle_00__X__s9101,tv2_m16_cycle_00,X,9101,51,FROZEN_LAYERWISE,CONVERGED,0.3683578800809799,0.3683578800809795,3.367538052947546e-05,5.8511592785660235e-05,0.5755334785165594,4,3,10,204,510,2.1284890174865723,2,4,2,0.0,0,383,334,1051,20192,79.30061793327332,20702,1061,81.42910695075989,387,fits/tv2_m16_cycle_00__X__s9101/p050/FROZEN_LAYERWISE/WINNER.json,60fc36e4c35244f5aadee9b552f079f70d40ef261d303f99f93dec3ffef7009a,163c6714cb86d21ec5ea4b46c10693d666a5a5ccddb0d333351f3fe4d8bb3c59,False,,,578442,541,729163,79560,b37a5deac146ef1a14f0a03b71b6f8c15ad881c62d16ca86c0071b37109920e4,True,True
tv2_m16_cycle_00__X__s9101,tv2_m16_cycle_00,X,9101,51,WARM_JOINT,BUDGET_EXHAUSTED,0.12757619858431005,0.12757619858430902,0.033015603128760104,0.2422548965150962,0.1362845647444023,68,67,202,204,10302,42.660093545913696,60,68,102,2.3299397655678193,0,1830,1781,5392,172913,698.3844990730286,183215,5594,741.0445926189423,1898,fits/tv2_m16_cycle_00__X__s9101/p050/WARM_JOINT/WINNER.json,c8fe0ac369d59cd2e2e15d119604c5618fd50aa0c126c232c11f7b570441a715,e4b2cc5435d6596b225ddd63585b793de1c36d0100f318e985084b9e69f46032,False,,,578442,541,729163,79560,569f5ab470d300bbdbb972d670f59d4a7734d37dee4df5c9229c9e8a76c4b02c,True,False
tv2_m16_cycle_00__X__s9101,tv2_m16_cycle_00,X,9101,52,FROZEN_LAYERWISE,CONVERGED,0.3683578796135168,0.36835787961351685,3.3682233258467324e-05,5.851869628479089e-05,0.5755807185885888,4,3,10,208,520,2.1983482837677,2,4,2,0.0,0,387,337,1061,20702,81.42910695075989,21222,1071,83.62745523452759,391,fits/tv2_m16_cycle_00__X__s9101/p051/FROZEN_LAYERWISE/WINNER.json,163c6714cb86d21ec5ea4b46c10693d666a5a5ccddb0d333351f3fe4d8bb3c59,6143487efbcf1fc5ed6d10fba4db072b526c8ee9a91d2c747b60e9c83f66d958,False,,,589784,541,743460,81120,12c04869f556da98befceb60e7e5dafb9b54ed10ca0f98b9506cf03749d551b7,True,True
tv2_m16_cycle_00__X__s9101,tv2_m16_cycle_00,X,9101,52,WARM_JOINT,BUDGET_EXHAUSTED,0.09939629729826366,0.09939629729826366,0.03769191053787801,0.2755430694275568,0.13679135757681474,70,69,208,208,10816,40.207332372665405,63,70,104,2.4752282208140635,0,1898,1848,5594,183215,741.0445926189423,194031,5802,781.2519249916077,1968,fits/tv2_m16_cycle_00__X__s9101/p051/WARM_JOINT/WINNER.json,e4b2cc5435d6596b225ddd63585b793de1c36d0100f318e985084b9e69f46032,2f804aa25b961970e4c7a920df93a037180c82aa342ba371c6810d9fd2f24d10,False,,,589784,541,743460,81120,ed9c4d9e69ed15bab8b1fdde5d2ac431d8b1f302daa3d520f2c0899b59fe41ba,True,False
tv2_m16_cycle_00__X__s9101,tv2_m16_cycle_00,X,9101,53,FROZEN_LAYERWISE,CONVERGED,0.36835787905566514,0.3683578790556647,3.3689890210026e-05,5.852656431038343e-05,0.5756341689793832,4,3,10,212,530,2.2399380207061768,2,4,2,0.0,0,391,340,1071,21222,83.62745523452759,21752,1081,85.86739325523376,395,fits/tv2_m16_cycle_00__X__s9101/p052/FROZEN_LAYERWISE/WINNER.json,6143487efbcf1fc5ed6d10fba4db072b526c8ee9a91d2c747b60e9c83f66d958,96162f6944df567cf22d6fe0a3158467386b8c32df9ca5aeaed646ad3c57df8f,False,,,601126,541,757757,82680,a98bc8db2455776e9eec945004bbf3a66767b899bbe19de18edf7fc946ec3919,True,True
tv2_m16_cycle_00__X__s9101,tv2_m16_cycle_00,X,9101,53,WARM_JOINT,BUDGET_EXHAUSTED,0.09637233113680072,0.0963723311368013,0.03891235089140643,0.2792963608819917,0.13932279951133225,71,70,211,212,11183,47.22618508338928,63,71,106,0.6854812171438465,0,1968,1917,5802,194031,781.2519249916077,205214,6013,828.478110074997,2039,fits/tv2_m16_cycle_00__X__s9101/p052/WARM_JOINT/WINNER.json,2f804aa25b961970e4c7a920df93a037180c82aa342ba371c6810d9fd2f24d10,b07e58edb49a43c7cd7e715d1fc0f8c22ee5dfc447abf3c01bd6bf4fc109219d,False,,,601126,541,757757,82680,e7a4ad56ed05ec3cccabb0dc4016baf5f35c78c8b123c5b34a49676fafe16ac0,True,False
tv2_m16_cycle_00__X__s9101,tv2_m16_cycle_00,X,9101,54,FROZEN_LAYERWISE,CONVERGED,0.36835787892692834,0.3683578789269276,3.36936281980715e-05,5.85303889425523e-05,0.5756604185757567,4,3,10,216,540,2.3277673721313477,2,4,2,0.0,0,395,343,1081,21752,85.86739325523376,22292,1091,88.19516062736511,399,fits/tv2_m16_cycle_00__X__s9101/p053/FROZEN_LAYERWISE/WINNER.json,96162f6944df567cf22d6fe0a3158467386b8c32df9ca5aeaed646ad3c57df8f,060153c2483c01e1245c25b13f807ad1b3250cbcf42b8780b6f6f8357decf40c,False,,,612468,541,772054,84240,5b70b73feb6d7e29ca50aa6987ca516f498dba37fbf8ccd8a99b987aaf7374d1,True,True
tv2_m16_cycle_00__X__s9101,tv2_m16_cycle_00,X,9101,54,WARM_JOINT,BUDGET_EXHAUSTED,0.09487359489589423,0.09487359489589453,0.03933837258301982,0.2816839049639224,0.1396543142500748,72,71,214,216,11556,50.01667928695679,62,72,108,1.2519558414972614,0,2039,1987,6013,205214,828.478110074997,216770,6227,878.4947893619537,2111,fits/tv2_m16_cycle_00__X__s9101/p053/WARM_JOINT/WINNER.json,b07e58edb49a43c7cd7e715d1fc0f8c22ee5dfc447abf3c01bd6bf4fc109219d,be866f9ce52633c3f0ba1607e9837b78b8469b08f172df9b63d1dd6978719b2c,False,,,612468,541,772054,84240,47620612b6fb170e9fa424c1939032aeb79d76e6c7335be67ff4b0ddbeda5458,True,False
tv2_m16_cycle_00__X__s9101,tv2_m16_cycle_00,X,9101,55,FROZEN_LAYERWISE,CONVERGED,0.3683578785169873,0.3683578785169874,3.3687125735569584e-05,5.852368523665029e-05,0.57561525046398,4,3,10,220,550,2.33708119392395,2,4,2,0.0,0,399,346,1091,22292,88.19516062736511,22842,1101,90.53224182128906,403,fits/tv2_m16_cycle_00__X__s9101/p054/FROZEN_LAYERWISE/WINNER.json,060153c2483c01e1245c25b13f807ad1b3250cbcf42b8780b6f6f8357decf40c,aeb8fdbc8823cb72c6bc437ea2cde376d4da2aa12af2bad1a8c9338f9dbe85ce,False,,,623810,541,786351,85800,e47418d901e330bb1c7d5609e607f9f9d6afba28d359a6fc50097b20471699af,True,True
tv2_m16_cycle_00__X__s9101,tv2_m16_cycle_00,X,9101,55,WARM_JOINT,BUDGET_EXHAUSTED,0.09272633228914261,0.0927263322891426,0.040220651290301196,0.2909570162417688,0.1382357153981814,74,73,220,220,12100,51.00192832946777,62,74,110,1.1975200210150758,0,2111,2058,6227,216770,878.4947893619537,228870,6447,929.4967176914215,2185,fits/tv2_m16_cycle_00__X__s9101/p054/WARM_JOINT/WINNER.json,be866f9ce52633c3f0ba1607e9837b78b8469b08f172df9b63d1dd6978719b2c,d24a8a4d3161906c6c1a0834e3d630db2dddf9e4738d98334a2265418f4ed9d6,False,,,623810,541,786351,85800,ba376cac89a5427b3b0b063fab4ae779b1d32f4184932e240d5ab53e30976941,True,False
tv2_m16_cycle_00__X__s9101,tv2_m16_cycle_00,X,9101,56,FROZEN_LAYERWISE,CONVERGED,0.36835787850888885,0.36835787850888896,3.3686220192241646e-05,5.852275068992159e-05,0.5756089690781208,4,3,10,224,560,2.33139967918396,2,4,2,0.0,0,403,349,1101,22842,90.53224182128906,23402,1111,92.86364150047302,407,fits/tv2_m16_cycle_00__X__s9101/p055/FROZEN_LAYERWISE/WINNER.json,aeb8fdbc8823cb72c6bc437ea2cde376d4da2aa12af2bad1a8c9338f9dbe85ce,9e768b5200c60c80d13bab2d494a0713686530f50fc25ee87a043c2bfdbb7557,False,,,635152,541,800648,87360,67ecb4acdc199fe4281097c5dc28fc47b3f4208821fc362cb3917126fff2dae8,True,True
tv2_m16_cycle_00__X__s9101,tv2_m16_cycle_00,X,9101,56,WARM_JOINT,BUDGET_EXHAUSTED,0.08866142958303547,0.08866142958303605,0.04137453705015323,0.300847625966065,0.13752655324200627,75,74,223,224,12488,52.07806992530823,69,75,112,0.9030414093704837,0,2185,2131,6447,228870,929.4967176914215,241358,6670,981.5747876167297,2260,fits/tv2_m16_cycle_00__X__s9101/p055/WARM_JOINT/WINNER.json,d24a8a4d3161906c6c1a0834e3d630db2dddf9e4738d98334a2265418f4ed9d6,b7a57a643ad65694ae7954886f74f190a9bc154e384bb3734ce2fa3e6e2ce422,False,,,635152,541,800648,87360,b583f8d6ce8aaffc11e1abe0e465d15238ae61f43974321c156e691ed5f0315b,True,False
tv2_m16_cycle_00__X__s9101,tv2_m16_cycle_00,X,9101,57,FROZEN_LAYERWISE,CONVERGED,0.368357878450055,0.3683578784500543,3.36886970807339e-05,5.8525299621690386e-05,0.575626221454633,5,4,13,228,741,3.082580327987671,3,5,2,0.0,0,407,352,1111,23402,92.86364150047302,24143,1124,95.9462218284607,412,fits/tv2_m16_cycle_00__X__s9101/p056/FROZEN_LAYERWISE/WINNER.json,9e768b5200c60c80d13bab2d494a0713686530f50fc25ee87a043c2bfdbb7557,1ee0a73c9a325d1a7652d947e819813a346fa1a372f4f0f03e08b4133d9b80a7,False,,,646494,541,814945,88920,6002eb48725a02a1d967ac86ab7a1b873059901347159ffde847d58d11b9bd63,True,True
tv2_m16_cycle_00__X__s9101,tv2_m16_cycle_00,X,9101,57,WARM_JOINT,BUDGET_EXHAUSTED,0.08822849056483147,0.08822849056483152,0.04127851732834261,0.3008428591775888,0.13720956329555334,76,75,226,228,12882,53.490309953689575,70,76,114,0.419833213447371,0,2260,2205,6670,241358,981.5747876167297,254240,6896,1035.0650975704193,2336,fits/tv2_m16_cycle_00__X__s9101/p056/WARM_JOINT/WINNER.json,b7a57a643ad65694ae7954886f74f190a9bc154e384bb3734ce2fa3e6e2ce422,ca7626a6bbdf2c1dd8aa7b4c04274494b218fa456f03b66da544c8a981a8659b,False,,,646494,541,814945,88920,d54081686ad63d79d74d4ab798753656257fea4b0e6a42e16ab2ee500b02dca9,True,False
tv2_m16_cycle_00__X__s9101,tv2_m16_cycle_00,X,9101,58,FROZEN_LAYERWISE,CONVERGED,0.3683578784310719,0.3683578784310716,3.369031421431365e-05,5.852696106159776e-05,0.5756375113830986,4,3,10,232,580,2.43112850189209,2,4,2,0.0,0,412,356,1124,24143,95.9462218284607,24723,1134,98.37735033035278,416,fits/tv2_m16_cycle_00__X__s9101/p057/FROZEN_LAYERWISE/WINNER.json,1ee0a73c9a325d1a7652d947e819813a346fa1a372f4f0f03e08b4133d9b80a7,0454c839147b5a1835ee03eeda04bd3d2fbd589d4005e18db7ab11874e5eb505,False,,,657836,541,829242,90480,aed84889834e990bd1506f54c77124756b2519d3d1675b2286a056535e033ffd,True,True
tv2_m16_cycle_00__X__s9101,tv2_m16_cycle_00,X,9101,58,WARM_JOINT,BUDGET_EXHAUSTED,0.07634953927693848,0.0763495392769381,0.040261909930361515,0.2990804899809149,0.13461897809827292,78,77,232,232,13456,56.55194306373596,70,78,116,1.4926976032258068,0,2336,2280,6896,254240,1035.0650975704193,267696,7128,1091.6170406341553,2414,fits/tv2_m16_cycle_00__X__s9101/p057/WARM_JOINT/WINNER.json,ca7626a6bbdf2c1dd8aa7b4c04274494b218fa456f03b66da544c8a981a8659b,a806f17c77b55b18a8f0345ab2a52a0d58572769a3c01834093c524e0420f7b2,False,,,657836,541,829242,90480,644b46c1f2b76db36773deb2bb5ddb5398787cf31df2b2a9fefc40f34904e2c9,True,False
tv2_m16_cycle_00__X__s9101,tv2_m16_cycle_00,X,9101,59,FROZEN_LAYERWISE,CONVERGED,0.3683578784097622,0.36835787840976186,3.368891926097467e-05,5.8525525726567693e-05,0.575627793902611,4,3,10,236,590,2.451862096786499,2,4,2,0.0,0,416,359,1134,24723,98.37735033035278,25313,1144,100.82921242713928,420,fits/tv2_m16_cycle_00__X__s9101/p058/FROZEN_LAYERWISE/WINNER.json,0454c839147b5a1835ee03eeda04bd3d2fbd589d4005e18db7ab11874e5eb505,4c78e19a427c051526348fb2649b0983a658a610c2d71e1405d27d730836d89a,False,,,669178,541,843539,92040,690f610cf9a96951005788ed82f31bb1dece2a4f75ed8deeb40ced85af3bb683,True,True
tv2_m16_cycle_00__X__s9101,tv2_m16_cycle_00,X,9101,59,WARM_JOINT,BUDGET_EXHAUSTED,0.04901827547158252,0.049018275471582565,0.043235684464466045,0.3291919705475204,0.13133881847894213,79,78,235,236,13865,57.05161666870117,71,79,118,1.7563858187691856,0,2414,2357,7128,267696,1091.6170406341553,281561,7363,1148.6686573028564,2493,fits/tv2_m16_cycle_00__X__s9101/p058/WARM_JOINT/WINNER.json,a806f17c77b55b18a8f0345ab2a52a0d58572769a3c01834093c524e0420f7b2,31c56550a374fbbe8f892789bdbfad9aa5824e8daec8910a03cce4fb5bb525ac,False,,,669178,541,843539,92040,afaebba4ab58a667420df821062ed2417ac81707b344e74f9e91cf87cf001f6c,True,False
tv2_m16_cycle_00__X__s9101,tv2_m16_cycle_00,X,9101,60,FROZEN_LAYERWISE,CONVERGED,0.3683578754347858,0.36835787543478704,3.370740768119096e-05,5.854414629628238e-05,0.5757605125985314,4,3,10,240,600,2.5202417373657227,2,4,2,0.0,0,420,362,1144,25313,100.82921242713928,25913,1154,103.349454164505,424,fits/tv2_m16_cycle_00__X__s9101/p059/FROZEN_LAYERWISE/WINNER.json,4c78e19a427c051526348fb2649b0983a658a610c2d71e1405d27d730836d89a,1eb7a0960a2f2584315cfb64ad497925f17e5f7baaac067219fa6476335269b4,False,,,680520,541,857836,93600,e1f573485b9efa90c535caf233a7956245148ce556783236f6922b7eb04f6538,True,True
tv2_m16_cycle_00__X__s9101,tv2_m16_cycle_00,X,9101,60,WARM_JOINT,BUDGET_EXHAUSTED,0.026060764249800826,0.026060764249801117,0.04535396894041672,0.355479127553966,0.12758546261912787,80,79,238,240,14280,60.57818150520325,72,80,120,1.7832375597089316,0,2493,2435,7363,281561,1148.6686573028564,295841,7601,1209.2468388080597,2573,fits/tv2_m16_cycle_00__X__s9101/p059/WARM_JOINT/WINNER.json,31c56550a374fbbe8f892789bdbfad9aa5824e8daec8910a03cce4fb5bb525ac,29831e68bddaf27dfe8f70b38fd56c39693af9f26f3a2866933e713ad6f50740,False,,,680520,541,857836,93600,a24a955f1f792f8655a790f1d473bb4e0988abda3d0367c16704fb1e409ba863,True,False
tv2_m16_cycle_00__X__s9101,tv2_m16_cycle_00,X,9101,61,FROZEN_LAYERWISE,CONVERGED,0.36835787538327924,0.3683578753832798,3.370982231039907e-05,5.854657025895288e-05,0.5757779176696385,5,4,13,244,793,3.304670810699463,3,5,2,0.0,0,424,365,1154,25913,103.349454164505,26706,1167,106.65412497520447,429,fits/tv2_m16_cycle_00__X__s9101/p060/FROZEN_LAYERWISE/WINNER.json,1eb7a0960a2f2584315cfb64ad497925f17e5f7baaac067219fa6476335269b4,b99563e81e7cd8733e5aa58fd318b4fbcdcf890ddbb081f091d69eb878bc460c,False,,,691862,541,872133,95160,c959a2a5ba3e12ab501aa827ab337b5849e88ad82728a7ca6268a00452297da4,True,True
tv2_m16_cycle_00__X__s9101,tv2_m16_cycle_00,X,9101,61,WARM_JOINT,BUDGET_EXHAUSTED,0.017510318613561136,0.01751031861356088,0.04684392575871379,0.3562685113365059,0.13148488925665494,82,81,244,244,14884,62.30689001083374,72,82,122,1.1641113720376128,0,2573,2514,7601,295841,1209.2468388080597,310725,7845,1271.5537288188934,2655,fits/tv2_m16_cycle_00__X__s9101/p060/WARM_JOINT/WINNER.json,29831e68bddaf27dfe8f70b38fd56c39693af9f26f3a2866933e713ad6f50740,8ab223600ee00582220722e4f46656a5c532e9a7585c2c4b7d895cc0219f68d0,False,,,691862,541,872133,95160,de5e94bca2b6af7d8bf7fa5546fb54f566604373109fabda1d95ad89030b0d50,True,False
tv2_m16_cycle_00__X__s9101,tv2_m16_cycle_00,X,9101,62,FROZEN_LAYERWISE,CONVERGED,0.3683578753770834,0.3683578753770843,3.3710669065727484e-05,5.854741938011301e-05,0.5757840298111944,4,3,10,248,620,2.6318304538726807,2,4,2,0.0,0,429,369,1167,26706,106.65412497520447,27326,1177,109.28595542907715,433,fits/tv2_m16_cycle_00__X__s9101/p061/FROZEN_LAYERWISE/WINNER.json,b99563e81e7cd8733e5aa58fd318b4fbcdcf890ddbb081f091d69eb878bc460c,11eeda112e52b1c21b77c23eca01d2fef7a32095a3f1d985e79f8e33d71bd291,False,,,703204,541,886430,96720,ee5b3f0a3bd43851d6beb91dc2a91502468797ae0a98e105d8790556188f5715,True,True
tv2_m16_cycle_00__X__s9101,tv2_m16_cycle_00,X,9101,62,WARM_JOINT,BUDGET_EXHAUSTED,0.011323848665421299,0.01132384866542117,0.047262838555565484,0.3618261382008087,0.13062306330488271,83,82,247,248,15314,62.53393030166626,73,83,124,1.5959755298996492,0,2655,2595,7845,310725,1271.5537288188934,326039,8092,1334.0876591205597,2738,fits/tv2_m16_cycle_00__X__s9101/p061/WARM_JOINT/WINNER.json,8ab223600ee00582220722e4f46656a5c532e9a7585c2c4b7d895cc0219f68d0,2b99caf6fc33c43e2fa35515ad80442dc0a2f7aaa720ecf773f89d7967af135b,False,,,703204,541,886430,96720,900fc834b830317656175b2927d6c0f64e36a14209d31707e2c5bb9319e874dd,True,False
tv2_m16_cycle_00__X__s9101,tv2_m16_cycle_00,X,9101,63,FROZEN_LAYERWISE,CONVERGED,0.36835787527386604,0.36835787527386654,3.37140970585993e-05,5.8550841614069655e-05,0.5758089231376285,5,4,13,252,819,3.1726157665252686,3,5,2,0.0,0,433,372,1177,27326,109.28595542907715,28145,1190,112.45857119560242,438,fits/tv2_m16_cycle_00__X__s9101/p062/FROZEN_LAYERWISE/WINNER.json,11eeda112e52b1c21b77c23eca01d2fef7a32095a3f1d985e79f8e33d71bd291,18e382bcce3700a96958834f4d27a96e7a452702265cbb7940f0ff84a7e884f6,False,,,714546,541,900727,98280,3e7c18b8d311e325919395632802edfc948a04784b255b9bc65d64f86fe49788,True,True
tv2_m16_cycle_00__X__s9101,tv2_m16_cycle_00,X,9101,63,WARM_JOINT,BUDGET_EXHAUSTED,-0.001035338184107129,-0.0010353381841070493,0.04859223249364281,0.3701677243014462,0.13127085184247916,84,83,250,252,15750,61.945783615112305,73,84,126,1.3208629560415128,0,2738,2677,8092,326039,1334.0876591205597,341789,8342,1396.033442735672,2822,fits/tv2_m16_cycle_00__X__s9101/p062/WARM_JOINT/WINNER.json,2b99caf6fc33c43e2fa35515ad80442dc0a2f7aaa720ecf773f89d7967af135b,24387246f967024c13c68860c2d1aebd1faadb5c173731db26ae825e96de5d13,False,,,714546,541,900727,98280,8ea7b3998d33822ec8df21ca4de9781bf497889671456ca05a0cbd0c3a3307f0,True,False
tv2_m16_cycle_00__X__s9101,tv2_m16_cycle_00,X,9101,64,FROZEN_LAYERWISE,CONVERGED,0.3683578750406552,0.3683578750406553,3.371939115933102e-05,5.8556089496521955e-05,0.5758477290621301,4,3,10,256,640,2.5345773696899414,2,4,2,0.0,0,438,376,1190,28145,112.45857119560242,28785,1200,114.99314856529236,442,fits/tv2_m16_cycle_00__X__s9101/p063/FROZEN_LAYERWISE/WINNER.json,18e382bcce3700a96958834f4d27a96e7a452702265cbb7940f0ff84a7e884f6,1766b6886dfd0e0b5c26b8938032b2b804e3145228460b4bdf8624393c9e38b8,True,712644e8995019355c081f883ec7307f331814b1d19c759553b4b89fff420a02,4.1957363356048215e-16,725888,541,915024,99840,36e2f92b9a91b57e642ffd2727990c946a2d0c0f603388ca1d761874982a2eab,True,True
tv2_m16_cycle_00__X__s9101,tv2_m16_cycle_00,X,9101,64,WARM_JOINT,BUDGET_EXHAUSTED,-0.010561126305848809,-0.010561126305849024,0.049967005881166746,0.3807370931584519,0.1312375567787715,86,85,256,256,16384,64.6629593372345,80,86,128,1.1274534260483706,0,2822,2760,8342,341789,1396.033442735672,358173,8598,1460.6964020729065,2908,fits/tv2_m16_cycle_00__X__s9101/p063/WARM_JOINT/WINNER.json,24387246f967024c13c68860c2d1aebd1faadb5c173731db26ae825e96de5d13,68e75177d81de17425c64b06ff7637fc1a6d9a544509effdb02c8c1ea7b1d3d9,True,2abb397213e9f4c55b34805c8336e43c5bd287116f131e91c4d39bab67faf667,6.131407058289218e-16,725888,541,915024,99840,d1c0325b975b73a18ddf1c4b8338866474140bfbcf9f6fe22de3d1cdab78fa70,True,False
tv2_m16_cycle_00__X__s9101,tv2_m16_cycle_00,X,9101,64,RANDOM_JOINT,BUDGET_EXHAUSTED,0.2627466699943649,0.2627466699943648,0.01722566136685524,0.10371398341014348,0.1660881281430998,85,85,255,256,16320,64.62023663520813,75,85,128,4.5218387478287285,0,0,0,0,0,0.0,16320,255,64.62023663520813,85,,,1d2e7a1520f2ba13d8c8075be8fddd3efe21a038d21c74fd53c351ccc25a2e5d,True,4a3aba2ab4caf292f6bed922465c9e98a99cd4bae3800630fbb220751faecca9,7.066778860128639e-16,725888,541,915024,99840,3bcb3fcaa4004d1a4b9e8a37f8b453902de9a7aab11406b21da7691c33e900d3,False,False
tv2_m16_cycle_00__X__s9101,tv2_m16_cycle_00,X,9101,65,FROZEN_LAYERWISE,CONVERGED,0.3683578749760221,0.36835787497602257,3.372213777953178e-05,5.855880082749473e-05,0.5758679703648995,4,3,10,260,650,4.739608287811279,2,4,2,0.0,0,442,379,1200,28785,114.99314856529236,29435,1210,119.73275685310364,446,fits/tv2_m16_cycle_00__X__s9101/p064/FROZEN_LAYERWISE/WINNER.json,1766b6886dfd0e0b5c26b8938032b2b804e3145228460b4bdf8624393c9e38b8,51ee780f2f7d6f80bc4da4065b6540d69dd63a07df62caa2e0057700749041ce,False,,,737230,541,929321,101400,b23fdf040649f1505e7043e8b9b9f6dd93866300f3bea02ea9879d2b69769ce4,True,True
tv2_m16_cycle_00__X__s9101,tv2_m16_cycle_00,X,9101,65,WARM_JOINT,BUDGET_EXHAUSTED,-0.011703698578042786,-0.011703698578043702,0.05023705333993059,0.38303146514076847,0.13115646601374614,87,86,259,260,16835,66.04284286499023,75,87,130,0.4235757047308577,0,2908,2845,8598,358173,1460.6964020729065,375008,8857,1526.7392449378967,2995,fits/tv2_m16_cycle_00__X__s9101/p064/WARM_JOINT/WINNER.json,68e75177d81de17425c64b06ff7637fc1a6d9a544509effdb02c8c1ea7b1d3d9,43d85a2f63e05280ca2318f8a258cc22306a19a0f1b4c1a3d3aa2e28d991dbb8,False,,,737230,541,929321,101400,56f63ccac24d499df413d9529b7410ccbe3e417f89710604e9c36ad8d60a6a5a,True,False
tv2_m16_cycle_00__X__s9101,tv2_m16_cycle_00,X,9101,66,FROZEN_LAYERWISE,CONVERGED,0.3683578748321454,0.3683578748321442,3.3726336701225835e-05,5.8562919556479694e-05,0.5758991689049796,4,3,10,264,660,2.5659430027008057,2,4,2,0.0,0,446,382,1210,29435,119.73275685310364,30095,1220,122.29869985580444,450,fits/tv2_m16_cycle_00__X__s9101/p065/FROZEN_LAYERWISE/WINNER.json,51ee780f2f7d6f80bc4da4065b6540d69dd63a07df62caa2e0057700749041ce,04958df471173b609382ae1e8f32640d709bdbe6f233f1075f107fb19458aa77,False,,,748572,541,943618,102960,e519fd63e7e4dcf42db156707b552b78dad4441df244defd832f77c5ace01381,True,True
tv2_m16_cycle_00__X__s9101,tv2_m16_cycle_00,X,9101,66,WARM_JOINT,BUDGET_EXHAUSTED,-0.011828322177170399,-0.011828322177170864,0.05028207152857831,0.3832525204239173,0.13119828011296858,88,87,262,264,17292,72.25138926506042,78,88,132,0.5587531504990642,0,2995,2931,8857,375008,1526.7392449378967,392300,9119,1598.9906342029572,3083,fits/tv2_m16_cycle_00__X__s9101/p065/WARM_JOINT/WINNER.json,43d85a2f63e05280ca2318f8a258cc22306a19a0f1b4c1a3d3aa2e28d991dbb8,e5d73e1bab70ca70196a75d2a2c4a8c196abd7c785a0fd977f958f620bb850aa,False,,,748572,541,943618,102960,1833f6f52ff065e86ee43024a47834cae8f36fbffb2ab24d92130917ee20cab0,True,False
tv2_m16_cycle_00__X__s9101,tv2_m16_cycle_00,X,9101,67,FROZEN_LAYERWISE,CONVERGED,0.3683578745792986,0.36835787457929825,3.3720979688289365e-05,5.8557622732216564e-05,0.5758597790503736,4,3,10,268,670,2.902679681777954,2,4,2,0.0,0,450,385,1220,30095,122.29869985580444,30765,1230,125.2013795375824,454,fits/tv2_m16_cycle_00__X__s9101/p066/FROZEN_LAYERWISE/WINNER.json,04958df471173b609382ae1e8f32640d709bdbe6f233f1075f107fb19458aa77,bc1f2774859b6d619c896619f35e2ab38a51ba78281a2ee973e302661f6c6b3d,False,,,759914,541,957915,104520,ea092ac688bbefc6db484e473179750b203eda84e779516df934a54f181ac9b0,True,True
tv2_m16_cycle_00__X__s9101,tv2_m16_cycle_00,X,9101,67,WARM_JOINT,BUDGET_EXHAUSTED,-0.011891810424474625,-0.011891810424474548,0.050281457578870016,0.3830600954844503,0.13126258300353583,90,89,268,268,17956,71.78987741470337,83,90,134,0.24673028474046887,0,3083,3018,9119,392300,1598.9906342029572,410256,9387,1670.7805116176605,3173,fits/tv2_m16_cycle_00__X__s9101/p066/WARM_JOINT/WINNER.json,e5d73e1bab70ca70196a75d2a2c4a8c196abd7c785a0fd977f958f620bb850aa,ef4978ae9336529879780c84b0a6b69f764a987eb28dbb85e8b129f70adf31fa,False,,,759914,541,957915,104520,ed57b0acf79af5c9e8d8f8b4f2304c2c21d848796bc570fd57c9ecfffe3bd391,True,False
tv2_m16_cycle_00__X__s9101,tv2_m16_cycle_00,X,9101,68,FROZEN_LAYERWISE,CONVERGED,0.36835787438183343,0.36835787438183354,3.371631422310954e-05,5.855297867876758e-05,0.5758257732383428,4,3,10,272,680,2.678457498550415,2,4,2,0.0,0,454,388,1230,30765,125.2013795375824,31445,1240,127.87983703613281,458,fits/tv2_m16_cycle_00__X__s9101/p067/FROZEN_LAYERWISE/WINNER.json,bc1f2774859b6d619c896619f35e2ab38a51ba78281a2ee973e302661f6c6b3d,4eec0e91d274249f0a7bb9bd7009746f961785ac77ba39fa26ce6dcedbd044fe,False,,,771256,541,972212,106080,a459ee4c1033f86ac83c23f56b104ddda6745e82a47f6ed53b20abbf48462577,True,True
tv2_m16_cycle_00__X__s9101,tv2_m16_cycle_00,X,9101,68,WARM_JOINT,BUDGET_EXHAUSTED,-0.011939616745427673,-0.011939616745426443,0.05032300983772253,0.3832520650980236,0.13130525421918213,91,90,271,272,18428,74.91992092132568,82,91,136,0.28278086312838857,0,3173,3107,9387,410256,1670.7805116176605,428684,9658,1745.7004325389862,3264,fits/tv2_m16_cycle_00__X__s9101/p067/WARM_JOINT/WINNER.json,ef4978ae9336529879780c84b0a6b69f764a987eb28dbb85e8b129f70adf31fa,00893c6567adb82c0f65ed163c8f3da90680db7196110c2eb08aaa9b8cd15d68,False,,,771256,541,972212,106080,c90ca7100f0cdcb4de0b5a14bb8bef0fa2b279c957179adf1597b716ebdf5581,True,False
tv2_m16_cycle_00__X__s9101,tv2_m16_cycle_00,X,9101,69,FROZEN_LAYERWISE,CONVERGED,0.3683578741813964,0.36835787418139676,3.3711545931183855e-05,5.854820261480362e-05,0.5757913040128078,4,3,10,276,690,2.912146806716919,2,4,2,0.0,0,458,391,1240,31445,127.87983703613281,32135,1250,130.79198384284973,462,fits/tv2_m16_cycle_00__X__s9101/p068/FROZEN_LAYERWISE/WINNER.json,4eec0e91d274249f0a7bb9bd7009746f961785ac77ba39fa26ce6dcedbd044fe,5cddc0e9d3ba96f72337b8c54a3e1ae9e0ffc08a75ca2b815f1214727217d4d8,False,,,782598,541,986509,107640,c96507d8ed44ec4a636fb0d0ed089c937ee12701f2316625eb4c1618e634e81a,True,True
tv2_m16_cycle_00__X__s9101,tv2_m16_cycle_00,X,9101,69,WARM_JOINT,BUDGET_EXHAUSTED,-0.01196278353423839,-0.011962783534238589,0.050358334106585766,0.3830458365883351,0.1314681672436675,92,91,274,276,18906,76.32368731498718,86,92,138,0.12376606811775437,0,3264,3197,9658,428684,1745.7004325389862,447590,9932,1822.0241198539734,3356,fits/tv2_m16_cycle_00__X__s9101/p068/WARM_JOINT/WINNER.json,00893c6567adb82c0f65ed163c8f3da90680db7196110c2eb08aaa9b8cd15d68,b681835839f0c66d918766386847f38c929429a3c1adc6b6f2e2ae050f66fb2e,False,,,782598,541,986509,107640,4701015782d295261d4adcafe4b618783a2e1ca468fffb2fb1f6d4c098965f0a,True,False
tv2_m16_cycle_00__X__s9101,tv2_m16_cycle_00,X,9101,70,FROZEN_LAYERWISE,CONVERGED,0.3683578734525256,0.36835787345252546,3.37025917237398e-05,5.853913250846109e-05,0.5757275565856483,4,3,10,280,700,2.875209331512451,2,4,2,0.0,0,462,394,1250,32135,130.79198384284973,32835,1260,133.66719317436218,466,fits/tv2_m16_cycle_00__X__s9101/p069/FROZEN_LAYERWISE/WINNER.json,5cddc0e9d3ba96f72337b8c54a3e1ae9e0ffc08a75ca2b815f1214727217d4d8,937fe72cb9d0cdd9228d6e7641a7d0e88336fd0790a8dc14256dd44602b8785e,False,,,793940,541,1000806,109200,c703f6794c0a4b1f859b3770343e488cfeb8c2b9421ef0969b8ebe20abc114b7,True,True
tv2_m16_cycle_00__X__s9101,tv2_m16_cycle_00,X,9101,70,WARM_JOINT,BUDGET_EXHAUSTED,-0.011973760667636842,-0.011973760667637098,0.050353538418318224,0.3830982688888875,0.13143765583791397,94,93,280,280,19600,80.22544932365417,84,94,140,0.1144882710096149,0,3356,3288,9932,447590,1822.0241198539734,467190,10212,1902.2495691776276,3450,fits/tv2_m16_cycle_00__X__s9101/p069/WARM_JOINT/WINNER.json,b681835839f0c66d918766386847f38c929429a3c1adc6b6f2e2ae050f66fb2e,2e0044e328f21a3beae32044cce87f3835a71ff443b07d7148e8272bfca4e281,False,,,793940,541,1000806,109200,21c71b66fc5d5ce1f2282684301ae86bdd68a8b490ce52c92718fffadecb5f10,True,False
tv2_m16_cycle_00__X__s9101,tv2_m16_cycle_00,X,9101,71,FROZEN_LAYERWISE,CONVERGED,0.36835787334463155,0.3683578733446317,3.369916752518406e-05,5.853564987304159e-05,0.5757033123963675,4,3,10,284,710,2.8813021183013916,2,4,2,0.0,0,466,397,1260,32835,133.66719317436218,33545,1270,136.54849529266357,470,fits/tv2_m16_cycle_00__X__s9101/p070/FROZEN_LAYERWISE/WINNER.json,937fe72cb9d0cdd9228d6e7641a7d0e88336fd0790a8dc14256dd44602b8785e,62cccd42f4cb9bc8836fb9c3a164b8a1c5d931e4017c247ce3883487dc4c74ff,False,,,805282,541,1015103,110760,e06ec81212fb90598c0b584d71423c4c764ba9b4cca09d949b51f5d51be3566a,True,True
tv2_m16_cycle_00__X__s9101,tv2_m16_cycle_00,X,9101,71,WARM_JOINT,BUDGET_EXHAUSTED,-0.011980259326733855,-0.01198025932673457,0.050372167339587964,0.3829993350464896,0.13152024750506067,95,94,283,284,20093,81.73586106300354,85,95,142,0.10349242365074529,0,3450,3381,10212,467190,1902.2495691776276,487283,10495,1983.985430240631,3545,fits/tv2_m16_cycle_00__X__s9101/p070/WARM_JOINT/WINNER.json,2e0044e328f21a3beae32044cce87f3835a71ff443b07d7148e8272bfca4e281,48b0756ec3dc82a9b397479ac93653e5e10f1f4f99a6a0ee4808feff328df4d0,False,,,805282,541,1015103,110760,4b79845979814ada24afd6488c6e4f816d4532d3ee307af86c0efd02e8dcb1f1,True,False
tv2_m16_cycle_00__X__s9101,tv2_m16_cycle_00,X,9101,72,FROZEN_LAYERWISE,CONVERGED,0.36835787310469836,0.3683578731046981,3.370434252423993e-05,5.8540880755165704e-05,0.5757402705504363,5,4,13,288,936,3.8535733222961426,3,5,2,0.0,0,470,400,1270,33545,136.54849529266357,34481,1283,140.40206861495972,475,fits/tv2_m16_cycle_00__X__s9101/p071/FROZEN_LAYERWISE/WINNER.json,62cccd42f4cb9bc8836fb9c3a164b8a1c5d931e4017c247ce3883487dc4c74ff,1a05f42b9063a1a2e47cbd7402a409a402f5a48f345ded3870e1ca9507e270ce,False,,,816624,541,1029400,112320,10abd8b3f49e17225045ad37ff9165ce0b286da1782908707eaf5520251dd808,True,True
tv2_m16_cycle_00__X__s9101,tv2_m16_cycle_00,X,9101,72,WARM_JOINT,BUDGET_EXHAUSTED,-0.011983576607323278,-0.011983576607322834,0.05035389600607672,0.38300483894310416,0.1314706522900011,96,95,286,288,20592,84.2562346458435,84,96,144,0.048396833101417513,0,3545,3475,10495,487283,1983.985430240631,507875,10781,2068.2416648864746,3641,fits/tv2_m16_cycle_00__X__s9101/p071/WARM_JOINT/WINNER.json,48b0756ec3dc82a9b397479ac93653e5e10f1f4f99a6a0ee4808feff328df4d0,a5d2dcfa894258717dbee56489f0f88e017995a37f268d9d062f8acdd6354086,False,,,816624,541,1029400,112320,306c35a6a779c81ac679fe8c4b4b655a3ff11b96255933a18484fe467752af88,True,False
tv2_m16_cycle_00__X__s9101,tv2_m16_cycle_00,X,9101,73,FROZEN_LAYERWISE,CONVERGED,0.36835787286038063,0.36835787286038146,3.3709780276073624e-05,5.854634165528071e-05,0.5757794479210316,4,3,10,292,730,2.8971714973449707,2,4,2,0.0,0,475,404,1283,34481,140.40206861495972,35211,1293,143.2992401123047,479,fits/tv2_m16_cycle_00__X__s9101/p072/FROZEN_LAYERWISE/WINNER.json,1a05f42b9063a1a2e47cbd7402a409a402f5a48f345ded3870e1ca9507e270ce,8deddad777ead2567c69cfa2d6fd3797391b1e0d5df81fe45848ca5c722b7e56,False,,,827966,541,1043697,113880,d64fcf62dd99993357bbc44c7d91878e1be83ecb879cab43da1341e0c9a94eac,True,True
tv2_m16_cycle_00__X__s9101,tv2_m16_cycle_00,X,9101,73,WARM_JOINT,BUDGET_EXHAUSTED,-0.011986080496369199,-0.011986080496368692,0.05037687099615918,0.382938582289798,0.13155339609534375,98,97,292,292,21316,85.5053448677063,87,98,146,0.06831111132139855,0,3641,3570,10781,507875,2068.2416648864746,529191,11073,2153.747009754181,3739,fits/tv2_m16_cycle_00__X__s9101/p072/WARM_JOINT/WINNER.json,a5d2dcfa894258717dbee56489f0f88e017995a37f268d9d062f8acdd6354086,79ebace680e2b1c1fab737f41894c9333046a90d973ca3109cfaf7c43b49da6a,False,,,827966,541,1043697,113880,b85132cdc60f44d5d95a797bf0e1dd07e53bd59ebbdba1bef74e01a245dcbba0,True,False
tv2_m16_cycle_00__X__s9101,tv2_m16_cycle_00,X,9101,74,FROZEN_LAYERWISE,CONVERGED,0.36835787284413324,0.3683578728441328,3.37086856525938e-05,5.85452407016021e-05,0.5757715785029023,4,3,10,296,740,3.0293850898742676,2,4,2,0.0,0,479,407,1293,35211,143.2992401123047,35951,1303,146.32862520217896,483,fits/tv2_m16_cycle_00__X__s9101/p073/FROZEN_LAYERWISE/WINNER.json,8deddad777ead2567c69cfa2d6fd3797391b1e0d5df81fe45848ca5c722b7e56,d6a8697edd2cb7f9a3695ac37edd7872344c9eea8e68374eb153f8006b75d363,False,,,839308,541,1057994,115440,11ee95ef7d6b96fa7828770564e1e1e406b6331f1ca7241320dab6d1c5c6a926,True,True
tv2_m16_cycle_00__X__s9101,tv2_m16_cycle_00,X,9101,74,WARM_JOINT,BUDGET_EXHAUSTED,-0.011989723175560116,-0.011989723175559727,0.05037481088974473,0.3829254587037163,0.1315525247662407,99,98,295,296,21830,90.87732410430908,88,99,148,0.0794034615834085,0,3739,3667,11073,529191,2153.747009754181,551021,11368,2244.62433385849,3838,fits/tv2_m16_cycle_00__X__s9101/p073/WARM_JOINT/WINNER.json,79ebace680e2b1c1fab737f41894c9333046a90d973ca3109cfaf7c43b49da6a,17b5b1604b3ad3a51cff06f79e9e59dd26038ddb4b3df5cebeed348ced6be777,False,,,839308,541,1057994,115440,d04d9e144fe7791bf5f4d93c668bea803f22d78582b640a637a1fd6ae57ac058,True,False
tv2_m16_cycle_00__X__s9101,tv2_m16_cycle_00,X,9101,75,FROZEN_LAYERWISE,CONVERGED,0.3683578727552077,0.3683578727552071,3.37055300259318e-05,5.854205552517074e-05,0.5757490016974168,4,3,10,300,750,2.911827802658081,2,4,2,0.0,0,483,410,1303,35951,146.32862520217896,36701,1313,149.24045300483704,487,fits/tv2_m16_cycle_00__X__s9101/p074/FROZEN_LAYERWISE/WINNER.json,d6a8697edd2cb7f9a3695ac37edd7872344c9eea8e68374eb153f8006b75d363,b69b4e547da771c7b86f82aef0386fb731bc51369d628437889e86d02264b0ff,False,,,850650,541,1072291,117000,a485f39be23b1a034127821c40f950db2081a271a7acdbb5a7e3ef1765849074,True,True
tv2_m16_cycle_00__X__s9101,tv2_m16_cycle_00,X,9101,75,WARM_JOINT,BUDGET_EXHAUSTED,-0.01399953792178893,-0.013999537921789207,0.05092008080102764,0.38606538586015093,0.13189496563536268,100,99,298,300,22350,90.60295414924622,82,100,150,0.6888006125040285,0,3838,3765,11368,551021,2244.62433385849,573371,11666,2335.227288007736,3938,fits/tv2_m16_cycle_00__X__s9101/p074/WARM_JOINT/WINNER.json,17b5b1604b3ad3a51cff06f79e9e59dd26038ddb4b3df5cebeed348ced6be777,8979da4895947312400a771cae12dea8232365f5ce989327f187a36dd2235f7d,False,,,850650,541,1072291,117000,8baa9038e4c5a04f6cc27accac105de74c33915eb348359f3aab882849d06641,True,False
tv2_m16_cycle_00__X__s9101,tv2_m16_cycle_00,X,9101,76,FROZEN_LAYERWISE,CONVERGED,0.368357871038268,0.36835787103826767,3.36920603735617e-05,5.8528237799444096e-05,0.5756547888732387,4,3,10,304,760,3.1216390132904053,2,4,2,0.0,0,487,413,1313,36701,149.24045300483704,37461,1323,152.36209201812744,491,fits/tv2_m16_cycle_00__X__s9101/p075/FROZEN_LAYERWISE/WINNER.json,b69b4e547da771c7b86f82aef0386fb731bc51369d628437889e86d02264b0ff,393068eccf111082b135be80565cb15ebd264b2b013d5ad8c4a1895c3b83325d,False,,,861992,541,1086588,118560,6e6f9245651a5fa36d1de80141b90c973fc07d215aa8d8afc5d06c0d27884243,True,True
tv2_m16_cycle_00__X__s9101,tv2_m16_cycle_00,X,9101,76,WARM_JOINT,BUDGET_EXHAUSTED,-0.017030816190770896,-0.01703081619077161,0.05060248898280318,0.3877434667223445,0.1305050718469968,102,101,304,304,23104,94.37286448478699,92,102,152,0.6499324173637742,0,3938,3864,11666,573371,2335.227288007736,596475,11970,2429.600152492523,4040,fits/tv2_m16_cycle_00__X__s9101/p075/WARM_JOINT/WINNER.json,8979da4895947312400a771cae12dea8232365f5ce989327f187a36dd2235f7d,e55ed38bdf2e8e7cf2fae6601091379748cb2fb18d1635a1c19687fe337aa547,False,,,861992,541,1086588,118560,f9092144f631133e127435b962bc8cb55e00c43a276fb40219d79ffd2fe8150a,True,False
tv2_m16_cycle_00__X__s9101,tv2_m16_cycle_00,X,9101,77,FROZEN_LAYERWISE,CONVERGED,0.3683578704712148,0.3683578704712146,3.369999551459671e-05,5.8536303830232075e-05,0.5757110256283686,4,3,10,308,770,3.109327793121338,2,4,2,0.0,0,491,416,1323,37461,152.36209201812744,38231,1333,155.47141981124878,495,fits/tv2_m16_cycle_00__X__s9101/p076/FROZEN_LAYERWISE/WINNER.json,393068eccf111082b135be80565cb15ebd264b2b013d5ad8c4a1895c3b83325d,6bda528bdce4ddc76339c8db75360c94bb13d7a0361e20d73691cb93c8d24540,False,,,873334,541,1100885,120120,ea5d1cb07f27941d482f18adb172c08bb0cd0dd997bce3eff22805eb2851324d,True,True
tv2_m16_cycle_00__X__s9101,tv2_m16_cycle_00,X,9101,77,WARM_JOINT,BUDGET_EXHAUSTED,-0.031012036094404827,-0.031012036094404553,0.05074194108786238,0.4005244410782705,0.12668875075702657,103,102,307,308,23639,94.34289360046387,87,103,154,1.5471612365512253,0,4040,3965,11970,596475,2429.600152492523,620114,12277,2523.943046092987,4143,fits/tv2_m16_cycle_00__X__s9101/p076/WARM_JOINT/WINNER.json,e55ed38bdf2e8e7cf2fae6601091379748cb2fb18d1635a1c19687fe337aa547,927718ca3e4538ceab10617fd7e56d072c4b164a36ebcecb22e9e56b7e0308ec,False,,,873334,541,1100885,120120,4e2e663b681848ecf7de74cbe27ba5445be0318c05db22a943239c732166cfe1,True,False
tv2_m16_cycle_00__X__s9101,tv2_m16_cycle_00,X,9101,78,FROZEN_LAYERWISE,CONVERGED,0.3683578703225894,0.36835787032258943,3.370411635985736e-05,5.854047215739526e-05,0.5757404256876942,4,3,10,312,780,3.169374465942383,2,4,2,0.0,0,495,419,1333,38231,155.47141981124878,39011,1343,158.64079427719116,499,fits/tv2_m16_cycle_00__X__s9101/p077/FROZEN_LAYERWISE/WINNER.json,6bda528bdce4ddc76339c8db75360c94bb13d7a0361e20d73691cb93c8d24540,930b8bbb1d70baebc06071de318fa3b44fa215433ce9d81010f59bcb3246ddbd,False,,,884676,541,1115182,121680,452f93032f93e5a471e0045789919a7b8e025dcf990cb910d9422c9c75d92adb,True,True
tv2_m16_cycle_00__X__s9101,tv2_m16_cycle_00,X,9101,78,WARM_JOINT,BUDGET_EXHAUSTED,-0.0465617362633811,-0.04656173626338027,0.053692540696975044,0.42721291273056355,0.12568098738822084,104,103,310,312,24180,97.83044862747192,96,104,156,1.910725011708624,0,4143,4067,12277,620114,2523.943046092987,644294,12587,2621.773494720459,4247,fits/tv2_m16_cycle_00__X__s9101/p077/WARM_JOINT/WINNER.json,927718ca3e4538ceab10617fd7e56d072c4b164a36ebcecb22e9e56b7e0308ec,ffe5c7fb36a7a87a9f9dda534c98c35643699f93c94a3304a8877305219a0fae,False,,,884676,541,1115182,121680,458dd7825cee73660fcdd4032230e5a27d558c44743e7987611c33b65a8311b0,True,False
tv2_m16_cycle_00__X__s9101,tv2_m16_cycle_00,X,9101,79,FROZEN_LAYERWISE,CONVERGED,0.3683578700727,0.3683578700726995,3.3709457189776745e-05,5.8545839008316574e-05,0.5757788727733193,4,3,10,316,790,3.134019613265991,2,4,2,0.0,0,499,422,1343,39011,158.64079427719116,39801,1353,161.77481389045715,503,fits/tv2_m16_cycle_00__X__s9101/p078/FROZEN_LAYERWISE/WINNER.json,930b8bbb1d70baebc06071de318fa3b44fa215433ce9d81010f59bcb3246ddbd,30941edada756708a2aaee300add376df8cd5c01515a4e8c8d0fd91950617739,False,,,896018,541,1129479,123240,0f8cae0241b4399a9cb6d7e1bb75d2c92f0e301e4cda57ce89fce362b496edf7,True,True
tv2_m16_cycle_00__X__s9101,tv2_m16_cycle_00,X,9101,79,WARM_JOINT,BUDGET_EXHAUSTED,-0.05912337090895177,-0.05912337090895315,0.058105654613072516,0.4459973555063868,0.13028250929223376,106,105,316,316,24964,101.17096161842346,100,106,158,1.891773149586359,0,4247,4170,12587,644294,2621.773494720459,669258,12903,2722.9444563388824,4353,fits/tv2_m16_cycle_00__X__s9101/p078/WARM_JOINT/WINNER.json,ffe5c7fb36a7a87a9f9dda534c98c35643699f93c94a3304a8877305219a0fae,3049048c46fc3085e1dfe794e43c7a6c232543d64a95f7db59e9d6553decb50f,False,,,896018,541,1129479,123240,0fed106ee1818e6b435c74d1d68aa95d2cb308e4b419f59a636516d344e33590,True,False
tv2_m16_cycle_00__X__s9101,tv2_m16_cycle_00,X,9101,80,FROZEN_LAYERWISE,CONVERGED,0.36835787004573395,0.36835787004573367,3.371123804446961e-05,5.854762450785038e-05,0.5757917307123097,4,3,10,320,800,3.380078077316284,2,4,2,0.0,0,503,425,1353,39801,161.77481389045715,40601,1363,165.15489196777344,507,fits/tv2_m16_cycle_00__X__s9101/p079/FROZEN_LAYERWISE/WINNER.json,30941edada756708a2aaee300add376df8cd5c01515a4e8c8d0fd91950617739,44b50f9416cf8678399aac5225ca38eb5b25a309b94c64a7d479f9ac58551212,False,,,907360,541,1143776,124800,99ca498d0d000995d9f5cfc6cd8e392bf7699f39e4b387e13eb5e925b6b0e8fc,True,True
tv2_m16_cycle_00__X__s9101,tv2_m16_cycle_00,X,9101,80,WARM_JOINT,BUDGET_EXHAUSTED,-0.09385110391382735,-0.09385110391382812,0.06299949028906476,0.4911625821495725,0.1282660621526737,107,106,319,320,25520,106.07529830932617,99,107,160,1.9817803115434836,0,4353,4275,12903,669258,2722.9444563388824,694778,13222,2829.0197546482086,4460,fits/tv2_m16_cycle_00__X__s9101/p079/WARM_JOINT/WINNER.json,3049048c46fc3085e1dfe794e43c7a6c232543d64a95f7db59e9d6553decb50f,1b5e4d5389b130f48514c93529ad0d7f9c3bc362aa3677fa3276be398806b223,False,,,907360,541,1143776,124800,b2fe53beaf1bbc0f733527812c9d4ff474a1451d62636acbdaa3c469e0c4b76f,True,False
tv2_m16_cycle_00__X__s9101,tv2_m16_cycle_00,X,9101,81,FROZEN_LAYERWISE,CONVERGED,0.36835786978638974,0.3683578697863896,3.371667598614215e-05,5.855303742142417e-05,0.5758313739298082,5,4,13,324,1053,4.3537352085113525,3,5,2,0.0,0,507,428,1363,40601,165.15489196777344,41654,1376,169.5086271762848,512,fits/tv2_m16_cycle_00__X__s9101/p080/FROZEN_LAYERWISE/WINNER.json,44b50f9416cf8678399aac5225ca38eb5b25a309b94c64a7d479f9ac58551212,3c0d29e182f5c9fd54ad3bf9ec6800f557dae5bc0267719624357c1582b23663,False,,,918702,541,1158073,126360,3fd562584db75ff03911a272db6464dbd9f01d1f29cf9d49068237e462008488,True,True
tv2_m16_cycle_00__X__s9101,tv2_m16_cycle_00,X,9101,81,WARM_JOINT,BUDGET_EXHAUSTED,-0.14104437522155838,-0.14104437522155885,0.0688864580177198,0.5315162871477749,0.12960366348767716,108,107,322,324,26082,106.3998589515686,98,108,162,1.1768762347349928,0,4460,4381,13222,694778,2829.0197546482086,720860,13544,2935.419613599777,4568,fits/tv2_m16_cycle_00__X__s9101/p080/WARM_JOINT/WINNER.json,1b5e4d5389b130f48514c93529ad0d7f9c3bc362aa3677fa3276be398806b223,a8cf62acfa12fee2cc4b839a6135db4259b9f79918418c08c73d730fbdadf218,False,,,918702,541,1158073,126360,1a0f5e657bab35a743c1bdb09f20a323a3c8c15e04ad870cd0c39e659be3745d,True,False
tv2_m16_cycle_00__X__s9101,tv2_m16_cycle_00,X,9101,82,FROZEN_LAYERWISE,CONVERGED,0.36835786978638974,0.36835786978638957,3.371667598614215e-05,5.8553037421424154e-05,0.5758313739298083,4,3,10,328,820,3.379720687866211,2,1,2,0.0,0,512,432,1376,41654,169.5086271762848,42474,1386,172.888347864151,516,fits/tv2_m16_cycle_00__X__s9101/p081/FROZEN_LAYERWISE/WINNER.json,3c0d29e182f5c9fd54ad3bf9ec6800f557dae5bc0267719624357c1582b23663,aaae97e958d626242dc23a5eb7a5838251dc5c542a03f691e4efced217fbc011,False,,,930044,541,1172370,127920,f4c217a84e65bd29d4928c736965a0ce14fc939e9134c38c719bacd84c69b786,True,True
tv2_m16_cycle_00__X__s9101,tv2_m16_cycle_00,X,9101,82,WARM_JOINT,BUDGET_EXHAUSTED,-0.1992667039841207,-0.19926670398412036,0.07026445030288453,0.5693786213838621,0.12340549445307297,110,109,328,328,26896,112.6849594116211,105,110,164,2.0488014801580374,0,4568,4488,13544,720860,2935.419613599777,747756,13872,3048.1045730113983,4678,fits/tv2_m16_cycle_00__X__s9101/p081/WARM_JOINT/WINNER.json,a8cf62acfa12fee2cc4b839a6135db4259b9f79918418c08c73d730fbdadf218,6a48b77d7e3de72c21a42b814797fb3e98e782cd60e9155d29345fc4b7c3b1a5,False,,,930044,541,1172370,127920,b1fc24bf6d63d2839db978a2115ef7e1ec3575cab33b3c82aacc9214fc5a6a63,True,False
tv2_m16_cycle_00__X__s9101,tv2_m16_cycle_00,X,9101,83,FROZEN_LAYERWISE,CONVERGED,0.3683578697180656,0.36835786971806683,3.3713915219994796e-05,5.855027906594049e-05,0.5758113497977613,4,3,10,332,830,3.320584535598755,2,4,2,0.0,0,516,435,1386,42474,172.888347864151,43304,1396,176.20893239974976,520,fits/tv2_m16_cycle_00__X__s9101/p082/FROZEN_LAYERWISE/WINNER.json,aaae97e958d626242dc23a5eb7a5838251dc5c542a03f691e4efced217fbc011,46f83ef27e4c78014216deb79b786be4e965a8b4d1f28dcd680a4082a7895333,False,,,941386,541,1186667,129480,3011c5c6a2c806b1ce50ecc652a388e48e104ec4c035bc81f02a5769dac88bf7,True,True
tv2_m16_cycle_00__X__s9101,tv2_m16_cycle_00,X,9101,83,WARM_JOINT,BUDGET_EXHAUSTED,-0.2597351946384583,-0.25973519463845884,0.08227900299260556,0.6177650726330697,0.1331881756310887,111,110,331,332,27473,111.20716643333435,103,111,166,2.629972456334226,0,4678,4597,13872,747756,3048.1045730113983,775229,14203,3159.3117394447327,4789,fits/tv2_m16_cycle_00__X__s9101/p082/WARM_JOINT/WINNER.json,6a48b77d7e3de72c21a42b814797fb3e98e782cd60e9155d29345fc4b7c3b1a5,008adada0d46f3ab1cbff76a182cf4d5cb3f6f858271a44c7dfcef8d0c49a2ea,False,,,941386,541,1186667,129480,7e98b2bf21187eb5ac4a480db1d9e9c230d81e582253d6ea54e58191ffc6c001,True,False
tv2_m16_cycle_00__X__s9101,tv2_m16_cycle_00,X,9101,84,FROZEN_LAYERWISE,CONVERGED,0.36835786955039773,0.3683578695503976,3.371845467023329e-05,5.855478756453454e-05,0.5758445393226204,4,3,10,336,840,3.3359768390655518,2,4,2,0.0,0,520,438,1396,43304,176.20893239974976,44144,1406,179.5449092388153,524,fits/tv2_m16_cycle_00__X__s9101/p083/FROZEN_LAYERWISE/WINNER.json,46f83ef27e4c78014216deb79b786be4e965a8b4d1f28dcd680a4082a7895333,d6f8ca2a6e839cee16faba22a3c43eed923f92dfa03cc84f5ac44ceb2aa8adca,False,,,952728,541,1200964,131040,cbf3a5ae757190f8ab0a2d26bbc94df4f957c049bc72f4add84cbc01244254f2,True,True
tv2_m16_cycle_00__X__s9101,tv2_m16_cycle_00,X,9101,84,WARM_JOINT,BUDGET_EXHAUSTED,-0.3128512086287213,-0.3128512086287227,0.08318075698542604,0.6647690318326444,0.125127304375344,112,111,334,336,28056,112.9365165233612,103,112,168,1.585232244202266,0,4789,4707,14203,775229,3159.3117394447327,803285,14537,3272.248255968094,4901,fits/tv2_m16_cycle_00__X__s9101/p083/WARM_JOINT/WINNER.json,008adada0d46f3ab1cbff76a182cf4d5cb3f6f858271a44c7dfcef8d0c49a2ea,c200d0981982316661a9c5dd0c7409fff3b3b9ddf539686f60df77bd43a16515,False,,,952728,541,1200964,131040,a4ae2f038ec190a0ee7022346455e5de4fdf273600b97cdc1e14f15ffa41db5b,True,False
tv2_m16_cycle_00__X__s9101,tv2_m16_cycle_00,X,9101,85,FROZEN_LAYERWISE,CONVERGED,0.36835786936661796,0.36835786936661896,3.372320029593793e-05,5.855946849534204e-05,0.5758795488149001,4,3,10,340,850,3.399153709411621,2,4,2,0.0,0,524,441,1406,44144,179.5449092388153,44994,1416,182.94406294822693,528,fits/tv2_m16_cycle_00__X__s9101/p084/FROZEN_LAYERWISE/WINNER.json,d6f8ca2a6e839cee16faba22a3c43eed923f92dfa03cc84f5ac44ceb2aa8adca,a75f3dc5964211ede7b9da34dac6f26889deb053807dedf1d4545884462db4fd,False,,,964070,541,1215261,132600,d1ecb6dd1586640499d7a509357cd5c0fc22a1836aea345fe589bd3103076be7,True,True
tv2_m16_cycle_00__X__s9101,tv2_m16_cycle_00,X,9101,85,WARM_JOINT,BUDGET_EXHAUSTED,-0.35639151126909924,-0.3563915112690996,0.0883894545015333,0.7028433504178824,0.125759821799524,114,113,340,340,28900,117.15105819702148,107,114,170,1.8152392545851594,0,4901,4818,14537,803285,3272.248255968094,832185,14877,3389.3993141651154,5015,fits/tv2_m16_cycle_00__X__s9101/p084/WARM_JOINT/WINNER.json,c200d0981982316661a9c5dd0c7409fff3b3b9ddf539686f60df77bd43a16515,29938e751c8ee011deea57f5c95c9680a662e04358470cb91adb759188b6725f,False,,,964070,541,1215261,132600,fcd146f2c165e1bbb6ba5ab0bc71d5be4856925fe94a3ffbef72c484a3a716be,True,False
tv2_m16_cycle_00__X__s9101,tv2_m16_cycle_00,X,9101,86,FROZEN_LAYERWISE,CONVERGED,0.3683578693493689,0.3683578693493683,3.3721881136308575e-05,5.855816493210407e-05,0.5758698411298885,4,3,10,344,860,3.448903799057007,2,4,2,0.0,0,528,444,1416,44994,182.94406294822693,45854,1426,186.39296674728394,532,fits/tv2_m16_cycle_00__X__s9101/p085/FROZEN_LAYERWISE/WINNER.json,a75f3dc5964211ede7b9da34dac6f26889deb053807dedf1d4545884462db4fd,4d0b743cc7bb1b02f557c338375b610d03892556e6f9745fe78052232598b02a,False,,,975412,541,1229558,134160,6340bc0ca53e4d4ed11ab7e3585fc2383ccf1c02f3f02673dd5f02e58fe5232c,True,True
tv2_m16_cycle_00__X__s9101,tv2_m16_cycle_00,X,9101,86,WARM_JOINT,BUDGET_EXHAUSTED,-0.3834747113553149,-0.38347471135531375,0.09365602451851594,0.7258847225957458,0.12902327546391157,115,114,343,344,29498,116.98030090332031,106,115,172,1.406984295123596,0,5015,4931,14877,832185,3389.3993141651154,861683,15220,3506.3796150684357,5130,fits/tv2_m16_cycle_00__X__s9101/p085/WARM_JOINT/WINNER.json,29938e751c8ee011deea57f5c95c9680a662e04358470cb91adb759188b6725f,14b5f465da3e8e812d5d9d515a4ad2262dacd33784a33e1683d2d62489ec3069,False,,,975412,541,1229558,134160,0d0b87bb170aca538c0cc2470278f67bb6e81a5a786eff857f5d11177215adf9,True,False
tv2_m16_cycle_00__X__s9101,tv2_m16_cycle_00,X,9101,87,FROZEN_LAYERWISE,CONVERGED,0.36835786908908935,0.3683578690890888,3.371369743573525e-05,5.8550011254951364e-05,0.5758102639627453,3,2,7,348,609,2.38265061378479,1,2,2,0.0,0,532,447,1426,45854,186.39296674728394,46463,1433,188.77561736106873,535,fits/tv2_m16_cycle_00__X__s9101/p086/FROZEN_LAYERWISE/WINNER.json,4d0b743cc7bb1b02f557c338375b610d03892556e6f9745fe78052232598b02a,218ea0a08d6c4d6ab148f8ced512c7c8e6080dd610def8628bd63fc888dd2f9c,False,,,986754,541,1243855,135720,27acb1f474adb7e90255a1cd2672ff60c2b8a789fcf2204e2f79448c0b8441c4,True,True
tv2_m16_cycle_00__X__s9101,tv2_m16_cycle_00,X,9101,87,WARM_JOINT,BUDGET_EXHAUSTED,-0.3978769205903957,-0.39787692059039526,0.09699898568579911,0.7389110676325444,0.13127288240055981,116,115,346,348,30102,119.06663393974304,107,116,174,1.7883763141289364,0,5130,5045,15220,861683,3506.3796150684357,891785,15566,3625.4462490081787,5246,fits/tv2_m16_cycle_00__X__s9101/p086/WARM_JOINT/WINNER.json,14b5f465da3e8e812d5d9d515a4ad2262dacd33784a33e1683d2d62489ec3069,46c063f65bdc34f795635333d05aa9c8afe2e9d11170878ea7602ea4cc960168,False,,,986754,541,1243855,135720,e0211947b7fbfdde40590c0c0e50b7f557a55875ae3058618c45014d47b5966a,True,False
tv2_m16_cycle_00__X__s9101,tv2_m16_cycle_00,X,9101,88,FROZEN_LAYERWISE,CONVERGED,0.36835786862369635,0.3683578686236969,3.370648196575671e-05,5.854273364338943e-05,0.5757585932197549,4,3,10,352,880,3.504395008087158,2,4,2,0.0,0,535,449,1433,46463,188.77561736106873,47343,1443,192.28001236915588,539,fits/tv2_m16_cycle_00__X__s9101/p087/FROZEN_LAYERWISE/WINNER.json,218ea0a08d6c4d6ab148f8ced512c7c8e6080dd610def8628bd63fc888dd2f9c,6ef91e1bf7eb77e0eb97d4916dc2256412e588f7978f648637ab2e068f2edaed,False,,,998096,541,1258152,137280,17b1c79623e0f8ceebf9bc3287752aa9aded450eec39dc2b7dbe1320b946e590,True,True
tv2_m16_cycle_00__X__s9101,tv2_m16_cycle_00,X,9101,88,WARM_JOINT,BUDGET_EXHAUSTED,-0.43140279438822393,-0.4314027943882237,0.0996992748686394,0.7703068644836151,0.12942799741954017,118,117,352,352,30976,126.36902618408203,106,118,176,1.6286294061581852,0,5246,5160,15566,891785,3625.4462490081787,922761,15918,3751.8152751922607,5364,fits/tv2_m16_cycle_00__X__s9101/p087/WARM_JOINT/WINNER.json,46c063f65bdc34f795635333d05aa9c8afe2e9d11170878ea7602ea4cc960168,397ae752d5427855f0e6ce76e17407a6d7d26e605db09ed3be63ef584b29a502,False,,,998096,541,1258152,137280,4c337af7e6909af0454f4fc482e0d74fc76246803a202d883902ca7473f00de7,True,False
tv2_m16_cycle_00__X__s9101,tv2_m16_cycle_00,X,9101,89,FROZEN_LAYERWISE,CONVERGED,0.36835786846983726,0.3683578684698374,3.37107273324914e-05,5.854699326927353e-05,0.5757892156382243,4,3,10,356,890,3.5906929969787598,2,4,2,0.0,0,539,452,1443,47343,192.28001236915588,48233,1453,195.87070536613464,543,fits/tv2_m16_cycle_00__X__s9101/p088/FROZEN_LAYERWISE/WINNER.json,6ef91e1bf7eb77e0eb97d4916dc2256412e588f7978f648637ab2e068f2edaed,4ae6d3ddfef1f67ac7a16bf110d48792e9c987f5c538c2404333015b583eb740,False,,,1009438,541,1272449,138840,98adf1ee47f013d9d2e3794517485aacb1c98ae45ffa9459356a3d8e00b54041,True,True
tv2_m16_cycle_00__X__s9101,tv2_m16_cycle_00,X,9101,89,WARM_JOINT,BUDGET_EXHAUSTED,-0.4513653542145611,-0.4513653542145624,0.1029744744354973,0.7881389409631046,0.1306552297868478,119,118,355,356,31595,127.03956007957458,114,119,178,1.4988629723539528,0,5364,5277,15918,922761,3751.8152751922607,954356,16273,3878.8548352718353,5483,fits/tv2_m16_cycle_00__X__s9101/p088/WARM_JOINT/WINNER.json,397ae752d5427855f0e6ce76e17407a6d7d26e605db09ed3be63ef584b29a502,86af38751d9784178d841ebc84afbf560019717e493cd09833bf7de262b67171,False,,,1009438,541,1272449,138840,e98f693d69d1aa86b2dc2bf48836e09a21c22256290b6b270a7cd42722695506,True,False
tv2_m16_cycle_00__X__s9101,tv2_m16_cycle_00,X,9101,90,FROZEN_LAYERWISE,CONVERGED,0.36835786846983726,0.3683578684698374,3.37107273324914e-05,5.854699326927354e-05,0.5757892156382242,4,3,10,360,900,3.731992244720459,2,1,2,0.0,0,543,455,1453,48233,195.87070536613464,49133,1463,199.6026976108551,547,fits/tv2_m16_cycle_00__X__s9101/p089/FROZEN_LAYERWISE/WINNER.json,4ae6d3ddfef1f67ac7a16bf110d48792e9c987f5c538c2404333015b583eb740,82ab9d5c1836f15e6f4075081fde09fabd539dfb8806a0c0a85f530b7852bd4d,False,,,1020780,541,1286746,140400,7d99568b4d9548a4390ce15fd348496acd4d64bbc1a5860d5508e70bf80b8075,True,True
tv2_m16_cycle_00__X__s9101,tv2_m16_cycle_00,X,9101,90,WARM_JOINT,BUDGET_EXHAUSTED,-0.4615881746125858,-0.4615881746125857,0.1037405688357864,0.7975590920767754,0.13007258003373126,120,119,358,360,32220,133.52391362190247,115,120,180,1.40385974815594,0,5483,5395,16273,954356,3878.8548352718353,986576,16631,4012.378748893738,5603,fits/tv2_m16_cycle_00__X__s9101/p089/WARM_JOINT/WINNER.json,86af38751d9784178d841ebc84afbf560019717e493cd09833bf7de262b67171,db4c51ace212222adf48db12277d4e238c48c6224009d72cc0d2e4355d7b763d,False,,,1020780,541,1286746,140400,c8d2667b553a5bc6a43a954a3fa7ec64e7287634e886f5aec7fa4671389b515e,True,False
tv2_m16_cycle_00__X__s9101,tv2_m16_cycle_00,X,9101,91,FROZEN_LAYERWISE,CONVERGED,0.3683578680377403,0.3683578680377406,3.371776142148577e-05,5.8553985032292875e-05,0.5758405922823223,4,3,10,364,910,3.622593402862549,2,4,2,0.0,0,547,458,1463,49133,199.6026976108551,50043,1473,203.22529101371765,551,fits/tv2_m16_cycle_00__X__s9101/p090/FROZEN_LAYERWISE/WINNER.json,82ab9d5c1836f15e6f4075081fde09fabd539dfb8806a0c0a85f530b7852bd4d,62d8d9792f0af6c521a8368f03df6c43177c43430210d4828df84783071052fa,False,,,1032122,541,1301043,141960,3112983c315f546494d38f69735f268ce515200798c4b5c9e4194651126c485a,True,True
tv2_m16_cycle_00__X__s9101,tv2_m16_cycle_00,X,9101,91,WARM_JOINT,BUDGET_EXHAUSTED,-0.4695906253445865,-0.46959062534458684,0.10422162091337205,0.8049506160551474,0.1294757949551427,122,121,364,364,33124,132.44515657424927,113,122,182,1.4146477373104762,0,5603,5514,16631,986576,4012.378748893738,1019700,16995,4144.823905467987,5725,fits/tv2_m16_cycle_00__X__s9101/p090/WARM_JOINT/WINNER.json,db4c51ace212222adf48db12277d4e238c48c6224009d72cc0d2e4355d7b763d,bcc53c807f8d8ce47547be810a988e1bf3d996fe1761abee61f049644e1a060c,False,,,1032122,541,1301043,141960,0776d71df2d8bfa2ab3e19d307b48594ecee106838c95be167f07bc81330e2f9,True,False
tv2_m16_cycle_00__X__s9101,tv2_m16_cycle_00,X,9101,92,FROZEN_LAYERWISE,CONVERGED,0.36835786802589393,0.3683578680258933,3.3716678224976316e-05,5.8552906653736454e-05,0.5758326981846723,4,3,10,368,920,3.7962424755096436,2,4,2,0.0,0,551,461,1473,50043,203.22529101371765,50963,1483,207.0215334892273,555,fits/tv2_m16_cycle_00__X__s9101/p091/FROZEN_LAYERWISE/WINNER.json,62d8d9792f0af6c521a8368f03df6c43177c43430210d4828df84783071052fa,1074d423d6c7bc0c5419b777781147c88f124f100baff990d7e8591b6fe6822f,False,,,1043464,541,1315340,143520,66a6f9d27951e192a6f2253c89a89a7daf005b388588b3bd0c9d87187a2bdbc5,True,True
tv2_m16_cycle_00__X__s9101,tv2_m16_cycle_00,X,9101,92,WARM_JOINT,BUDGET_EXHAUSTED,-0.47678986092321407,-0.47678986092321396,0.10529060247173326,0.8124569713947555,0.12959529695582464,123,122,367,368,33764,138.03470396995544,115,123,184,1.5077678925307412,0,5725,5635,16995,1019700,4144.823905467987,1053464,17362,4282.8586094379425,5848,fits/tv2_m16_cycle_00__X__s9101/p091/WARM_JOINT/WINNER.json,bcc53c807f8d8ce47547be810a988e1bf3d996fe1761abee61f049644e1a060c,c1709a77552febd0b85ee77c60cf252d699cf2f7774e83e641c7703d12cf3687,False,,,1043464,541,1315340,143520,ef47d37db8c97fc6fd5bbdad1af73732cbbd8d5b64296b87ec73927b5ab4ad30,True,False
tv2_m16_cycle_00__X__s9101,tv2_m16_cycle_00,X,9101,93,FROZEN_LAYERWISE,CONVERGED,0.3683578680232681,0.36835786802326786,3.371616146466423e-05,5.855239186549047e-05,0.5758289352571405,4,3,10,372,930,3.71943736076355,2,4,2,0.0,0,555,464,1483,50963,207.0215334892273,51893,1493,210.74097084999084,559,fits/tv2_m16_cycle_00__X__s9101/p092/FROZEN_LAYERWISE/WINNER.json,1074d423d6c7bc0c5419b777781147c88f124f100baff990d7e8591b6fe6822f,6bf3f7b0a17609b20dc1a7e4797e70c01f5b7f799eb71d803489868cbceeb9e6,False,,,1054806,541,1329637,145080,9bad8fa25f5a26b9695539afb19aed1275e25a1e27ec51b13479d9bdf586edda,True,True
tv2_m16_cycle_00__X__s9101,tv2_m16_cycle_00,X,9101,93,WARM_JOINT,BUDGET_EXHAUSTED,-0.49307199473075647,-0.4930719947307567,0.10403550302299748,0.8274648531770173,0.12572800237201306,124,123,370,372,34410,139.58655166625977,115,124,186,1.1137394652888657,0,5848,5757,17362,1053464,4282.8586094379425,1087874,17732,4422.445161104202,5972,fits/tv2_m16_cycle_00__X__s9101/p092/WARM_JOINT/WINNER.json,c1709a77552febd0b85ee77c60cf252d699cf2f7774e83e641c7703d12cf3687,4d96ce0d075689071265efb20a1dbeda118b35cd96ac33ea9b581102b80e4c36,False,,,1054806,541,1329637,145080,6bdc0ac2a41993161a5cac88f6a4ec4cab8f97c8524c25b7f98957e936ffa605,True,False
tv2_m16_cycle_00__X__s9101,tv2_m16_cycle_00,X,9101,94,FROZEN_LAYERWISE,CONVERGED,0.3683578678174221,0.3683578678174215,3.3721039927860156e-05,5.855721856553624e-05,0.5758647824114143,4,3,10,376,940,3.8654260635375977,2,4,2,0.0,0,559,467,1493,51893,210.74097084999084,52833,1503,214.60639691352844,563,fits/tv2_m16_cycle_00__X__s9101/p093/FROZEN_LAYERWISE/WINNER.json,6bf3f7b0a17609b20dc1a7e4797e70c01f5b7f799eb71d803489868cbceeb9e6,54c4582cad3c47ec2ecb92202c7dd918d85dedd3561317ae6ba9f0b8b0abdff9,False,,,1066148,541,1343934,146640,101ae259ec1276fbb76b6ba0c9c8906672a28002ad32fdd109d02f2dc6761993,True,True
tv2_m16_cycle_00__X__s9101,tv2_m16_cycle_00,X,9101,94,WARM_JOINT,BUDGET_EXHAUSTED,-0.5032314497472448,-0.5032314497472452,0.10654171993585129,0.836177461082085,0.12741520178979376,126,125,376,376,35344,146.5039415359497,114,126,188,1.0294243579838922,0,5972,5880,17732,1087874,4422.445161104202,1123218,18108,4568.949102640152,6098,fits/tv2_m16_cycle_00__X__s9101/p093/WARM_JOINT/WINNER.json,4d96ce0d075689071265efb20a1dbeda118b35cd96ac33ea9b581102b80e4c36,0a8653ee9243acbc14f7c9df5180688e29d43fafcbe9a9c590963c3dd6170a67,False,,,1066148,541,1343934,146640,04e51a3f5b4cbf05061656a83236c0990a5e493538d7096a8a80486c9f13995a,True,False
tv2_m16_cycle_00__X__s9101,tv2_m16_cycle_00,X,9101,95,FROZEN_LAYERWISE,CONVERGED,0.36835786768789097,0.3683578676878924,3.372486739930525e-05,5.856098333525539e-05,0.5758931199333519,5,4,13,380,1235,4.895636796951294,3,5,2,0.0,0,563,470,1503,52833,214.60639691352844,54068,1516,219.50203371047974,568,fits/tv2_m16_cycle_00__X__s9101/p094/FROZEN_LAYERWISE/WINNER.json,54c4582cad3c47ec2ecb92202c7dd918d85dedd3561317ae6ba9f0b8b0abdff9,37f59d9aa8e95360c4a1278e7fd8f05064e062701cf31de55786feb31d13e0e7,False,,,1077490,541,1358231,148200,6af0613266768292d5e28721bf24805ed8517f91e76aa29c558644a06269d63b,True,True
tv2_m16_cycle_00__X__s9101,tv2_m16_cycle_00,X,9101,95,WARM_JOINT,BUDGET_EXHAUSTED,-0.5055898591459917,-0.505589859145993,0.10548583733665834,0.8385686665547116,0.12579272460781363,127,126,379,380,36005,144.8936688899994,116,127,190,1.0396726496668505,0,6098,6005,18108,1123218,4568.949102640152,1159223,18487,4713.842771530151,6225,fits/tv2_m16_cycle_00__X__s9101/p094/WARM_JOINT/WINNER.json,0a8653ee9243acbc14f7c9df5180688e29d43fafcbe9a9c590963c3dd6170a67,7d40dfabaa4860e5f6aa83dc840cabaf3ffc47ae52b717910e508f9e0aab5bd4,False,,,1077490,541,1358231,148200,03acc548a4445dfbf170caf35c2ef71a8e7f55e7c818c4ca526f3c469fae1df1,True,False
tv2_m16_cycle_00__X__s9101,tv2_m16_cycle_00,X,9101,96,FROZEN_LAYERWISE,CONVERGED,0.3683578673285805,0.3683578673285808,3.373116417454981e-05,5.856711096019684e-05,0.5759403805571707,5,4,13,384,1248,4.9078192710876465,3,5,2,0.0,0,568,474,1516,54068,219.50203371047974,55316,1529,224.40985298156738,573,fits/tv2_m16_cycle_00__X__s9101/p095/FROZEN_LAYERWISE/WINNER.json,37f59d9aa8e95360c4a1278e7fd8f05064e062701cf31de55786feb31d13e0e7,d4da315eb5170b6ce2fc905fedb2c23364b555c017aeca90291a1caab569d75c,False,,,1088832,541,1372528,149760,2842cf4bcad50148a0b1388ee6741b533817427e0e3bec19e0fd0a9581ad8f87,True,True
tv2_m16_cycle_00__X__s9101,tv2_m16_cycle_00,X,9101,96,WARM_JOINT,BUDGET_EXHAUSTED,-0.5089404154399517,-0.5089404154399506,0.10550355071268461,0.8417549768339957,0.12533760252835568,128,127,382,384,36672,148.4798436164856,117,128,192,0.8338905148705305,0,6225,6131,18487,1159223,4713.842771530151,1195895,18869,4862.322615146637,6353,fits/tv2_m16_cycle_00__X__s9101/p095/WARM_JOINT/WINNER.json,7d40dfabaa4860e5f6aa83dc840cabaf3ffc47ae52b717910e508f9e0aab5bd4,01b7e2fab97310bc4963fb0ec4dbabbb9c71d5b63640b8faab9d60a4e7311657,False,,,1088832,541,1372528,149760,4cbbfb155fc160e4d5e1e3e3f3779282b682c30d052ef57f3a67dcab59b4342f,True,False
tv2_m16_cycle_00__X__s9101,tv2_m16_cycle_00,X,9101,97,FROZEN_LAYERWISE,CONVERGED,0.36835786732858045,0.3683578673285808,3.3731164174549795e-05,5.856711096019681e-05,0.5759403805571707,4,3,10,388,970,3.7928125858306885,2,1,2,0.0,0,573,478,1529,55316,224.40985298156738,56286,1539,228.20266556739807,577,fits/tv2_m16_cycle_00__X__s9101/p096/FROZEN_LAYERWISE/WINNER.json,d4da315eb5170b6ce2fc905fedb2c23364b555c017aeca90291a1caab569d75c,0089e35c07d6d8e1e9d3c9cd2d96b180d9460f8a3bd649bcb595fa9620b6abd1,False,,,1100174,541,1386825,151320,de90625b87a50a454d03c6e2b5551ddda41643598e027e68842072f210229b09,True,True
tv2_m16_cycle_00__X__s9101,tv2_m16_cycle_00,X,9101,97,WARM_JOINT,BUDGET_EXHAUSTED,-0.5115998881168383,-0.5115998881168367,0.10300456065930653,0.845251770211733,0.12186257904376137,130,129,388,388,37636,153.9634280204773,111,130,194,1.4579323813317067,0,6353,6258,18869,1195895,4862.322615146637,1233531,19257,5016.286043167114,6483,fits/tv2_m16_cycle_00__X__s9101/p096/WARM_JOINT/WINNER.json,01b7e2fab97310bc4963fb0ec4dbabbb9c71d5b63640b8faab9d60a4e7311657,85296627039190c19a0256ff80d4a262b4dfa33ecc29218bd00a874b018c3449,False,,,1100174,541,1386825,151320,78dacc625a60df1496fa58d101f8ddbc271133057f040a57d2c604b9ccfc293e,True,False
tv2_m16_cycle_00__X__s9101,tv2_m16_cycle_00,X,9101,98,FROZEN_LAYERWISE,CONVERGED,0.3683578672841475,0.3683578672841474,3.373372506332816e-05,5.856959251778415e-05,0.5759597021796797,4,3,10,392,980,4.0894739627838135,2,4,2,0.0,0,577,481,1539,56286,228.20266556739807,57266,1549,232.29213953018188,581,fits/tv2_m16_cycle_00__X__s9101/p097/FROZEN_LAYERWISE/WINNER.json,0089e35c07d6d8e1e9d3c9cd2d96b180d9460f8a3bd649bcb595fa9620b6abd1,b45f2488acddeaa29817030b5370bfc6714471c3cfd2e8f5d842afb354ec5b87,False,,,1111516,541,1401122,152880,5df1b875c92d6a9164e1d2499326daa52e912cadd5f827a666a4e8f9213c1613,True,True
tv2_m16_cycle_00__X__s9101,tv2_m16_cycle_00,X,9101,98,WARM_JOINT,BUDGET_EXHAUSTED,-0.5127019810039886,-0.5127019810039881,0.10396227143614888,0.8459527198425738,0.12289371379466167,131,130,391,392,38318,155.22359204292297,116,131,196,0.5400469226967881,0,6483,6387,19257,1233531,5016.286043167114,1271849,19648,5171.509635210037,6614,fits/tv2_m16_cycle_00__X__s9101/p097/WARM_JOINT/WINNER.json,85296627039190c19a0256ff80d4a262b4dfa33ecc29218bd00a874b018c3449,df778674a452e8e0acbc60df5c5705c1d66de61cba6e8f75cfa001f1cadf9fb9,False,,,1111516,541,1401122,152880,91711e58ac3a6e0c3b4a47d18881d7c6696885bc2ac30924d07358f25c6131dd,True,False
tv2_m16_cycle_00__X__s9101,tv2_m16_cycle_00,X,9101,99,FROZEN_LAYERWISE,CONVERGED,0.36835786711543034,0.3683578671154303,3.372943029707271e-05,5.856540012867349e-05,0.575927599281591,4,3,10,396,990,3.843327045440674,2,4,2,0.0,0,581,484,1549,57266,232.29213953018188,58256,1559,236.13546657562256,585,fits/tv2_m16_cycle_00__X__s9101/p098/FROZEN_LAYERWISE/WINNER.json,b45f2488acddeaa29817030b5370bfc6714471c3cfd2e8f5d842afb354ec5b87,e17e73f1a3fb7492124a424a1fcbff3e2403e2e2a069d31879fca35c15b49141,False,,,1122858,541,1415419,154440,4a5f702034b0f117cf21a1f34d33f612c50cf729653a460e1f63c3b65acc176a,True,True
tv2_m16_cycle_00__X__s9101,tv2_m16_cycle_00,X,9101,99,WARM_JOINT,BUDGET_EXHAUSTED,-0.5161475823753559,-0.5161475823753552,0.10511551153521716,0.8499312625507117,0.1236753090123513,132,131,394,396,39006,151.90258121490479,120,132,198,1.4431022827184017,0,6614,6517,19648,1271849,5171.509635210037,1310855,20042,5323.412216424942,6746,fits/tv2_m16_cycle_00__X__s9101/p098/WARM_JOINT/WINNER.json,df778674a452e8e0acbc60df5c5705c1d66de61cba6e8f75cfa001f1cadf9fb9,5c673d8a408508501577b60bb1b169faeed800b611400f8b47426ee8301bdedb,False,,,1122858,541,1415419,154440,31a9a17e23348ba86f7a2d4ca9f2416a50f9a5d4261e734b8a09b699b312c297,True,False
tv2_m16_cycle_00__X__s9101,tv2_m16_cycle_00,X,9101,100,FROZEN_LAYERWISE,CONVERGED,0.3683578670312674,0.3683578670312675,3.3732467923377496e-05,5.8568348702500155e-05,0.5759504693349419,4,3,10,400,1000,3.953205108642578,2,4,2,0.0,0,585,487,1559,58256,236.13546657562256,59256,1569,240.08867168426514,589,fits/tv2_m16_cycle_00__X__s9101/p099/FROZEN_LAYERWISE/WINNER.json,e17e73f1a3fb7492124a424a1fcbff3e2403e2e2a069d31879fca35c15b49141,5318df762591d6c8891f86a8ff1461b38f7a2d9f034789646e208d75a7f57768,False,,,1134200,541,1429716,156000,65c508ad2987fa383d55d1594f2d38048e83d5672973a66bfd2db4ddc1e3110c,True,True
tv2_m16_cycle_00__X__s9101,tv2_m16_cycle_00,X,9101,100,WARM_JOINT,BUDGET_EXHAUSTED,-0.518933173559808,-0.5189331735598071,0.10576313651022637,0.8517215769917992,0.1241757158293111,134,133,400,400,40000,160.48833918571472,119,134,200,0.8952272637232317,0,6746,6648,20042,1310855,5323.412216424942,1350855,20442,5483.900555610657,6880,fits/tv2_m16_cycle_00__X__s9101/p099/WARM_JOINT/WINNER.json,5c673d8a408508501577b60bb1b169faeed800b611400f8b47426ee8301bdedb,0f5f217f267198af871aeca25e988f7595fa6f06fac66ccbdf08fb823fba2e5c,False,,,1134200,541,1429716,156000,577d9af277ae3f77390134dad6b30e383efbb342aed5745ddab78437ab8b5a51,True,False
tv2_m16_cycle_00__X__s9101,tv2_m16_cycle_00,X,9101,101,FROZEN_LAYERWISE,CONVERGED,0.3683578663796011,0.36835786637960066,3.3724046761575e-05,5.85600547219922e-05,0.5758882385215728,4,3,10,404,1010,3.8846371173858643,2,4,2,0.0,0,589,490,1569,59256,240.08867168426514,60266,1579,243.973308801651,593,fits/tv2_m16_cycle_00__X__s9101/p100/FROZEN_LAYERWISE/WINNER.json,5318df762591d6c8891f86a8ff1461b38f7a2d9f034789646e208d75a7f57768,370415d87c6ae1f3143a22ba74706b64705120efe413bb5a43865ceb5fd09a28,False,,,1145542,541,1444013,157560,21f849fba295b170c1eec20e00a40eb53ffc9f909d9e7ea0145b0ea9fdd5b7bc,True,True
tv2_m16_cycle_00__X__s9101,tv2_m16_cycle_00,X,9101,101,WARM_JOINT,BUDGET_EXHAUSTED,-0.5197123180861892,-0.5197123180861891,0.1056177744966219,0.85286240306234,0.12383917278729165,135,134,403,404,40703,161.86943435668945,125,135,202,0.4861329259919396,0,6880,6781,20442,1350855,5483.900555610657,1391558,20845,5645.769989967346,7015,fits/tv2_m16_cycle_00__X__s9101/p100/WARM_JOINT/WINNER.json,0f5f217f267198af871aeca25e988f7595fa6f06fac66ccbdf08fb823fba2e5c,f60be5b338e1a9273106e0d316646ad17e070a940de5617c45d7dd754c62032b,False,,,1145542,541,1444013,157560,0a53a92fa32da9cb2eeab9733fe523e88af0369ab10dae41e6fd94df2ab86f20,True,False
tv2_m16_cycle_00__X__s9101,tv2_m16_cycle_00,X,9101,102,FROZEN_LAYERWISE,CONVERGED,0.36835786634494166,0.3683578663449423,3.372605034493086e-05,5.8562021372209625e-05,0.5759031118576694,4,3,10,408,1020,4.032712459564209,2,4,2,0.0,0,593,493,1579,60266,243.973308801651,61286,1589,248.0060212612152,597,fits/tv2_m16_cycle_00__X__s9101/p101/FROZEN_LAYERWISE/WINNER.json,370415d87c6ae1f3143a22ba74706b64705120efe413bb5a43865ceb5fd09a28,10bba45b57b023155bf9f30819e5943951194295792241833a3577a4cddfa007,False,,,1156884,541,1458310,159120,6cb9271f5f2d3819426190f6a04c6913ec237438536fb958e9a270a0cee810e6,True,True
tv2_m16_cycle_00__X__s9101,tv2_m16_cycle_00,X,9101,102,WARM_JOINT,BUDGET_EXHAUSTED,-0.5329203225227306,-0.532920322522731,0.10959066712847503,0.8635026367541175,0.1269141082654053,136,135,406,408,41412,167.87637305259705,124,136,204,1.361570391616051,0,7015,6915,20845,1391558,5645.769989967346,1432970,21251,5813.646363019943,7151,fits/tv2_m16_cycle_00__X__s9101/p101/WARM_JOINT/WINNER.json,f60be5b338e1a9273106e0d316646ad17e070a940de5617c45d7dd754c62032b,b636557e556e55ba50dcab39cb550f754a862f68f4dc84552383cbf2a47b9f51,False,,,1156884,541,1458310,159120,5da051776c1ff55ba580f0018b9a48369eea486a13a4206e92e86ad518201427,True,False
tv2_m16_cycle_00__X__s9101,tv2_m16_cycle_00,X,9101,103,FROZEN_LAYERWISE,CONVERGED,0.36835786630808026,0.3683578663080802,3.3728081068363156e-05,5.8564007884210615e-05,0.5759182523000881,5,4,13,412,1339,5.333685398101807,3,5,2,0.0,0,597,496,1589,61286,248.0060212612152,62625,1602,253.33970665931702,602,fits/tv2_m16_cycle_00__X__s9101/p102/FROZEN_LAYERWISE/WINNER.json,10bba45b57b023155bf9f30819e5943951194295792241833a3577a4cddfa007,d2ffe75b1043da86c51e8a8da2df9dd6bb8f4d2bc50e1e711e8ef781f628e0a7,False,,,1168226,541,1472607,160680,c0eece5061dcfe463a48b2a93015765a6f1e103f8dccd7d8d9d69d0e06228929,True,True
tv2_m16_cycle_00__X__s9101,tv2_m16_cycle_00,X,9101,103,WARM_JOINT,BUDGET_EXHAUSTED,-0.5386477605538109,-0.5386477605538115,0.11227845179019817,0.8676268528283269,0.12940868695360006,138,137,412,412,42436,169.2107241153717,129,138,206,0.8355963716046786,0,7151,7050,21251,1432970,5813.646363019943,1475406,21663,5982.857087135315,7289,fits/tv2_m16_cycle_00__X__s9101/p102/WARM_JOINT/WINNER.json,b636557e556e55ba50dcab39cb550f754a862f68f4dc84552383cbf2a47b9f51,e2feba4f40a64cf5cf71b97d9cfd6977717b2b43b57bdc9d5324c2509d3f6552,False,,,1168226,541,1472607,160680,552d18ab5a4a24301d341b0929238019e05b3b3b559ba6202b4ceb0330e5a6a0,True,False
tv2_m16_cycle_00__X__s9101,tv2_m16_cycle_00,X,9101,104,FROZEN_LAYERWISE,CONVERGED,0.36835786625081957,0.3683578662508191,3.372553868104364e-05,5.856151046548711e-05,0.575899398990393,5,4,13,416,1352,5.43651819229126,3,5,2,0.0,0,602,500,1602,62625,253.33970665931702,63977,1615,258.7762248516083,607,fits/tv2_m16_cycle_00__X__s9101/p103/FROZEN_LAYERWISE/WINNER.json,d2ffe75b1043da86c51e8a8da2df9dd6bb8f4d2bc50e1e711e8ef781f628e0a7,f40c1c81bb02fa31a2d972cb3113de112a7031c506ccef7adf237efc637abd12,False,,,1179568,541,1486904,162240,997fa5535c46cac17d84b173defa626df986d1dd3265ba237d1d0d33adb79f63,True,True
tv2_m16_cycle_00__X__s9101,tv2_m16_cycle_00,X,9101,104,WARM_JOINT,BUDGET_EXHAUSTED,-0.5395838352518322,-0.539583835251831,0.11300823923463012,0.8680423415304102,0.13018747338452394,139,138,415,416,43160,173.0578076839447,126,139,208,0.7811883526812631,0,7289,7187,21663,1475406,5982.857087135315,1518566,22078,6155.91489481926,7428,fits/tv2_m16_cycle_00__X__s9101/p103/WARM_JOINT/WINNER.json,e2feba4f40a64cf5cf71b97d9cfd6977717b2b43b57bdc9d5324c2509d3f6552,b7c1778e7dae64ada0cf161670d37b02e7fe692b9510f18582fd7b50e10a4bcc,False,,,1179568,541,1486904,162240,192aeaf9cc79a5c12e10bee45d8ef20682bd988efb1d358c608e6104d927de1d,True,False
tv2_m16_cycle_00__X__s9101,tv2_m16_cycle_00,X,9101,105,FROZEN_LAYERWISE,CONVERGED,0.36835786613182997,0.3683578661318311,3.372923337252806e-05,5.856511780041108e-05,0.5759270132005319,4,3,10,420,1050,4.109785556793213,2,4,2,0.0,0,607,504,1615,63977,258.7762248516083,65027,1625,262.8860104084015,611,fits/tv2_m16_cycle_00__X__s9101/p104/FROZEN_LAYERWISE/WINNER.json,f40c1c81bb02fa31a2d972cb3113de112a7031c506ccef7adf237efc637abd12,9dfd9a793af3642ebdc2cc433f99ad51be3389bc23fdb9005fc5d9442c2ee4e3,False,,,1190910,541,1501201,163800,e34be02d41f98908e411bc802ae61d3edc12cef1cbf4408cafdd8905962b9f97,True,True
tv2_m16_cycle_00__X__s9101,tv2_m16_cycle_00,X,9101,105,WARM_JOINT,BUDGET_EXHAUSTED,-0.5457246420528792,-0.5457246420528775,0.11450741264818098,0.8728111850302726,0.13119379610632442,140,139,418,420,43890,174.67882585525513,127,140,210,1.6598105967656744,0,7428,7325,22078,1518566,6155.91489481926,1562456,22496,6330.593720674515,7568,fits/tv2_m16_cycle_00__X__s9101/p104/WARM_JOINT/WINNER.json,b7c1778e7dae64ada0cf161670d37b02e7fe692b9510f18582fd7b50e10a4bcc,79df0f23be64e16f15e54535084709d033ba572557d15a419281f843e5da9dec,False,,,1190910,541,1501201,163800,854052bb04e8c1f5a2345c518f6ede7ecdaff13b996046871b03cad6993b5665,True,False
tv2_m16_cycle_00__X__s9101,tv2_m16_cycle_00,X,9101,106,FROZEN_LAYERWISE,CONVERGED,0.36835786584149255,0.3683578658414931,3.3734850863584463e-05,5.8570543583671934e-05,0.575969571042003,4,3,10,424,1060,4.156926393508911,2,4,2,0.0,0,611,507,1625,65027,262.8860104084015,66087,1635,267.0429368019104,615,fits/tv2_m16_cycle_00__X__s9101/p105/FROZEN_LAYERWISE/WINNER.json,9dfd9a793af3642ebdc2cc433f99ad51be3389bc23fdb9005fc5d9442c2ee4e3,2ecec3ae4b9c313f012ec4e84ac942dfb9cc98c5020624b0be3450ea4467fcf6,False,,,1202252,541,1515498,165360,514d8d7946d554c77696809cae106b68a6c7e733bfecffc0b1dbd69a0c2e7307,True,True
tv2_m16_cycle_00__X__s9101,tv2_m16_cycle_00,X,9101,106,WARM_JOINT,BUDGET_EXHAUSTED,-0.5498194256392305,-0.54981942563923,0.11553056235593566,0.8765968659926795,0.13179440497440753,142,141,424,424,44944,181.96244359016418,129,141,212,0.8326834305434188,0,7568,7464,22496,1562456,6330.593720674515,1607400,22920,6512.556164264679,7710,fits/tv2_m16_cycle_00__X__s9101/p105/WARM_JOINT/WINNER.json,79df0f23be64e16f15e54535084709d033ba572557d15a419281f843e5da9dec,0c4aa558c27ccaec6812a026c8e41233dbfba407564009f5ad6aa5c4aae4e3f7,False,,,1202252,541,1515498,165360,bf7126d0e7b679578a54d8890c5ddc0058ddf9416c1520025f28375f1eeff079,True,False
tv2_m16_cycle_00__X__s9101,tv2_m16_cycle_00,X,9101,107,FROZEN_LAYERWISE,CONVERGED,0.36835786550178695,0.368357865501787,3.372869369525886e-05,5.85645280914525e-05,0.5759235973452942,5,4,13,428,1391,5.648860454559326,3,5,2,0.0,0,615,510,1635,66087,267.0429368019104,67478,1648,272.6917972564697,620,fits/tv2_m16_cycle_00__X__s9101/p106/FROZEN_LAYERWISE/WINNER.json,2ecec3ae4b9c313f012ec4e84ac942dfb9cc98c5020624b0be3450ea4467fcf6,aaa34a934993ec30f1ac88c7fbf8e1a2059bad9655d6b78c33584bcb659e74fb,False,,,1213594,541,1529795,166920,18b37515d9239a1f5e8823a48ee678cf49eac0126c3b10b6ac4475d91aa1659d,True,True
tv2_m16_cycle_00__X__s9101,tv2_m16_cycle_00,X,9101,107,WARM_JOINT,BUDGET_EXHAUSTED,-0.5574892062757215,-0.5574892062757217,0.12065000606090441,0.8825957489748248,0.13669905639251592,143,142,427,428,45689,185.2900059223175,128,143,214,1.9618303897575873,0,7710,7605,22920,1607400,6512.556164264679,1653089,23347,6697.8461701869965,7853,fits/tv2_m16_cycle_00__X__s9101/p106/WARM_JOINT/WINNER.json,0c4aa558c27ccaec6812a026c8e41233dbfba407564009f5ad6aa5c4aae4e3f7,66eccfa211a1c5674ec047c9f1be605f792171de4b7bee1fb4fceebae6dcfa7d,False,,,1213594,541,1529795,166920,218420c51f1ed6937d1d706e088351f0aab7f58ff1b96b1978fd04a479deb661,True,False
tv2_m16_cycle_00__X__s9101,tv2_m16_cycle_00,X,9101,108,FROZEN_LAYERWISE,CONVERGED,0.3683578655017869,0.36835786550178695,3.372869369525886e-05,5.8564528091452516e-05,0.5759235973452941,4,3,10,432,1080,4.315734386444092,2,1,2,0.0,0,620,514,1648,67478,272.6917972564697,68558,1658,277.0075316429138,624,fits/tv2_m16_cycle_00__X__s9101/p107/FROZEN_LAYERWISE/WINNER.json,aaa34a934993ec30f1ac88c7fbf8e1a2059bad9655d6b78c33584bcb659e74fb,7f3c97463bc494425e28ee1fae69329dc95118fad1593c3cd1b07fd36f5af680,False,,,1224936,541,1544092,168480,3a9eb6a1e5908d8f4ea4d2ff113a2d965bcf31d2aabb14cd9609d3dc1908e305,True,True
tv2_m16_cycle_00__X__s9101,tv2_m16_cycle_00,X,9101,108,WARM_JOINT,BUDGET_EXHAUSTED,-0.5607986650872591,-0.5607986650872586,0.12109353396586493,0.8860051899664421,0.13667361696882546,144,143,430,432,46440,187.02034282684326,133,144,216,0.8342918862044106,0,7853,7747,23347,1653089,6697.8461701869965,1699529,23777,6884.86651301384,7997,fits/tv2_m16_cycle_00__X__s9101/p107/WARM_JOINT/WINNER.json,66eccfa211a1c5674ec047c9f1be605f792171de4b7bee1fb4fceebae6dcfa7d,bae1b11f3fc737858b98d52b76fb7e927ef13293497a180a3f42cf2b61e31a0e,False,,,1224936,541,1544092,168480,9a3683996c119d0d8f0f97350e0da93c67245e8fe47ccf5b3fe9093c8db40c74,True,False
tv2_m16_cycle_00__X__s9101,tv2_m16_cycle_00,X,9101,109,FROZEN_LAYERWISE,CONVERGED,0.36835786517687813,0.36835786517687774,3.373461657231215e-05,5.8570250046577245e-05,0.575968457458951,4,3,10,436,1090,4.311376094818115,2,4,2,0.0,0,624,517,1658,68558,277.0075316429138,69648,1668,281.31890773773193,628,fits/tv2_m16_cycle_00__X__s9101/p108/FROZEN_LAYERWISE/WINNER.json,7f3c97463bc494425e28ee1fae69329dc95118fad1593c3cd1b07fd36f5af680,2ee75ab6e73aec7fbcd4d8766ecf4fc4dac22f90e82c310eaee5d95d266fdbd8,False,,,1236278,541,1558389,170040,e11552678381563f31230773533e223db83687d4e61bb6ad627472768c649eee,True,True
tv2_m16_cycle_00__X__s9101,tv2_m16_cycle_00,X,9101,109,WARM_JOINT,BUDGET_EXHAUSTED,-0.5632513301321852,-0.5632513301321864,0.12139348658714241,0.8880696821569215,0.13669365031390887,146,145,436,436,47524,187.72611379623413,133,146,218,0.7924982011291757,0,7997,7890,23777,1699529,6884.86651301384,1747053,24213,7072.592626810074,8143,fits/tv2_m16_cycle_00__X__s9101/p108/WARM_JOINT/WINNER.json,bae1b11f3fc737858b98d52b76fb7e927ef13293497a180a3f42cf2b61e31a0e,76341420396c6ddb85c831563413bb772fdf960cc38100b14b7ffef9c2b13678,False,,,1236278,541,1558389,170040,b1d43ef638404c4d2ae19918e9a19b4c6221a3b116f1f1cee30f80bd088e0b5a,True,False
tv2_m16_cycle_00__X__s9101,tv2_m16_cycle_00,X,9101,110,FROZEN_LAYERWISE,CONVERGED,0.36835786492307676,0.3683578649230761,3.3739704702083434e-05,5.8575107395669615e-05,0.5760075602452548,4,3,10,440,1100,4.398332595825195,2,4,2,0.0,0,628,520,1668,69648,281.31890773773193,70748,1678,285.71724033355713,632,fits/tv2_m16_cycle_00__X__s9101/p109/FROZEN_LAYERWISE/WINNER.json,2ee75ab6e73aec7fbcd4d8766ecf4fc4dac22f90e82c310eaee5d95d266fdbd8,432a46abbb6d70f808f1e01b254a33d95aafacbbf8afdcd6dbd41fe2af0f7428,False,,,1247620,541,1572686,171600,29c576c81869859b99c0fa51f0ac54dca67d894b09c35037adfedd7925e2fdd8,True,True
tv2_m16_cycle_00__X__s9101,tv2_m16_cycle_00,X,9101,110,WARM_JOINT,BUDGET_EXHAUSTED,-0.5667580898173553,-0.566758089817355,0.12153544041489228,0.8899496999114099,0.1365643928269098,147,146,439,440,48290,193.33877420425415,130,147,220,0.6554661709234497,0,8143,8035,24213,1747053,7072.592626810074,1795343,24652,7265.931401014328,8290,fits/tv2_m16_cycle_00__X__s9101/p109/WARM_JOINT/WINNER.json,76341420396c6ddb85c831563413bb772fdf960cc38100b14b7ffef9c2b13678,027f5dc72ae49c095822112dce6ab7a5a3740f6df2f9a65f232e0492445c6b97,False,,,1247620,541,1572686,171600,0bb5bd148f601aafb41c18f0fcf557e15c0487fd9e1693bdfb315cbfb74792a2,True,False
tv2_m16_cycle_00__X__s9101,tv2_m16_cycle_00,X,9101,111,FROZEN_LAYERWISE,CONVERGED,0.36835786492153477,0.3683578649215352,3.373930737003333e-05,5.857472770478185e-05,0.5760045106838622,5,4,13,444,1443,5.732974529266357,3,5,2,0.0,0,632,523,1678,70748,285.71724033355713,72191,1691,291.4502148628235,637,fits/tv2_m16_cycle_00__X__s9101/p110/FROZEN_LAYERWISE/WINNER.json,432a46abbb6d70f808f1e01b254a33d95aafacbbf8afdcd6dbd41fe2af0f7428,239cb0e9105f63412aa142ca1c97177e3e64ad18c46bdbbf7418d4020fd0008d,False,,,1258962,541,1586983,173160,383e6e14166a50d7f4c7a2eca99530ee9d562ee0482c7b3ad4f1855ace954145,True,True
tv2_m16_cycle_00__X__s9101,tv2_m16_cycle_00,X,9101,111,WARM_JOINT,BUDGET_EXHAUSTED,-0.5686226210439816,-0.5686226210439811,0.12362363483260379,0.8909049360865406,0.13876186989786218,148,147,442,444,49062,193.81094694137573,136,148,222,0.7885481325944887,0,8290,8181,24652,1795343,7265.931401014328,1844405,25094,7459.742347955704,8438,fits/tv2_m16_cycle_00__X__s9101/p110/WARM_JOINT/WINNER.json,027f5dc72ae49c095822112dce6ab7a5a3740f6df2f9a65f232e0492445c6b97,c191df2eca0616d6e58ae35af5d42a0c36cd1f2f4e5d0dd62eb66e3bc419b0f6,False,,,1258962,541,1586983,173160,1c768e1a26365937a3689de685def4901cac16bc95b8894f6a17a249a21295af,True,False
tv2_m16_cycle_00__X__s9101,tv2_m16_cycle_00,X,9101,112,FROZEN_LAYERWISE,CONVERGED,0.36835786472686965,0.36835786472686916,3.374387506593054e-05,5.857903795575746e-05,0.5760401031409225,4,3,10,448,1120,4.443791151046753,2,4,2,0.0,0,637,527,1691,72191,291.4502148628235,73311,1701,295.89400601387024,641,fits/tv2_m16_cycle_00__X__s9101/p111/FROZEN_LAYERWISE/WINNER.json,239cb0e9105f63412aa142ca1c97177e3e64ad18c46bdbbf7418d4020fd0008d,261da108a8fca2631d68c37ff8b782750ad3ebca4b7ce8b58e9046a6b4654c6c,False,,,1270304,541,1601280,174720,88f6d49369657717e058b1eda0eec1297cc58e7306c1efc3e7684c5f315ba751,True,True
tv2_m16_cycle_00__X__s9101,tv2_m16_cycle_00,X,9101,112,WARM_JOINT,BUDGET_EXHAUSTED,-0.5691827166320532,-0.5691827166320531,0.12417557870469131,0.8913175285345191,0.13931688172772452,150,149,448,448,50176,201.41846251487732,135,150,224,0.6642121969462491,0,8438,8328,25094,1844405,7459.742347955704,1894581,25542,7661.160810470581,8588,fits/tv2_m16_cycle_00__X__s9101/p111/WARM_JOINT/WINNER.json,c191df2eca0616d6e58ae35af5d42a0c36cd1f2f4e5d0dd62eb66e3bc419b0f6,776f0f471805ce07d9a59b76a04ad1818b9b4785e752fb926b4399a2a9c43d28,False,,,1270304,541,1601280,174720,bac8a0e105bae3fb4b1089a79b92019572cc0b87992ba4eb16011d33ce1a5d4c,True,False
tv2_m16_cycle_00__X__s9101,tv2_m16_cycle_00,X,9101,113,FROZEN_LAYERWISE,CONVERGED,0.3683578647033824,0.36835786470338183,3.374534421989934e-05,5.858041596142243e-05,0.5760516320355596,4,3,10,452,1130,4.505134344100952,2,4,2,0.0,0,641,530,1701,73311,295.89400601387024,74441,1711,300.3991403579712,645,fits/tv2_m16_cycle_00__X__s9101/p112/FROZEN_LAYERWISE/WINNER.json,261da108a8fca2631d68c37ff8b782750ad3ebca4b7ce8b58e9046a6b4654c6c,77f20e7d58d18897632a95638d346071c961b9fcedd40e397fe3e91f6a92deb3,False,,,1281646,541,1615577,176280,a76b9f08614efb4bff133098001e06559cf4aa5960c7cd564977bf30161f6426,True,True
tv2_m16_cycle_00__X__s9101,tv2_m16_cycle_00,X,9101,113,WARM_JOINT,BUDGET_EXHAUSTED,-0.569954968886715,-0.5699549688867165,0.12430783164523429,0.891724947136384,0.13940154085004214,151,150,451,452,50963,203.64523673057556,140,151,226,0.9471134813400902,0,8588,8477,25542,1894581,7661.160810470581,1945544,25993,7864.806047201157,8739,fits/tv2_m16_cycle_00__X__s9101/p112/WARM_JOINT/WINNER.json,776f0f471805ce07d9a59b76a04ad1818b9b4785e752fb926b4399a2a9c43d28,cdc1444bb1fbc57c651244e6962a8088e6d8c7012f9b87978d1e1aba82e1913b,False,,,1281646,541,1615577,176280,69d7c1924b104da2a1deddb66470fe06b98e6557cd409edb06e5493577892a62,True,False
tv2_m16_cycle_00__X__s9101,tv2_m16_cycle_00,X,9101,114,FROZEN_LAYERWISE,CONVERGED,0.36835786465437914,0.36835786465437825,3.3747408807020395e-05,5.85823360017436e-05,0.5760679943868398,4,3,10,456,1140,4.590789079666138,2,4,2,0.0,0,645,533,1711,74441,300.3991403579712,75581,1721,304.98992943763733,649,fits/tv2_m16_cycle_00__X__s9101/p113/FROZEN_LAYERWISE/WINNER.json,77f20e7d58d18897632a95638d346071c961b9fcedd40e397fe3e91f6a92deb3,11bf6f22449d27980f262379c2fd5cc3c4dbedef026c6bdd671389ff1a4952e9,False,,,1292988,541,1629874,177840,5e1e7032b74503b471fff2a44bed7355c2e5920e3864c3354c00d65a6a9cd1e4,True,True
tv2_m16_cycle_00__X__s9101,tv2_m16_cycle_00,X,9101,114,WARM_JOINT,BUDGET_EXHAUSTED,-0.5756341399025029,-0.5756341399025018,0.12926866496485426,0.8944242113596873,0.14452724258027677,152,151,454,456,51756,206.56052994728088,140,152,228,1.6528481584607952,0,8739,8627,25993,1945544,7864.806047201157,1997300,26447,8071.3665771484375,8891,fits/tv2_m16_cycle_00__X__s9101/p113/WARM_JOINT/WINNER.json,cdc1444bb1fbc57c651244e6962a8088e6d8c7012f9b87978d1e1aba82e1913b,1d90e891c33baa57adb41b0a1a44b2f77f27c5c8d5bf8867889ac2328b99c3a9,False,,,1292988,541,1629874,177840,e82659049d71ce2dd2948d91ef4b3a00f4dc63d593f65713b0a0afb6297ce1bf,True,False
tv2_m16_cycle_00__X__s9101,tv2_m16_cycle_00,X,9101,115,FROZEN_LAYERWISE,CONVERGED,0.3683578646525356,0.36835786465253473,3.374782443700262e-05,5.858272181851162e-05,0.5760712952455993,4,3,10,460,1150,4.515673875808716,2,4,2,0.0,0,649,536,1721,75581,304.98992943763733,76731,1731,309.50560331344604,653,fits/tv2_m16_cycle_00__X__s9101/p114/FROZEN_LAYERWISE/WINNER.json,11bf6f22449d27980f262379c2fd5cc3c4dbedef026c6bdd671389ff1a4952e9,0c7b7dc32c661fc98339507c2b1ed7fd204883abd57337e9943d3e58b9de559a,False,,,1304330,541,1644171,179400,a97d31d1cf343699d5d453c68dbf800d2fd11bd6d005fdba67dd13bf926cc37e,True,True
tv2_m16_cycle_00__X__s9101,tv2_m16_cycle_00,X,9101,115,WARM_JOINT,BUDGET_EXHAUSTED,-0.5780433293137481,-0.5780433293137481,0.13225861356760488,0.8963916073400904,0.14754557325683,154,153,460,460,52900,207.90175366401672,143,154,230,0.4716445904137787,0,8891,8778,26447,1997300,8071.3665771484375,2050200,26907,8279.268330812454,9045,fits/tv2_m16_cycle_00__X__s9101/p114/WARM_JOINT/WINNER.json,1d90e891c33baa57adb41b0a1a44b2f77f27c5c8d5bf8867889ac2328b99c3a9,7f5d6359fe16bc2e5392b25f14866d90e82bb7bf4cd9dc65d79aa88935a1e088,False,,,1304330,541,1644171,179400,281bb13866c9f1334e15a03200bd89c5014e0190af9da2669b5027f28bf743b8,True,False
tv2_m16_cycle_00__X__s9101,tv2_m16_cycle_00,X,9101,116,FROZEN_LAYERWISE,CONVERGED,0.36835786464658216,0.36835786464658193,3.374729311196797e-05,5.858222697325738e-05,0.5760670916005551,4,3,10,464,1160,4.669885635375977,2,4,2,0.0,0,653,539,1731,76731,309.50560331344604,77891,1741,314.175488948822,657,fits/tv2_m16_cycle_00__X__s9101/p115/FROZEN_LAYERWISE/WINNER.json,0c7b7dc32c661fc98339507c2b1ed7fd204883abd57337e9943d3e58b9de559a,a2fa13b40bd0e127ff945dbe8ebb84aa963206da48e29d64f5d45ba66e78ba29,False,,,1315672,541,1658468,180960,e73efb7d5311365b2374200ccf4ce5838b5123f335e52a1eb778cd7d70a40ef2,True,True
tv2_m16_cycle_00__X__s9101,tv2_m16_cycle_00,X,9101,116,WARM_JOINT,BUDGET_EXHAUSTED,-0.5785615829326245,-0.5785615829326244,0.13351561394430334,0.8961896546479446,0.1489814273706976,155,154,463,464,53708,212.04822540283203,147,155,232,0.804688806281671,0,9045,8931,26907,2050200,8279.268330812454,2103908,27370,8491.316556215286,9200,fits/tv2_m16_cycle_00__X__s9101/p115/WARM_JOINT/WINNER.json,7f5d6359fe16bc2e5392b25f14866d90e82bb7bf4cd9dc65d79aa88935a1e088,e40a2ea6acf8bc0befb9f805308a0e1eb6f177eb1c6fc5f01a87472c59bc5979,False,,,1315672,541,1658468,180960,7b57f89fd290e90f3cbe4d0e3c81a51aee7300519b2ee6b343d3614473e67c20,True,False
tv2_m16_cycle_00__X__s9101,tv2_m16_cycle_00,X,9101,117,FROZEN_LAYERWISE,CONVERGED,0.3683578646167153,0.36835786461671516,3.3748981834560766e-05,5.8583786137181446e-05,0.5760805857704928,4,3,10,468,1170,4.570127010345459,2,4,2,0.0,0,657,542,1741,77891,314.175488948822,79061,1751,318.7456159591675,661,fits/tv2_m16_cycle_00__X__s9101/p116/FROZEN_LAYERWISE/WINNER.json,a2fa13b40bd0e127ff945dbe8ebb84aa963206da48e29d64f5d45ba66e78ba29,c1fbebcec9807b4981b197fd5db8310e68aa2e8e9ff21ff3dd7d261dc76eec40,False,,,1327014,541,1672765,182520,a5a3d8d6f252d693ad402a24c9a804384068e142dbca42b7ae62260a040af6fd,True,True
tv2_m16_cycle_00__X__s9101,tv2_m16_cycle_00,X,9101,117,WARM_JOINT,BUDGET_EXHAUSTED,-0.5788042146964626,-0.5788042146964633,0.13340256273630555,0.8965003210451521,0.14880369767272705,156,155,466,468,54522,216.81650137901306,146,156,234,0.5455405441413466,0,9200,9085,27370,2103908,8491.316556215286,2158430,27836,8708.1330575943,9356,fits/tv2_m16_cycle_00__X__s9101/p116/WARM_JOINT/WINNER.json,e40a2ea6acf8bc0befb9f805308a0e1eb6f177eb1c6fc5f01a87472c59bc5979,a2600ea73d0fdbb899007ce8695c51589f7ae9e343861db087759fadb66c5a8f,False,,,1327014,541,1672765,182520,63438d8a10ec2aa52ac7130f394f1570827df88bf3d1b8538fd9b9f07c87e945,True,False
tv2_m16_cycle_00__X__s9101,tv2_m16_cycle_00,X,9101,118,FROZEN_LAYERWISE,CONVERGED,0.3683578646082979,0.36835786460829834,3.37497978798493e-05,5.8584535615697296e-05,0.5760871452705736,4,3,10,472,1180,4.645074129104614,2,4,2,0.0,0,661,545,1751,79061,318.7456159591675,80241,1761,323.3906900882721,665,fits/tv2_m16_cycle_00__X__s9101/p117/FROZEN_LAYERWISE/WINNER.json,c1fbebcec9807b4981b197fd5db8310e68aa2e8e9ff21ff3dd7d261dc76eec40,1c0cb71f847e5c03eea8473fa4ecb9e99240eeac386170997681319357542972,False,,,1338356,541,1687062,184080,827807cb7e13f4584d8251c66a4d7629bda288528193a19989e4d99744b61c86,True,True
tv2_m16_cycle_00__X__s9101,tv2_m16_cycle_00,X,9101,118,WARM_JOINT,BUDGET_EXHAUSTED,-0.5800337312188073,-0.5800337312188072,0.13462728405488308,0.8967556855808437,0.15012704822460393,158,157,472,472,55696,225.51222968101501,142,158,236,0.8766144046571851,0,9356,9240,27836,2158430,8708.1330575943,2214126,28308,8933.645287275314,9514,fits/tv2_m16_cycle_00__X__s9101/p117/WARM_JOINT/WINNER.json,a2600ea73d0fdbb899007ce8695c51589f7ae9e343861db087759fadb66c5a8f,6f758ee042e0b92a8cc8317c46fdbdd149a96b9f2bf5e9e8789c438cbf3b7302,False,,,1338356,541,1687062,184080,7e660afc9cbe89cf2b1a262fc09662791d5aa530254acdced7304926c1aea809,True,False
tv2_m16_cycle_00__X__s9101,tv2_m16_cycle_00,X,9101,119,FROZEN_LAYERWISE,CONVERGED,0.36835786458423425,0.36835786458423436,3.3751158145435924e-05,5.8585773811153035e-05,0.576098188175005,4,3,10,476,1190,4.760288238525391,2,4,2,0.0,0,665,548,1761,80241,323.3906900882721,81431,1771,328.1509783267975,669,fits/tv2_m16_cycle_00__X__s9101/p118/FROZEN_LAYERWISE/WINNER.json,1c0cb71f847e5c03eea8473fa4ecb9e99240eeac386170997681319357542972,6390dd75899d263078f2901f66745b255ca13b4a6960ba938fa562ab5937e88d,False,,,1349698,541,1701359,185640,d4a1abc0d24bd8cb90bff6be9dad778a7b15cb097c1fbbc66baa9d1f918ec890,True,True
tv2_m16_cycle_00__X__s9101,tv2_m16_cycle_00,X,9101,119,WARM_JOINT,BUDGET_EXHAUSTED,-0.5882331122249157,-0.5882331122249149,0.1413060876409048,0.903276911844219,0.15643717423530773,159,158,475,476,56525,226.66415333747864,145,159,238,1.4697242695578068,0,9514,9397,28308,2214126,8933.645287275314,2270651,28783,9160.309440612793,9673,fits/tv2_m16_cycle_00__X__s9101/p118/WARM_JOINT/WINNER.json,6f758ee042e0b92a8cc8317c46fdbdd149a96b9f2bf5e9e8789c438cbf3b7302,f6519eddca6dabfecba25f8fe71b6d70210c8b2fa452b6c71d396e4fd96cb65f,False,,,1349698,541,1701359,185640,13c083a642d09978af9d1e4a3d8e79895fb7863cd63b26c1ff540cd02024e3ef,True,False
tv2_m16_cycle_00__X__s9101,tv2_m16_cycle_00,X,9101,120,FROZEN_LAYERWISE,CONVERGED,0.36835786458059283,0.3683578645805933,3.375068921375487e-05,5.8585345467897496e-05,0.5760943960337136,4,3,10,480,1200,4.868646144866943,2,4,2,0.0,0,669,551,1771,81431,328.1509783267975,82631,1781,333.01962447166443,673,fits/tv2_m16_cycle_00__X__s9101/p119/FROZEN_LAYERWISE/WINNER.json,6390dd75899d263078f2901f66745b255ca13b4a6960ba938fa562ab5937e88d,1ed516f21fcc7bd3816384b86e6af090f0d7c6bb63b8bf93ea1f91d7d086613b,True,1feb9b0112c4251f15fa3025085cf0e73ca4b5df060bbfd7174351665495950a,6.272794629991203e-16,1361040,541,1715656,187200,4ba982e0dc1d0398facf245b1958185ef756b820d541bca14b65f67bbb63c9c5,True,True
tv2_m16_cycle_00__X__s9101,tv2_m16_cycle_00,X,9101,120,WARM_JOINT,BUDGET_EXHAUSTED,-0.6015510782135243,-0.6015510782135223,0.1416812909334488,0.9170931918042802,0.15448952429218935,160,159,478,480,57360,232.9548408985138,151,160,240,1.726681006820203,0,9673,9555,28783,2270651,9160.309440612793,2328011,29261,9393.264281511307,9833,fits/tv2_m16_cycle_00__X__s9101/p119/WARM_JOINT/WINNER.json,f6519eddca6dabfecba25f8fe71b6d70210c8b2fa452b6c71d396e4fd96cb65f,00bd3a2f042fc4c93c2ba9b20ab11796242d99e85459f807a546b1b6be4ceedf,True,58f9f9f74468cd91b4ed9576ac2e1253e472b1986f1c7b7e6800de4f8fde6806,2.5149063476335817e-15,1361040,541,1715656,187200,cb2144896e03894d4d24bbbd05c7d71511ec35239e3795716d06977c1874c0b7,True,False
tv2_m16_cycle_00__X__s9101,tv2_m16_cycle_00,X,9101,120,RANDOM_JOINT,BUDGET_EXHAUSTED,-0.34812825510825335,-0.3481282551082535,0.08064094939110693,0.7097592772407717,0.11361732347423913,160,160,480,480,57600,234.5014202594757,150,160,240,3.435605046762203,0,0,0,0,0,0.0,57600,480,234.5014202594757,160,,,6ec6813e6dbd419daf998d910a9f55a24799a4d98da24c4f07ce2553c6d5ff42,True,9eb1f86097f5ccec7a8d10e58612239b51e7d18426a76677f6137751a792cbdc,7.499143576176369e-16,1361040,541,1715656,187200,26f26655be9d14a0275fe831f2b6f596b3ce1ee99860183bddd9cdb2dc312bcf,False,False
tv2_m16_cycle_00__MULTI__s9101,tv2_m16_cycle_00,MULTI,9101,1,SHARED_P1,CONVERGED,0.6043736446703856,0.6043736446703858,6.12356191827294e-05,0.0005004307591737787,0.12236581796816536,11,11,33,64,33,0.18239188194274902,3,11,2,,0,0,0,0,0,0.0,33,33,0.18239188194274902,11,,,c83dd0dce2e42927600061c730bc8ff529015c7f3ebc1ccd15cfed411e45ae7e,True,44d616f5006d7f0313ec1254367417a955b0ce56e0544b863ecf116eb6b31974,1.9263438339704046e-17,11446,541,14513,1560,5f6153222d01c7e657ed34dd2b668b4388583c4f3d35eaa6e313b6b75b345516,False,False
tv2_m16_cycle_00__MULTI__s9101,tv2_m16_cycle_00,MULTI,9101,2,FROZEN_LAYERWISE,CONVERGED,0.5237865470841019,0.5237865470841017,7.923887283905908e-05,0.00045815102669799875,0.17295360748212682,7,6,19,64,38,0.17989754676818848,4,7,2,0.0,0,11,11,33,33,0.18239188194274902,71,52,0.3622894287109375,18,fits/tv2_m16_cycle_00__MULTI__s9101/p001/SHARED_P1/WINNER.json,c83dd0dce2e42927600061c730bc8ff529015c7f3ebc1ccd15cfed411e45ae7e,0e02f69e9bc9f09b0451215d270a4e749b5cf4519b9d3cd37744c812192b9b32,False,,,22892,541,29010,3120,f1a8bcb622a48ffbc4a08c5a77763479c8e8db387455c5025a94a30cabfbae76,True,True
tv2_m16_cycle_00__MULTI__s9101,tv2_m16_cycle_00,MULTI,9101,2,WARM_JOINT,CONVERGED,0.5237865470841019,0.5237865470841017,7.923887283905908e-05,0.00045815102669799875,0.17295360748212682,7,6,19,64,38,0.17553210258483887,4,7,4,0.0,0,11,11,33,33,0.18239188194274902,71,52,0.3579239845275879,18,fits/tv2_m16_cycle_00__MULTI__s9101/p001/SHARED_P1/WINNER.json,c83dd0dce2e42927600061c730bc8ff529015c7f3ebc1ccd15cfed411e45ae7e,d7a893dacd4205feb95242fdfacf1c7f74f34f4a508e60d1fb06fd274ba97286,False,,,22892,541,29010,3120,f1a8bcb622a48ffbc4a08c5a77763479c8e8db387455c5025a94a30cabfbae76,True,False
tv2_m16_cycle_00__MULTI__s9101,tv2_m16_cycle_00,MULTI,9101,3,FROZEN_LAYERWISE,CONVERGED,0.4695024584568064,0.4695024584568065,3.278730520211488e-05,0.0002135128081663662,0.15356130380978114,6,5,16,64,48,0.19697356224060059,4,6,2,0.0,0,18,17,52,71,0.3622894287109375,119,68,0.5592629909515381,24,fits/tv2_m16_cycle_00__MULTI__s9101/p002/FROZEN_LAYERWISE/WINNER.json,0e02f69e9bc9f09b0451215d270a4e749b5cf4519b9d3cd37744c812192b9b32,e37ca1c2e2562c4cbe0a2791871fb69a071eb8b06d7b6c20c082bbb2519cf155,False,,,34338,541,43507,4680,27819f197b0d2c27f981d0a8953eb9be97dbc6e6fa51997cd521f0706fa0cbd7,True,True
tv2_m16_cycle_00__MULTI__s9101,tv2_m16_cycle_00,MULTI,9101,3,WARM_JOINT,CONVERGED,0.4661579020743801,0.4661579020743798,8.501265169978035e-05,0.00029853337044267114,0.28476766792845276,12,11,34,64,102,0.4243142604827881,9,12,6,2.3324147212400526,0,18,17,52,71,0.3579239845275879,173,86,0.782238245010376,30,fits/tv2_m16_cycle_00__MULTI__s9101/p002/WARM_JOINT/WINNER.json,d7a893dacd4205feb95242fdfacf1c7f74f34f4a508e60d1fb06fd274ba97286,949ed3d3dfceeb893b06964cbf3b3a6f9616071310481e7b5991834731f7d1d9,False,,,34338,541,43507,4680,27819f197b0d2c27f981d0a8953eb9be97dbc6e6fa51997cd521f0706fa0cbd7,True,False
tv2_m16_cycle_00__MULTI__s9101,tv2_m16_cycle_00,MULTI,9101,4,FROZEN_LAYERWISE,CONVERGED,0.45130413175967576,0.4513041317596753,4.6899115358221495e-06,6.65978503982444e-05,0.0704213650707528,11,10,31,64,124,0.47260236740112305,8,11,2,0.0,0,24,22,68,119,0.5592629909515381,243,99,1.0318653583526611,35,fits/tv2_m16_cycle_00__MULTI__s9101/p003/FROZEN_LAYERWISE/WINNER.json,e37ca1c2e2562c4cbe0a2791871fb69a071eb8b06d7b6c20c082bbb2519cf155,9239df587935f1aa00b0d2100aa933fb108a064bf7beed1d751a5c244643e7a8,True,ce0462b4d7d823d159db89997104690690e30fc1b6f897fa3047daad35170064,1.443994491455211e-16,45784,541,58004,6240,6955cdb2902969c877382400e183e30027f1f49ae5b8505612cc5c34eaba7bce,True,True
tv2_m16_cycle_00__MULTI__s9101,tv2_m16_cycle_00,MULTI,9101,4,WARM_JOINT,BUDGET_EXHAUSTED,0.4392306149936539,0.43923061499365446,2.8803503222099585e-05,0.00010800852106351841,0.2666780633461375,22,21,64,64,256,0.9889628887176514,15,22,8,5.337548978773851,0,30,28,86,173,0.782238245010376,429,150,1.7712011337280273,52,fits/tv2_m16_cycle_00__MULTI__s9101/p003/WARM_JOINT/WINNER.json,949ed3d3dfceeb893b06964cbf3b3a6f9616071310481e7b5991834731f7d1d9,0574594a58b2f9a61812db24413335c4f998a2bb482ddd197ef6cd5182c46145,True,e416b24e9e73fb8a357dc8e6c16f467fdeb8444a20145afde1d365b3d7d74603,1.594813855221478e-16,45784,541,58004,6240,c9e25cfea0ce9a200472ca9629a3a071ee05644eadc267854f29430eabab9193,True,False
tv2_m16_cycle_00__MULTI__s9101,tv2_m16_cycle_00,MULTI,9101,4,RANDOM_JOINT,CONVERGED,0.4390131293594346,0.4390131293594348,4.849690459685637e-05,0.0003804068916971501,0.12748692427861105,21,21,63,64,252,0.9660820960998535,18,21,8,4.366242136195955,0,0,0,0,0,0.0,252,63,0.9660820960998535,21,,,4ea3c57cf967871f189a86e1800313ccb2d0642ce24449290010dd258adfc856,True,0d438a35d50397be7324996743301c40d8b147ba3ea635e57776dbd693d5922d,9.185848120258998e-17,45784,541,58004,6240,a5be26f77be89ce9d6e4629a0ff59727f2274da3562f904736a9c712aea973e8,False,False
tv2_m16_cycle_00__MULTI__s9101,tv2_m16_cycle_00,MULTI,9101,5,FROZEN_LAYERWISE,CONVERGED,0.4418773516280353,0.44187735162803554,1.4063387388257849e-05,0.00013044454942947513,0.10781123051723386,11,10,31,64,155,0.5911602973937988,7,11,2,0.0,0,35,32,99,243,1.0318653583526611,398,130,1.62302565574646,46,fits/tv2_m16_cycle_00__MULTI__s9101/p004/FROZEN_LAYERWISE/WINNER.json,9239df587935f1aa00b0d2100aa933fb108a064bf7beed1d751a5c244643e7a8,d819a7caa98603135b912c6ea2d26cb8184045fc8a14b550f11ebf865ca9ecc3,False,,,57230,541,72501,7800,f98b445609b3414623591e96a6dcd7c1f417cb4118541260cc8d584dbc2b566a,True,True
tv2_m16_cycle_00__MULTI__s9101,tv2_m16_cycle_00,MULTI,9101,5,WARM_JOINT,BUDGET_EXHAUSTED,0.43682298326175495,0.43682298326175517,0.000122127982604933,0.0003297491054155845,0.3703663803758147,22,21,64,64,320,1.219513177871704,15,22,10,1.751778130940799,0,52,49,150,429,1.7712011337280273,749,214,2.9907143115997314,74,fits/tv2_m16_cycle_00__MULTI__s9101/p004/WARM_JOINT/WINNER.json,0574594a58b2f9a61812db24413335c4f998a2bb482ddd197ef6cd5182c46145,0edfb1c837ccdaf9a0bccc354257dcf50946f6974cd853533f46a00f6d79240c,False,,,57230,541,72501,7800,96bd43d5b8dad20175de810e34c9faa500d4af97db7db33a1fbc634030a6fd53,True,False
tv2_m16_cycle_00__MULTI__s9101,tv2_m16_cycle_00,MULTI,9101,6,FROZEN_LAYERWISE,CONVERGED,0.4344636332148701,0.43446363321487114,1.7515113411020522e-05,9.116782267095915e-05,0.19211946603392815,13,12,37,64,222,0.8198559284210205,7,13,2,0.0,0,46,42,130,398,1.62302565574646,620,167,2.4428815841674805,59,fits/tv2_m16_cycle_00__MULTI__s9101/p005/FROZEN_LAYERWISE/WINNER.json,d819a7caa98603135b912c6ea2d26cb8184045fc8a14b550f11ebf865ca9ecc3,359fbf4523cfbce43975c63f105b2fb64c395281a896f538302067a8642e854f,False,,,68676,541,86998,9360,1103f0a399283cfa254893619116bc1439ea98cb2dc40c933bbf008256612177,True,True
tv2_m16_cycle_00__MULTI__s9101,tv2_m16_cycle_00,MULTI,9101,6,WARM_JOINT,BUDGET_EXHAUSTED,0.43193099863243023,0.43193099863243023,0.00027384026907112825,0.0009022514535569734,0.30350770618496586,22,21,64,64,384,1.4105968475341797,16,22,12,3.0726248318696525,0,74,70,214,749,2.9907143115997314,1133,278,4.401311159133911,96,fits/tv2_m16_cycle_00__MULTI__s9101/p005/WARM_JOINT/WINNER.json,0edfb1c837ccdaf9a0bccc354257dcf50946f6974cd853533f46a00f6d79240c,279b566530d874850d171631b58a41064cd0d1d911e00f15bf9ccea7c878f986,False,,,68676,541,86998,9360,199620efbc4247ddbc4a699673e7d6f2248fa46a53414501473c5552fa9bf1cd,True,False
tv2_m16_cycle_00__MULTI__s9101,tv2_m16_cycle_00,MULTI,9101,7,FROZEN_LAYERWISE,CONVERGED,0.42884419175706534,0.4288441917570647,3.67058282754348e-05,0.00018016834191537552,0.2037307325205635,13,12,37,64,259,0.9475226402282715,5,13,2,0.0,0,59,54,167,620,2.4428815841674805,879,204,3.390404224395752,72,fits/tv2_m16_cycle_00__MULTI__s9101/p006/FROZEN_LAYERWISE/WINNER.json,359fbf4523cfbce43975c63f105b2fb64c395281a896f538302067a8642e854f,81c075a8a2dd06210109f99f9fe40a4a2633f640bfe0cc529a12ee45ae469f08,False,,,80122,541,101495,10920,a560193c614e7eee9d8b374735406f9840288f93a09dffcbb15ddcf610e8129e,True,True
tv2_m16_cycle_00__MULTI__s9101,tv2_m16_cycle_00,MULTI,9101,7,WARM_JOINT,BUDGET_EXHAUSTED,0.4225846773182498,0.4225846773182491,0.001937181149341714,0.009670957088889374,0.2003091453654855,22,21,64,64,448,1.5999789237976074,17,22,14,1.8994763705733195,0,96,91,278,1133,4.401311159133911,1581,342,6.0012900829315186,118,fits/tv2_m16_cycle_00__MULTI__s9101/p006/WARM_JOINT/WINNER.json,279b566530d874850d171631b58a41064cd0d1d911e00f15bf9ccea7c878f986,ac737b3e8b0d9716c8c6a751f9483cd39c17ba8fa9a7258a159d1fee886c5ecb,False,,,80122,541,101495,10920,098082f89c4a9085445c03ba5c590a07cd510461d0fdddcbe0b51f9bafc52dfe,True,False
tv2_m16_cycle_00__MULTI__s9101,tv2_m16_cycle_00,MULTI,9101,8,FROZEN_LAYERWISE,CONVERGED,0.4234965875973989,0.4234965875973991,3.925716584055953e-05,0.0001399460474341641,0.2805164315843045,13,12,37,64,296,1.0812287330627441,7,13,2,0.0,0,72,66,204,879,3.390404224395752,1175,241,4.471632957458496,85,fits/tv2_m16_cycle_00__MULTI__s9101/p007/FROZEN_LAYERWISE/WINNER.json,81c075a8a2dd06210109f99f9fe40a4a2633f640bfe0cc529a12ee45ae469f08,648f4a098fc3479e21ba87a8922404a81f453504fe7cd563b90d539c3fb31d59,True,5e68a571cbc288031d449d7145aadaabb8dc9529617757a4df1cf35d74cfebb1,2.2618026913899e-16,91568,541,115992,12480,33dee5503dd8537f991768d9f3160512e8f35a15bfdb764012693e72fb234e82,True,True
tv2_m16_cycle_00__MULTI__s9101,tv2_m16_cycle_00,MULTI,9101,8,WARM_JOINT,BUDGET_EXHAUSTED,0.41797298344735606,0.4179729834473559,0.0030444255034511635,0.015702896445360166,0.19387668472784964,22,21,64,64,512,1.8392484188079834,20,22,16,2.223212627131442,0,118,112,342,1581,6.0012900829315186,2093,406,7.840538501739502,140,fits/tv2_m16_cycle_00__MULTI__s9101/p007/WARM_JOINT/WINNER.json,ac737b3e8b0d9716c8c6a751f9483cd39c17ba8fa9a7258a159d1fee886c5ecb,fe1c7198407708e11b149c9c517c48c3c0e9918ac4e1df64bbf76959b39dce72,True,7c1ea890349875fab2307c7fc5c73cb46b9aaae2f3348353df3ac3e3d2ee52a7,2.502815843029504e-16,91568,541,115992,12480,6bb9a83cd043955cfb886ad1f38e586131a6ceb95b94d2820471318ee5f8198f,True,False
tv2_m16_cycle_00__MULTI__s9101,tv2_m16_cycle_00,MULTI,9101,8,RANDOM_JOINT,BUDGET_EXHAUSTED,0.42338408484811363,0.4233840848481136,0.0015108109503290709,0.008856641716078445,0.1705850816553105,21,21,63,64,504,1.7883884906768799,11,21,16,3.3301157656164646,0,0,0,0,0,0.0,504,63,1.7883884906768799,21,,,5276939230fc7028cb406ad36675cb06bffa93b0edce1ec273b11ad02e8529b4,True,6a8cd1439299bab0080fda72ccfb32b07a90d6e85a23f6bff7148e7068c08f34,3.569485997778505e-16,91568,541,115992,12480,c7c4b5047c66152ff24e96c32cb3fc7c7e6709e5cfeba7e933706f1cdac3565f,False,False
tv2_m16_cycle_00__MULTI__s9101,tv2_m16_cycle_00,MULTI,9101,9,FROZEN_LAYERWISE,CONVERGED,0.41925434658958777,0.41925434658958827,1.7105870585829128e-05,9.464511097812818e-05,0.18073697002460248,15,14,43,64,387,1.3949997425079346,6,15,2,0.0,0,85,78,241,1175,4.471632957458496,1562,284,5.866632699966431,100,fits/tv2_m16_cycle_00__MULTI__s9101/p008/FROZEN_LAYERWISE/WINNER.json,648f4a098fc3479e21ba87a8922404a81f453504fe7cd563b90d539c3fb31d59,f8573ed804f2c0de8e0c41ccc2488e2611db6ff37d19a98cadb10c39fdc32d44,False,,,103014,541,130489,14040,e460cca05246c37bfac8ae8d0ddcba17d64f9087709393897fa7202e35cb90e6,True,True
tv2_m16_cycle_00__MULTI__s9101,tv2_m16_cycle_00,MULTI,9101,9,WARM_JOINT,BUDGET_EXHAUSTED,0.41712967721571725,0.4171296772157173,0.003237376434855275,0.01676373075608901,0.19311789732004486,22,21,64,64,576,2.0449154376983643,16,21,18,1.3512247973883802,0,140,133,406,2093,7.840538501739502,2669,470,9.885453939437866,162,fits/tv2_m16_cycle_00__MULTI__s9101/p008/WARM_JOINT/WINNER.json,fe1c7198407708e11b149c9c517c48c3c0e9918ac4e1df64bbf76959b39dce72,29c9c80024f115c882bc90d9f199d9a0236d5ab29a506e8548c96633e9356248,False,,,103014,541,130489,14040,01b11c10eaf04a433e67d299bd8285fc8b9c34c0a3a8e5532d0974381e017043,True,False
tv2_m16_cycle_00__MULTI__s9101,tv2_m16_cycle_00,MULTI,9101,10,FROZEN_LAYERWISE,CONVERGED,0.41590886197163024,0.4159088619716307,2.1615490355323405e-05,8.908578932148388e-05,0.24263679448716097,18,17,52,64,520,1.8348727226257324,9,18,2,0.0,0,100,92,284,1562,5.866632699966431,2082,336,7.701505422592163,118,fits/tv2_m16_cycle_00__MULTI__s9101/p009/FROZEN_LAYERWISE/WINNER.json,f8573ed804f2c0de8e0c41ccc2488e2611db6ff37d19a98cadb10c39fdc32d44,e7b5f58dddbc4c1d9d2b685e3b186e6f52b8947242873fc04c03f4766f92af7f,False,,,114460,541,144986,15600,17d26496883e16b686d5f0f7ae135f4d69c3cd87036c8c70e0e14a248f1d90ab,True,True
tv2_m16_cycle_00__MULTI__s9101,tv2_m16_cycle_00,MULTI,9101,10,WARM_JOINT,BUDGET_EXHAUSTED,0.41611779669465776,0.4161177966946584,0.00351414738589801,0.01790096285897366,0.19631052327089693,22,21,64,64,640,2.2344346046447754,16,22,20,1.453045041208106,0,162,154,470,2669,9.885453939437866,3309,534,12.119888544082642,184,fits/tv2_m16_cycle_00__MULTI__s9101/p009/WARM_JOINT/WINNER.json,29c9c80024f115c882bc90d9f199d9a0236d5ab29a506e8548c96633e9356248,6f588d3d5b82fb0d58ac5076bf511d825e109a8e907322fb042f19bf01321623,False,,,114460,541,144986,15600,3e70351a0edf0107e65958e7b3c112dbda3698ce0c30e83aeeb0ad5f99b718be,True,False
tv2_m16_cycle_00__MULTI__s9101,tv2_m16_cycle_00,MULTI,9101,11,FROZEN_LAYERWISE,CONVERGED,0.4126205261782042,0.4126205261782037,7.629499657594453e-06,7.05811863203555e-05,0.10809537293642962,12,11,34,64,374,1.264512062072754,5,12,2,0.0,0,118,109,336,2082,7.701505422592163,2456,370,8.966017484664917,130,fits/tv2_m16_cycle_00__MULTI__s9101/p010/FROZEN_LAYERWISE/WINNER.json,e7b5f58dddbc4c1d9d2b685e3b186e6f52b8947242873fc04c03f4766f92af7f,d2543c877f385c67412eae422ad88c75c59eef956f2906c762ad9114a1ab9eba,False,,,125906,541,159483,17160,3b5c3c95425fa53a3acccc67843233a23963f8db333db8f9d452e92002a6b76c,True,True
tv2_m16_cycle_00__MULTI__s9101,tv2_m16_cycle_00,MULTI,9101,11,WARM_JOINT,BUDGET_EXHAUSTED,0.4155005065737268,0.41550050657372717,0.0037089113367704545,0.018636404904976415,0.19901431395601824,22,21,64,64,704,2.4794437885284424,19,22,22,0.9169197497633501,0,184,175,534,3309,12.119888544082642,4013,598,14.599332332611084,206,fits/tv2_m16_cycle_00__MULTI__s9101/p010/WARM_JOINT/WINNER.json,6f588d3d5b82fb0d58ac5076bf511d825e109a8e907322fb042f19bf01321623,75358ee65ceddf5d5fbc1ff54ace87eb10fd50731b2ca777443124adcbc9a48d,False,,,125906,541,159483,17160,f4be6e54614ef135826461ffc698fa0edc2c9066e83aac6d3a3efdf28aa4c272,True,False
tv2_m16_cycle_00__MULTI__s9101,tv2_m16_cycle_00,MULTI,9101,12,FROZEN_LAYERWISE,CONVERGED,0.40969577460035034,0.4096957746003506,1.0339956837961091e-05,7.522161179309778e-05,0.13745992131093726,15,14,43,64,516,1.7891461849212646,6,15,2,0.0,0,130,120,370,2456,8.966017484664917,2972,413,10.755163669586182,145,fits/tv2_m16_cycle_00__MULTI__s9101/p011/FROZEN_LAYERWISE/WINNER.json,d2543c877f385c67412eae422ad88c75c59eef956f2906c762ad9114a1ab9eba,ad0e66b98dd353701d4884a1ff8f878576c5a662164c84413bb1c26666cbd83f,False,,,137352,541,173980,18720,c8176367e29577335f38fce0690438fa28c0d4c17ce24e16f868abf8765aa279,True,True
tv2_m16_cycle_00__MULTI__s9101,tv2_m16_cycle_00,MULTI,9101,12,WARM_JOINT,BUDGET_EXHAUSTED,0.41518799887929525,0.41518799887929597,0.003634185873826274,0.018654469373857084,0.1948158267594214,22,21,64,64,768,2.7134037017822266,19,22,24,0.5310352639025018,0,206,196,598,4013,14.599332332611084,4781,662,17.31273603439331,228,fits/tv2_m16_cycle_00__MULTI__s9101/p011/WARM_JOINT/WINNER.json,75358ee65ceddf5d5fbc1ff54ace87eb10fd50731b2ca777443124adcbc9a48d,2b9a72b49ccec92a78620929e4269d7e791f403e294f268ef0ac89b5e5f8ba11,False,,,137352,541,173980,18720,f35b1e0a93d72dc5dea9bcd55bd36b30b3cce2a10269956eb7ac67d6df81d68d,True,False
tv2_m16_cycle_00__MULTI__s9101,tv2_m16_cycle_00,MULTI,9101,13,FROZEN_LAYERWISE,CONVERGED,0.40737494327890833,0.4073749432789083,1.4732962860064216e-05,7.919703236534808e-05,0.18602922887436987,14,13,40,64,520,1.8605103492736816,5,14,2,0.0,0,145,134,413,2972,10.755163669586182,3492,453,12.615674018859863,159,fits/tv2_m16_cycle_00__MULTI__s9101/p012/FROZEN_LAYERWISE/WINNER.json,ad0e66b98dd353701d4884a1ff8f878576c5a662164c84413bb1c26666cbd83f,be4e9fef5c3a8ce22dc16b0328886f2867b29f2abd8bcd6961b592b1b54d24f7,False,,,148798,541,188477,20280,3856290f1d40a398e34d11ade0d03f03ca2bb41f0876ed1ed1ade79034aa3333,True,True
tv2_m16_cycle_00__MULTI__s9101,tv2_m16_cycle_00,MULTI,9101,13,WARM_JOINT,BUDGET_EXHAUSTED,0.41488278967092573,0.41488278967092584,0.003714716361961109,0.01901649439231374,0.19534180618813513,22,21,64,64,832,2.9513580799102783,19,22,26,1.0948585267886917,0,228,217,662,4781,17.31273603439331,5613,726,20.26409411430359,250,fits/tv2_m16_cycle_00__MULTI__s9101/p012/WARM_JOINT/WINNER.json,2b9a72b49ccec92a78620929e4269d7e791f403e294f268ef0ac89b5e5f8ba11,db4609fc0cadb6c482def0b188977a3970d0b6cfca19dc75a471b72f36091c3a,False,,,148798,541,188477,20280,cecde2069c5941c0121e09751cc97b12fccd81fe83b803cb839525fcecea4ebb,True,False
tv2_m16_cycle_00__MULTI__s9101,tv2_m16_cycle_00,MULTI,9101,14,FROZEN_LAYERWISE,CONVERGED,0.405743005702921,0.405743005702921,2.2569143403062113e-05,9.832207013100885e-05,0.22954300466812738,14,13,40,64,560,1.9467806816101074,6,14,2,0.0,0,159,147,453,3492,12.615674018859863,4052,493,14.56245470046997,173,fits/tv2_m16_cycle_00__MULTI__s9101/p013/FROZEN_LAYERWISE/WINNER.json,be4e9fef5c3a8ce22dc16b0328886f2867b29f2abd8bcd6961b592b1b54d24f7,d921d8f0401e2045a05f6a671ae1d7517ce6febe3317e2ecc6fe808c7f27cc96,False,,,160244,541,202974,21840,2b91f7c0f463f88103cd1dc280a0aec64ddf2a52746fde75be24b3eb200a33d3,True,True
tv2_m16_cycle_00__MULTI__s9101,tv2_m16_cycle_00,MULTI,9101,14,WARM_JOINT,BUDGET_EXHAUSTED,0.41469326611672386,0.4146932661167242,0.003710835633718728,0.01916862289462871,0.19358905718566516,22,21,64,64,896,3.1428909301757812,17,22,28,1.0175912831163734,0,250,238,726,5613,20.26409411430359,6509,790,23.40698504447937,272,fits/tv2_m16_cycle_00__MULTI__s9101/p013/WARM_JOINT/WINNER.json,db4609fc0cadb6c482def0b188977a3970d0b6cfca19dc75a471b72f36091c3a,df37850d539a6e85b1310176b02914f229c6257202f6a620660d21e7363dede1,False,,,160244,541,202974,21840,3da7784cbf1c6295131b4edbb3275fb14101ec9697698d2cb3699784d6c53e0a,True,False
tv2_m16_cycle_00__MULTI__s9101,tv2_m16_cycle_00,MULTI,9101,15,FROZEN_LAYERWISE,CONVERGED,0.405743005699845,0.405743005699845,2.2569523826689385e-05,9.832318254620184e-05,0.2295442767638651,4,3,10,64,150,0.532977819442749,2,4,2,0.0,0,173,160,493,4052,14.56245470046997,4202,503,15.09543251991272,177,fits/tv2_m16_cycle_00__MULTI__s9101/p014/FROZEN_LAYERWISE/WINNER.json,d921d8f0401e2045a05f6a671ae1d7517ce6febe3317e2ecc6fe808c7f27cc96,8eb6e8c5523a7a0a909390f2b47a1775fae48dc0b86a6fe82b9de8bc9f3f4c0c,False,,,171690,541,217471,23400,4aaafc26e9341487bb2153a6fb57f4086312b7c4779ce219a1463fd8063ce9f1,True,True
tv2_m16_cycle_00__MULTI__s9101,tv2_m16_cycle_00,MULTI,9101,15,WARM_JOINT,BUDGET_EXHAUSTED,0.41462688307725926,0.4146268830772596,0.003721005791499385,0.019230154198195577,0.19349848956741794,22,21,64,64,960,3.293123722076416,18,22,30,0.4182915214651248,0,272,259,790,6509,23.40698504447937,7469,854,26.700108766555786,294,fits/tv2_m16_cycle_00__MULTI__s9101/p014/WARM_JOINT/WINNER.json,df37850d539a6e85b1310176b02914f229c6257202f6a620660d21e7363dede1,7f4619b100f04c83564c39c08aa54afad5506d4e3c162d4c7e4a2cecbbe79233,False,,,171690,541,217471,23400,09534c4d51c58d429a80186f0e4eed87211239cde0c6c9a30f011b519c2f194a,True,False
tv2_m16_cycle_00__MULTI__s9101,tv2_m16_cycle_00,MULTI,9101,16,FROZEN_LAYERWISE,CONVERGED,0.4044372914830175,0.40443729148301766,1.4855740753703816e-05,8.533896157528518e-05,0.1740792303946449,15,14,43,64,688,2.39540696144104,5,15,2,0.0,0,177,163,503,4202,15.09543251991272,4890,546,17.49083948135376,192,fits/tv2_m16_cycle_00__MULTI__s9101/p015/FROZEN_LAYERWISE/WINNER.json,8eb6e8c5523a7a0a909390f2b47a1775fae48dc0b86a6fe82b9de8bc9f3f4c0c,5340cddddb08d0db02e58932d58601233eb0fea19bda30069ad2e8f470486bf6,True,70cdca51c022ee83a01e20e9ce296f7f55b0a6ae916aa3c62e0ed9dc716c6c42,7.223707037843892e-16,183136,541,231968,24960,0c40957855b28b36c17dc96eb78fa73770d58875134443169eaa6cf10a0e7efc,True,True
tv2_m16_cycle_00__MULTI__s9101,tv2_m16_cycle_00,MULTI,9101,16,WARM_JOINT,BUDGET_EXHAUSTED,0.414457716763467,0.414457716763467,0.003776997849217643,0.019483519455438924,0.19385603601320986,22,21,64,64,1024,3.5943496227264404,18,22,32,0.8260055086097703,0,294,280,854,7469,26.700108766555786,8493,918,30.294458389282227,316,fits/tv2_m16_cycle_00__MULTI__s9101/p015/WARM_JOINT/WINNER.json,7f4619b100f04c83564c39c08aa54afad5506d4e3c162d4c7e4a2cecbbe79233,85de9753796166eeed87404632302b7968da184276cfe00a2e7b552c68929bf6,True,a6a5a11e75303e03d243ce9879aa7b566b87dde7760279b06e832358c438f821,3.0928835290335143e-16,183136,541,231968,24960,828a7d30157b72225a89f3a1344688ee12eacb32d51cabffbcbdb456aff16465,True,False
tv2_m16_cycle_00__MULTI__s9101,tv2_m16_cycle_00,MULTI,9101,16,RANDOM_JOINT,BUDGET_EXHAUSTED,0.414157836681915,0.4141578366819152,0.0028404662048357844,0.013714830754894986,0.20710909639347816,21,21,63,64,1008,3.4946460723876953,12,21,32,2.4662154320464564,0,0,0,0,0,0.0,1008,63,3.4946460723876953,21,,,6fce3e683d2fbc833846f09f9e731f29d4914ddf063e19140fb3a22ef944b855,True,50d647de47491b49ca57595b4a0c04b5424b5ef859be39b052489d7c5bd7890d,1.0085294997567046e-16,183136,541,231968,24960,d636646c16fa63bc6ff473006240ab16a818a21ed0d39e4ae4f0ac4914ba7e9c,False,False
tv2_m16_cycle_00__MULTI__s9101,tv2_m16_cycle_00,MULTI,9101,17,FROZEN_LAYERWISE,CONVERGED,0.4033816040623769,0.40338160406237733,2.1385595151903823e-05,0.00010268455664176352,0.20826496068451586,14,13,40,68,680,2.31744384765625,6,14,2,0.0,0,192,177,546,4890,17.49083948135376,5570,586,19.80828332901001,206,fits/tv2_m16_cycle_00__MULTI__s9101/p016/FROZEN_LAYERWISE/WINNER.json,5340cddddb08d0db02e58932d58601233eb0fea19bda30069ad2e8f470486bf6,b2d31d7c6d2b28b439b91bdfb2bca0fe91c7376b942253785bbabd630f4605fd,False,,,194582,541,246465,26520,a5fe629ee7df9b965bf0df0b610b26ff96c0a960e832e798c06bd574ffab18a6,True,True
tv2_m16_cycle_00__MULTI__s9101,tv2_m16_cycle_00,MULTI,9101,17,WARM_JOINT,BUDGET_EXHAUSTED,0.41429688106275814,0.41429688106275814,0.0037385700666974866,0.019512607086031256,0.19159767068614145,23,22,67,68,1139,3.921895980834961,20,23,34,0.6023665727711099,0,316,301,918,8493,30.294458389282227,9632,985,34.21635437011719,339,fits/tv2_m16_cycle_00__MULTI__s9101/p016/WARM_JOINT/WINNER.json,85de9753796166eeed87404632302b7968da184276cfe00a2e7b552c68929bf6,fcf473f779ada04cac67beced0855756bf5cd74aaae013ab348459caa5cb61f2,False,,,194582,541,246465,26520,5bf0552b46bdad37378f1a8c78a9cebdedf2d5961d225ada4f0caedd4862af86,True,False
tv2_m16_cycle_00__MULTI__s9101,tv2_m16_cycle_00,MULTI,9101,18,FROZEN_LAYERWISE,CONVERGED,0.40253239080072184,0.40253239080072134,1.593009912559392e-05,9.511939613764306e-05,0.16747477141825187,14,13,40,72,720,2.48500394821167,5,14,2,0.0,0,206,190,586,5570,19.80828332901001,6290,626,22.29328727722168,220,fits/tv2_m16_cycle_00__MULTI__s9101/p017/FROZEN_LAYERWISE/WINNER.json,b2d31d7c6d2b28b439b91bdfb2bca0fe91c7376b942253785bbabd630f4605fd,f2d847483388945b07c2aed2302fad82908e04f1cc751f62d534659060a776be,False,,,206028,541,260962,28080,97c2d0f83dbd2f2cabac1728cb43e284bb0a1b8a24afd898e1566f2090fa7583,True,True
tv2_m16_cycle_00__MULTI__s9101,tv2_m16_cycle_00,MULTI,9101,18,WARM_JOINT,BUDGET_EXHAUSTED,0.4141933872266075,0.4141933872266067,0.0037574632539897506,0.01962079170074113,0.1915041610603216,24,23,70,72,1260,4.401034116744995,21,24,36,0.637521992882393,0,339,323,985,9632,34.21635437011719,10892,1055,38.61738848686218,363,fits/tv2_m16_cycle_00__MULTI__s9101/p017/WARM_JOINT/WINNER.json,fcf473f779ada04cac67beced0855756bf5cd74aaae013ab348459caa5cb61f2,3368a68cd87b8578c2dc17bb388c3c0c3ddc679be4d2930e4de9f79c016ea5a5,False,,,206028,541,260962,28080,7b2b6d4c301a425221eefc00466a5cb7786898aab0e85775ef8c57f395964e53,True,False
tv2_m16_cycle_00__MULTI__s9101,tv2_m16_cycle_00,MULTI,9101,19,FROZEN_LAYERWISE,CONVERGED,0.4016927975668182,0.4016927975668185,1.8086484414505043e-05,0.0001034169405953512,0.17488899120767518,13,12,37,76,703,2.3620169162750244,5,13,2,0.0,0,220,203,626,6290,22.29328727722168,6993,663,24.655304193496704,233,fits/tv2_m16_cycle_00__MULTI__s9101/p018/FROZEN_LAYERWISE/WINNER.json,f2d847483388945b07c2aed2302fad82908e04f1cc751f62d534659060a776be,a32d005365861b2f7bd606ba5398aaa559eddaddfae5c79149fb66c024dfda9b,False,,,217474,541,275459,29640,1ede050cb7e1949f0abdd8889e2dd23d0d76579746d71921267a7c41f9518fe1,True,True
tv2_m16_cycle_00__MULTI__s9101,tv2_m16_cycle_00,MULTI,9101,19,WARM_JOINT,BUDGET_EXHAUSTED,0.41184246838386573,0.4118424683838663,0.0041039615553545555,0.020215321630154277,0.20301242940566736,26,25,76,76,1444,4.982373476028442,19,26,38,1.2356056343290445,0,363,346,1055,10892,38.61738848686218,12336,1131,43.599761962890625,389,fits/tv2_m16_cycle_00__MULTI__s9101/p018/WARM_JOINT/WINNER.json,3368a68cd87b8578c2dc17bb388c3c0c3ddc679be4d2930e4de9f79c016ea5a5,bf02ff6a157544ec9ba2426b0746935f0f059334bfd30bfa61b27a2b172b53eb,False,,,217474,541,275459,29640,c2b31cc2939b4964ae7e234ae6eddf40b35e2f8c08fac1c5191e588bbaec4a4e,True,False
tv2_m16_cycle_00__MULTI__s9101,tv2_m16_cycle_00,MULTI,9101,20,FROZEN_LAYERWISE,CONVERGED,0.4009185614789734,0.4009185614789732,2.141238667561526e-05,0.00010313647273871518,0.2076121677135611,14,13,40,80,800,2.713982582092285,6,14,2,0.0,0,233,215,663,6993,24.655304193496704,7793,703,27.36928677558899,247,fits/tv2_m16_cycle_00__MULTI__s9101/p019/FROZEN_LAYERWISE/WINNER.json,a32d005365861b2f7bd606ba5398aaa559eddaddfae5c79149fb66c024dfda9b,cd11cacec22f993ab620b1cf43e4a102a705da277b468f9e7da342037a900214,False,,,228920,541,289956,31200,ecf6948e78917d69b98e41f68a92f5350ee9f38213e8c20cdf385096468c47d7,True,True
tv2_m16_cycle_00__MULTI__s9101,tv2_m16_cycle_00,MULTI,9101,20,WARM_JOINT,BUDGET_EXHAUSTED,0.386437911229853,0.38643791122985327,0.003939541864992445,0.022501061128825516,0.17508249244057214,27,26,79,80,1580,5.398985862731934,22,27,40,3.263209281344592,0,389,371,1131,12336,43.599761962890625,13916,1210,48.99874782562256,416,fits/tv2_m16_cycle_00__MULTI__s9101/p019/WARM_JOINT/WINNER.json,bf02ff6a157544ec9ba2426b0746935f0f059334bfd30bfa61b27a2b172b53eb,6dc949605b787dd6622a298228544197fd9417de5eef07f8df39ddc80481bbf4,False,,,228920,541,289956,31200,413ad8b7c4cfb583463d629c23cd65350839417f308df27df411e06c2f7c28c1,True,False
tv2_m16_cycle_00__MULTI__s9101,tv2_m16_cycle_00,MULTI,9101,21,FROZEN_LAYERWISE,CONVERGED,0.4002844567253366,0.40028445672533697,1.8996769523127456e-05,9.908461365952898e-05,0.1917226986260801,13,12,37,84,777,2.665257215499878,7,13,2,0.0,0,247,228,703,7793,27.36928677558899,8570,740,30.034543991088867,260,fits/tv2_m16_cycle_00__MULTI__s9101/p020/FROZEN_LAYERWISE/WINNER.json,cd11cacec22f993ab620b1cf43e4a102a705da277b468f9e7da342037a900214,bc409385c6fda9b584b46379a607a627fee77388231ddd0f2dc7b4bb5b6ccaeb,False,,,240366,541,304453,32760,c40bbeebf70291ace591c566387863ca34f060857529bfb7a8d819f5075d09cc,True,True
tv2_m16_cycle_00__MULTI__s9101,tv2_m16_cycle_00,MULTI,9101,21,WARM_JOINT,BUDGET_EXHAUSTED,0.32197932529209194,0.3219793252920913,0.017469187311457576,0.051525199971612666,0.3390416208201436,28,27,82,84,1722,5.871136426925659,24,28,42,3.6541567356629434,0,416,397,1210,13916,48.99874782562256,15638,1292,54.86988425254822,444,fits/tv2_m16_cycle_00__MULTI__s9101/p020/WARM_JOINT/WINNER.json,6dc949605b787dd6622a298228544197fd9417de5eef07f8df39ddc80481bbf4,fcb0e991fcbc591b47c545e4599fe0e179b866d5f6450493f9af4597bde9965a,False,,,240366,541,304453,32760,7a33e84ae655eb0001e578d917393567337b4dbef176d08922c1d65bab472e47,True,False
tv2_m16_cycle_00__MULTI__s9101,tv2_m16_cycle_00,MULTI,9101,22,FROZEN_LAYERWISE,CONVERGED,0.39977565876388677,0.3997756587638861,2.1669673844256556e-05,9.954814520806018e-05,0.21768033747857327,15,14,43,88,946,3.2508444786071777,6,15,2,0.0,0,260,240,740,8570,30.034543991088867,9516,783,33.285388469696045,275,fits/tv2_m16_cycle_00__MULTI__s9101/p021/FROZEN_LAYERWISE/WINNER.json,bc409385c6fda9b584b46379a607a627fee77388231ddd0f2dc7b4bb5b6ccaeb,4083efcdf587c88d9429b9f1983760ffadd8968869e5c5c580ffc7b6362141fe,False,,,251812,541,318950,34320,f8d157e3efa1129606500067783647889dc8d4672e6896edcd4244c9e3dbb2a3,True,True
tv2_m16_cycle_00__MULTI__s9101,tv2_m16_cycle_00,MULTI,9101,22,WARM_JOINT,BUDGET_EXHAUSTED,0.31112587112378914,0.3111258711237895,0.019433975732265237,0.05497390325347076,0.3535127502709802,30,29,88,88,1936,6.5834386348724365,26,30,44,1.6178309583306112,0,444,424,1292,15638,54.86988425254822,17574,1380,61.453322887420654,474,fits/tv2_m16_cycle_00__MULTI__s9101/p021/WARM_JOINT/WINNER.json,fcb0e991fcbc591b47c545e4599fe0e179b866d5f6450493f9af4597bde9965a,63017a8dc82bc947a198a1e2494a52e825fffe4db3da699a6b6a6436544172ac,False,,,251812,541,318950,34320,7e79ae0c5121af80f544824f03a1b010f70caa5279e5f8f4612b71ad19683225,True,False
tv2_m16_cycle_00__MULTI__s9101,tv2_m16_cycle_00,MULTI,9101,23,FROZEN_LAYERWISE,CONVERGED,0.3993579178341338,0.39935791783413366,1.9864614288006775e-05,9.674548577866946e-05,0.2053285910771306,19,18,55,92,1265,4.3308494091033936,12,19,2,0.0,0,275,254,783,9516,33.285388469696045,10781,838,37.61623787879944,294,fits/tv2_m16_cycle_00__MULTI__s9101/p022/FROZEN_LAYERWISE/WINNER.json,4083efcdf587c88d9429b9f1983760ffadd8968869e5c5c580ffc7b6362141fe,5dbcd00f9962ce81930e32b4e8b7436a05a7eed204e5099e657cd230d447e699,False,,,263258,541,333447,35880,8a4adc293a4fcd151588fadf726b4fe111662090978ac8cb4c14f9c27195696f,True,True
tv2_m16_cycle_00__MULTI__s9101,tv2_m16_cycle_00,MULTI,9101,23,WARM_JOINT,BUDGET_EXHAUSTED,0.3075386970426291,0.30753869704262926,0.020937559667180815,0.05757221450356855,0.36367473177331094,31,30,91,92,2093,7.190218687057495,26,31,46,1.7381017095644635,0,474,453,1380,17574,61.453322887420654,19667,1471,68.64354157447815,505,fits/tv2_m16_cycle_00__MULTI__s9101/p022/WARM_JOINT/WINNER.json,63017a8dc82bc947a198a1e2494a52e825fffe4db3da699a6b6a6436544172ac,6770c07ac0c50c08a4bd2d4184483600d9ae9d6b943e8067f8cd902d19538c08,False,,,263258,541,333447,35880,bce211ad13e031a55e61d1217135d5809c9a764a97356220e2ea1f6af0f4a659,True,False
tv2_m16_cycle_00__MULTI__s9101,tv2_m16_cycle_00,MULTI,9101,24,FROZEN_LAYERWISE,CONVERGED,0.3990224515866481,0.3990224515866481,2.201149213093378e-05,9.749561445672271e-05,0.2257690487268476,14,13,40,96,960,3.313190221786499,8,14,2,0.0,0,294,272,838,10781,37.61623787879944,11741,878,40.92942810058594,308,fits/tv2_m16_cycle_00__MULTI__s9101/p023/FROZEN_LAYERWISE/WINNER.json,5dbcd00f9962ce81930e32b4e8b7436a05a7eed204e5099e657cd230d447e699,3486bc2811e6e5e280f65a43e6807aa5dd5902db675f126a31dc64305d140e03,False,,,274704,541,347944,37440,1b3de0268e90b3a8337216d17eaec5017b10d60e3a4f6d7f42415f197843c499,True,True
tv2_m16_cycle_00__MULTI__s9101,tv2_m16_cycle_00,MULTI,9101,24,WARM_JOINT,BUDGET_EXHAUSTED,0.29086819614794573,0.2908681961479458,0.024142019574345953,0.07083123058171766,0.34083862974106344,32,31,94,96,2256,7.728566884994507,29,32,48,2.7798387873832793,0,505,483,1471,19667,68.64354157447815,21923,1565,76.37210845947266,537,fits/tv2_m16_cycle_00__MULTI__s9101/p023/WARM_JOINT/WINNER.json,6770c07ac0c50c08a4bd2d4184483600d9ae9d6b943e8067f8cd902d19538c08,144966b2c3e34ba1b75ae2a780f6e0b3e1d59abf2da2634793c5062eb551d4ff,False,,,274704,541,347944,37440,e0c186f555f3c446297fb6929f71debc1a181d5fe34c0b4c0fdc7b1a593e87b8,True,False
tv2_m16_cycle_00__MULTI__s9101,tv2_m16_cycle_00,MULTI,9101,25,FROZEN_LAYERWISE,CONVERGED,0.3990224515769043,0.3990224515769041,2.2011855222264795e-05,9.749565755303943e-05,0.225772673108953,4,3,10,100,250,0.8599562644958496,2,4,2,0.0,0,308,285,878,11741,40.92942810058594,11991,888,41.78938436508179,312,fits/tv2_m16_cycle_00__MULTI__s9101/p024/FROZEN_LAYERWISE/WINNER.json,3486bc2811e6e5e280f65a43e6807aa5dd5902db675f126a31dc64305d140e03,56f55ca3df19179cd8be25d4e198b92c054f9be95c84fd1e87d185b1c50794eb,False,,,286150,541,362441,39000,cbe96000d89aed571d7e0ae12e151c82a9fcfd70c3a4dd9b32586281226c830b,True,True
tv2_m16_cycle_00__MULTI__s9101,tv2_m16_cycle_00,MULTI,9101,25,WARM_JOINT,BUDGET_EXHAUSTED,0.29004763032929404,0.29004763032929404,0.024721511267770033,0.07156854568534249,0.34542425071008664,34,33,100,100,2500,8.565151453018188,31,34,50,1.2742749152148545,0,537,514,1565,21923,76.37210845947266,24423,1665,84.93725991249084,571,fits/tv2_m16_cycle_00__MULTI__s9101/p024/WARM_JOINT/WINNER.json,144966b2c3e34ba1b75ae2a780f6e0b3e1d59abf2da2634793c5062eb551d4ff,76f96c03e1b7897aa11d83cc7c87b85ce2d5d41da424e402c4fbf7de74beb302,False,,,286150,541,362441,39000,450adb73997bb80716cf376cbcd2ce7e827aac6cae0baac529a82bcf2e94e83f,True,False
tv2_m16_cycle_00__MULTI__s9101,tv2_m16_cycle_00,MULTI,9101,26,FROZEN_LAYERWISE,CONVERGED,0.3987465429001031,0.3987465429001026,2.064807524760072e-05,9.552563362695802e-05,0.21615219353827644,22,21,64,104,1664,5.68156361579895,14,22,2,0.0,0,312,288,888,11991,41.78938436508179,13655,952,47.47094798088074,334,fits/tv2_m16_cycle_00__MULTI__s9101/p025/FROZEN_LAYERWISE/WINNER.json,56f55ca3df19179cd8be25d4e198b92c054f9be95c84fd1e87d185b1c50794eb,28c681e73cbf11c2854677503ff5b6d62f4833f8737192d1e17e763d7a05e292,False,,,297596,541,376938,40560,6d86dca63a255e3bb0124fc206e51a12ab846115d3543e4520889db44b6440c0,True,True
tv2_m16_cycle_00__MULTI__s9101,tv2_m16_cycle_00,MULTI,9101,26,WARM_JOINT,BUDGET_EXHAUSTED,0.28955102046927556,0.2895510204692757,0.024662379137279575,0.07215824531223318,0.3417818577844284,35,34,103,104,2678,9.190457820892334,30,35,52,0.8936608719100565,0,571,547,1665,24423,84.93725991249084,27101,1768,94.12771773338318,606,fits/tv2_m16_cycle_00__MULTI__s9101/p025/WARM_JOINT/WINNER.json,76f96c03e1b7897aa11d83cc7c87b85ce2d5d41da424e402c4fbf7de74beb302,a30c9bf691776b7d7b5b9d41da500a7a3cfee955df48dd2dcfeb77e1f55fc3d6,False,,,297596,541,376938,40560,e71df19d3bd4aac00302661b8dbe463d0ec069f91f0b82d69346d644b29d8b07,True,False
tv2_m16_cycle_00__MULTI__s9101,tv2_m16_cycle_00,MULTI,9101,27,FROZEN_LAYERWISE,CONVERGED,0.3985709456173041,0.3985709456173039,2.1765945294516816e-05,9.683346265135694e-05,0.22477710389107736,19,18,55,108,1485,5.067793130874634,13,19,2,0.0,0,334,309,952,13655,47.47094798088074,15140,1007,52.53874111175537,353,fits/tv2_m16_cycle_00__MULTI__s9101/p026/FROZEN_LAYERWISE/WINNER.json,28c681e73cbf11c2854677503ff5b6d62f4833f8737192d1e17e763d7a05e292,aca106abea62751470d642a95c32df6da4fdd5f835f56f2bc4604354ce498bc6,False,,,309042,541,391435,42120,44baa4d0da92d95ee66fa95daeafaff8ab241250f8768b27e9e0061ee731465e,True,True
tv2_m16_cycle_00__MULTI__s9101,tv2_m16_cycle_00,MULTI,9101,27,WARM_JOINT,BUDGET_EXHAUSTED,0.2891609896672328,0.2891609896672328,0.024765647870273865,0.07261381318655144,0.3410597348282575,36,35,106,108,2862,9.823223114013672,30,36,54,0.908414914689412,0,606,581,1768,27101,94.12771773338318,29963,1874,103.95094084739685,642,fits/tv2_m16_cycle_00__MULTI__s9101/p026/WARM_JOINT/WINNER.json,a30c9bf691776b7d7b5b9d41da500a7a3cfee955df48dd2dcfeb77e1f55fc3d6,2b4f09c50843b74abcf6847bbdc90a516a054dea3b3f30dd5dd86053447df335,False,,,309042,541,391435,42120,acc7dd4cd0efdc9f922aeb508e6bcd6964e555fad0c2d2b19e0505f9cc978d1e,True,False
tv2_m16_cycle_00__MULTI__s9101,tv2_m16_cycle_00,MULTI,9101,28,FROZEN_LAYERWISE,CONVERGED,0.39842864010651124,0.398428640106511,2.2536158234601893e-05,9.837840780788674e-05,0.22907626517609922,15,14,43,112,1204,4.142266273498535,5,15,2,0.0,0,353,327,1007,15140,52.53874111175537,16344,1050,56.681007385253906,368,fits/tv2_m16_cycle_00__MULTI__s9101/p027/FROZEN_LAYERWISE/WINNER.json,aca106abea62751470d642a95c32df6da4fdd5f835f56f2bc4604354ce498bc6,b943a208108fdbc5dfc57518b3ea3c2b119cd394fd7a138aaa385bb19a148d0d,False,,,320488,541,405932,43680,ffc03c9289044181541a54b542207309d44f10b52d48935f916e71874f1a451c,True,True
tv2_m16_cycle_00__MULTI__s9101,tv2_m16_cycle_00,MULTI,9101,28,WARM_JOINT,BUDGET_EXHAUSTED,0.28859130188560433,0.2885913018856048,0.024520809635611655,0.07308511252800048,0.3355103219717587,38,37,112,112,3136,10.757237195968628,34,38,56,0.9075448116477524,0,642,616,1874,29963,103.95094084739685,33099,1986,114.70817804336548,680,fits/tv2_m16_cycle_00__MULTI__s9101/p027/WARM_JOINT/WINNER.json,2b4f09c50843b74abcf6847bbdc90a516a054dea3b3f30dd5dd86053447df335,2b3c160cdf0ba76351ccf54f2f5831d42dc7392fea6215794042a80d5cb49323,False,,,320488,541,405932,43680,483f816ada615bbb77c730e69ce529be3d2eeb53ca2c8419cae5549183dd6a03,True,False
tv2_m16_cycle_00__MULTI__s9101,tv2_m16_cycle_00,MULTI,9101,29,FROZEN_LAYERWISE,CONVERGED,0.3983126749231751,0.3983126749231748,2.3474792911198453e-05,9.965152775904225e-05,0.23556882106173613,20,19,58,116,1682,5.734614133834839,13,20,2,0.0,0,368,341,1050,16344,56.681007385253906,18026,1108,62.415621519088745,388,fits/tv2_m16_cycle_00__MULTI__s9101/p028/FROZEN_LAYERWISE/WINNER.json,b943a208108fdbc5dfc57518b3ea3c2b119cd394fd7a138aaa385bb19a148d0d,78a61896d848f62f84c31a39d0ff9e1766cbbf091b2bd22867e091e2b475e4ac,False,,,331934,541,420429,45240,e166cdffb0107cb47f9e8d2a25c154bfa458a4e7e38321252ffecd40b8ed5a97,True,True
tv2_m16_cycle_00__MULTI__s9101,tv2_m16_cycle_00,MULTI,9101,29,WARM_JOINT,BUDGET_EXHAUSTED,0.2795447682985738,0.279544768298574,0.026100988844480675,0.07957457214936874,0.3280066501078603,39,38,115,116,3335,11.380969762802124,35,39,58,1.7361301165497824,0,680,653,1986,33099,114.70817804336548,36434,2101,126.0891478061676,719,fits/tv2_m16_cycle_00__MULTI__s9101/p028/WARM_JOINT/WINNER.json,2b3c160cdf0ba76351ccf54f2f5831d42dc7392fea6215794042a80d5cb49323,3a2360d87212f9857f38f5223aeb24f16ef626a63632e99576f8d08b79ab0b07,False,,,331934,541,420429,45240,42b802feebba75ab80f8a45beb95aa26e33aa8a11b30ef2bc577386606a14f1c,True,False
tv2_m16_cycle_00__MULTI__s9101,tv2_m16_cycle_00,MULTI,9101,30,FROZEN_LAYERWISE,CONVERGED,0.39821868707903685,0.39821868707903685,2.4085682383300372e-05,0.00010085647716350548,0.23881145822943417,15,14,43,120,1290,4.376689910888672,8,15,2,0.0,0,388,360,1108,18026,62.415621519088745,19316,1151,66.79231142997742,403,fits/tv2_m16_cycle_00__MULTI__s9101/p029/FROZEN_LAYERWISE/WINNER.json,78a61896d848f62f84c31a39d0ff9e1766cbbf091b2bd22867e091e2b475e4ac,f5a2ca3dcc7ae6d1934d71471a70a8fb2e5c0bbcc3b63f1360ed143071802ac5,False,,,343380,541,434926,46800,959d053cdef092ff965744e97033b7bb149d2b8dfd4788090ed0b9a32011372c,True,True
tv2_m16_cycle_00__MULTI__s9101,tv2_m16_cycle_00,MULTI,9101,30,WARM_JOINT,BUDGET_EXHAUSTED,0.26325264153676736,0.2632526415367672,0.03226395260362166,0.0944209496139176,0.3417033268098584,40,39,118,120,3540,12.2940993309021,34,40,60,1.4229193995937797,0,719,691,2101,36434,126.0891478061676,39974,2219,138.3832471370697,759,fits/tv2_m16_cycle_00__MULTI__s9101/p029/WARM_JOINT/WINNER.json,3a2360d87212f9857f38f5223aeb24f16ef626a63632e99576f8d08b79ab0b07,2f1d21bec30e27282a70ddb40e20aba8186a65a1be86d3b0e47beecf567726b3,False,,,343380,541,434926,46800,968717a0f20fb0564fb1a3694103c2f8cc70bcff8db18dd29dd86e1a3edbd961,True,False
tv2_m16_cycle_00__MULTI__s9101,tv2_m16_cycle_00,MULTI,9101,31,FROZEN_LAYERWISE,CONVERGED,0.39810816214205247,0.3981081621420523,2.535544711094863e-05,0.00010167855288447256,0.2493686858403419,16,15,46,124,1426,4.916330337524414,12,16,2,0.0,0,403,374,1151,19316,66.79231142997742,20742,1197,71.70864176750183,419,fits/tv2_m16_cycle_00__MULTI__s9101/p030/FROZEN_LAYERWISE/WINNER.json,f5a2ca3dcc7ae6d1934d71471a70a8fb2e5c0bbcc3b63f1360ed143071802ac5,b5ec23859c0a680d6a09520ce076e7931c2a1db66a11a94ac03c174422b9e723,False,,,354826,541,449423,48360,1761bdec5ac62f84fef859dc3fdec495c1c3b8d1dd9d449bda269bc40b7e971b,True,True
tv2_m16_cycle_00__MULTI__s9101,tv2_m16_cycle_00,MULTI,9101,31,WARM_JOINT,BUDGET_EXHAUSTED,0.25215909530218594,0.2521590953021855,0.0333327206709039,0.10500191210036976,0.3174487016868955,42,41,124,124,3844,12.750442743301392,36,42,62,1.0740463065066175,0,759,730,2219,39974,138.3832471370697,43818,2343,151.1336898803711,801,fits/tv2_m16_cycle_00__MULTI__s9101/p030/WARM_JOINT/WINNER.json,2f1d21bec30e27282a70ddb40e20aba8186a65a1be86d3b0e47beecf567726b3,f63be9e554d35d30dc66fdfd4b4cc1a32046c037be42fa29ce3366393e7d9bee,False,,,354826,541,449423,48360,f7592c9c86ed7ed922e3b28a19af0447935253249c2ee1fff61d983886f1e927,True,False
tv2_m16_cycle_00__MULTI__s9101,tv2_m16_cycle_00,MULTI,9101,32,FROZEN_LAYERWISE,CONVERGED,0.3980170136599022,0.3980170136599029,2.467621892664869e-05,0.00010064893525199349,0.24517118700627233,19,18,55,128,1760,5.763713836669922,10,19,2,0.0,0,419,389,1197,20742,71.70864176750183,22502,1252,77.47235560417175,438,fits/tv2_m16_cycle_00__MULTI__s9101/p031/FROZEN_LAYERWISE/WINNER.json,b5ec23859c0a680d6a09520ce076e7931c2a1db66a11a94ac03c174422b9e723,0a006845b8cb4d10d09094d40ecbb0127ea14720b20320225cb10746a17403ed,True,e4c1ff01899c946929307c6029615abee8fc9808d4d47cfaeca49958f0b8a55f,1.0235574134166578e-15,366272,541,463920,49920,edfbb59a53718a692307a5c717056b91a505eae0f341207d90aa7ff79d197b15,True,True
tv2_m16_cycle_00__MULTI__s9101,tv2_m16_cycle_00,MULTI,9101,32,WARM_JOINT,BUDGET_EXHAUSTED,0.25014611613188875,0.25014611613188903,0.033858260350013346,0.10684645204818898,0.31688708142356364,43,42,127,128,4064,13.476351261138916,38,43,64,0.695168176463187,0,801,771,2343,43818,151.1336898803711,47882,2470,164.61004114151,844,fits/tv2_m16_cycle_00__MULTI__s9101/p031/WARM_JOINT/WINNER.json,f63be9e554d35d30dc66fdfd4b4cc1a32046c037be42fa29ce3366393e7d9bee,07877bd73432e77ce716a6cea454828039e64755ae1f631b24ef539b2e00cdc9,True,707659cde1cbde837eb0203925fd3dc483fee95c3bdd8c7a0c9dbac5502a9274,2.1350154548329877e-15,366272,541,463920,49920,1dab4c64373d32017bd6d38f160f945b82c1c54d5e63ddd18c3412a7757363aa,True,False
tv2_m16_cycle_00__MULTI__s9101,tv2_m16_cycle_00,MULTI,9101,32,RANDOM_JOINT,BUDGET_EXHAUSTED,0.31184762550287315,0.3118476255028731,0.01742515249609515,0.10676263351665793,0.16321396280821737,42,42,126,128,4032,13.500233173370361,37,42,64,3.4678095175770527,0,0,0,0,0,0.0,4032,126,13.500233173370361,42,,,df47b80f5e09b914fea618382d65c6cda466847fbe31ac6ccbd9ea7540ecc80d,True,ff6cc8aed205e910461c67da4cf0996aed99596a2f617f2014114b3904e345f7,6.114500392134849e-16,366272,541,463920,49920,727c41b022b84c925bb7cd29f53e0f493262f17b4e7959dd792b50811933af49,False,False
tv2_m16_cycle_00__MULTI__s9101,tv2_m16_cycle_00,MULTI,9101,33,FROZEN_LAYERWISE,CONVERGED,0.3980170131523813,0.3980170131523817,2.467468689458378e-05,0.00010064641520535306,0.24516210382892417,4,3,10,132,330,3.7992234230041504,2,4,2,0.0,0,438,407,1252,22502,77.47235560417175,22832,1262,81.2715790271759,442,fits/tv2_m16_cycle_00__MULTI__s9101/p032/FROZEN_LAYERWISE/WINNER.json,0a006845b8cb4d10d09094d40ecbb0127ea14720b20320225cb10746a17403ed,2fd41c86e6e5b37feef984f4497b231e009d375044f47ba239b2f43a556906d6,False,,,377718,541,478417,51480,62f8c5d33ce510209cb241ba2960355567408c866474884903c78e0fb83a55f7,True,True
tv2_m16_cycle_00__MULTI__s9101,tv2_m16_cycle_00,MULTI,9101,33,WARM_JOINT,BUDGET_EXHAUSTED,0.2384792475427286,0.2384792475427288,0.03611876976707078,0.1201623264117355,0.30058314320005775,44,43,130,132,4290,18.498602151870728,37,44,66,2.2582218165582044,0,844,813,2470,47882,164.61004114151,52172,2600,183.10864329338074,888,fits/tv2_m16_cycle_00__MULTI__s9101/p032/WARM_JOINT/WINNER.json,07877bd73432e77ce716a6cea454828039e64755ae1f631b24ef539b2e00cdc9,abee90e293ad6793c22f4e487c605bf9f31fd6b60469154575305cb9b6ea4603,False,,,377718,541,478417,51480,003835702a7e67f9550e06a7bba9cd8dd37ad82f21d547deadc7d7a119941956,True,False
tv2_m16_cycle_00__MULTI__s9101,tv2_m16_cycle_00,MULTI,9101,34,FROZEN_LAYERWISE,CONVERGED,0.3979703866786728,0.39797038667867257,2.5251915703047164e-05,0.0001015544828098462,0.24865387528317823,18,17,52,136,1768,7.617300987243652,11,18,2,0.0,0,442,410,1262,22832,81.2715790271759,24600,1314,88.88888001441956,460,fits/tv2_m16_cycle_00__MULTI__s9101/p033/FROZEN_LAYERWISE/WINNER.json,2fd41c86e6e5b37feef984f4497b231e009d375044f47ba239b2f43a556906d6,aadff587241839e4fd51c66e2ad58014f120593eb1d010d0cbc55580027f8a99,False,,,389164,541,492914,53040,7ea442ce06a9e489d3948896b30dc53cb552f69e3d1ce7a893b85ab7d45ee6fa,True,True
tv2_m16_cycle_00__MULTI__s9101,tv2_m16_cycle_00,MULTI,9101,34,WARM_JOINT,BUDGET_EXHAUSTED,0.23334241691364677,0.23334241691364704,0.039746412027344295,0.12742454599887243,0.3119211586415698,46,45,136,136,4624,20.23054265975952,42,46,68,0.8138350320435226,0,888,856,2600,52172,183.10864329338074,56796,2736,203.33918595314026,934,fits/tv2_m16_cycle_00__MULTI__s9101/p033/WARM_JOINT/WINNER.json,abee90e293ad6793c22f4e487c605bf9f31fd6b60469154575305cb9b6ea4603,47aa397c1679e54870c6854100ace9b5b5704cbb026b0a5e00dfd2851f8ece91,False,,,389164,541,492914,53040,d1e7546f5c5b733f00d2c0b47dfd20f2c3af44bb25287940da0f8e205931064d,True,False
tv2_m16_cycle_00__MULTI__s9101,tv2_m16_cycle_00,MULTI,9101,35,FROZEN_LAYERWISE,CONVERGED,0.3979703866751356,0.3979703866751355,2.5252029079475473e-05,0.00010155466636696425,0.2486545422563661,4,3,10,140,350,1.5149743556976318,2,4,2,0.0,0,460,427,1314,24600,88.88888001441956,24950,1324,90.40385437011719,464,fits/tv2_m16_cycle_00__MULTI__s9101/p034/FROZEN_LAYERWISE/WINNER.json,aadff587241839e4fd51c66e2ad58014f120593eb1d010d0cbc55580027f8a99,1d69c84e767dca5f2ddbf6b4f7a78d209998c49e498924b58acd42ffcb727a2f,False,,,400610,541,507411,54600,a451928f45b4809261206e037f0da48ee7dd8a857139911e6237382dece2643b,True,True
tv2_m16_cycle_00__MULTI__s9101,tv2_m16_cycle_00,MULTI,9101,35,WARM_JOINT,BUDGET_EXHAUSTED,0.21868376539227655,0.21868376539227624,0.04374084633113898,0.1421400462195096,0.30773063253116684,47,46,139,140,4865,20.802128553390503,40,47,70,1.8740989953151919,0,934,901,2736,56796,203.33918595314026,61661,2875,224.14131450653076,981,fits/tv2_m16_cycle_00__MULTI__s9101/p034/WARM_JOINT/WINNER.json,47aa397c1679e54870c6854100ace9b5b5704cbb026b0a5e00dfd2851f8ece91,6d004a83c73eb46ec40b34e7bc4b7d2b4b83e2907126e9b7ba47505a359a20f8,False,,,400610,541,507411,54600,a473638c81d1dda6e0297e494806c00b234e1f152506b4c1ac3d667e8f669096,True,False
tv2_m16_cycle_00__MULTI__s9101,tv2_m16_cycle_00,MULTI,9101,36,FROZEN_LAYERWISE,CONVERGED,0.3979703865083991,0.39797038650839905,2.525320139072416e-05,0.00010155656106885933,0.24866144663564865,4,3,10,144,360,1.5794620513916016,2,4,2,0.0,0,464,430,1324,24950,90.40385437011719,25310,1334,91.98331642150879,468,fits/tv2_m16_cycle_00__MULTI__s9101/p035/FROZEN_LAYERWISE/WINNER.json,1d69c84e767dca5f2ddbf6b4f7a78d209998c49e498924b58acd42ffcb727a2f,9e784e68fa4725c58cfe5f1362e7efec440e87839b6b6ae9fc41b6777f9f3782,False,,,412056,541,521908,56160,31aade3a8bde3b25aa466055a7bda6cbffd666892c8c6ac00db2d1f648870939,True,True
tv2_m16_cycle_00__MULTI__s9101,tv2_m16_cycle_00,MULTI,9101,36,WARM_JOINT,BUDGET_EXHAUSTED,0.21068646839469382,0.21068646839469357,0.046107664348645196,0.14890338557080868,0.3096481935040988,48,47,142,144,5112,22.16550350189209,45,48,72,1.2677886364022148,0,981,947,2875,61661,224.14131450653076,66773,3017,246.30681800842285,1029,fits/tv2_m16_cycle_00__MULTI__s9101/p035/WARM_JOINT/WINNER.json,6d004a83c73eb46ec40b34e7bc4b7d2b4b83e2907126e9b7ba47505a359a20f8,913341b16fbbf4d84894195a6c6d9e7ef2ff154ede3b13c658d1b4fa10647b5d,False,,,412056,541,521908,56160,2a007a0bb6ad8375ae468174b80375f5791e967b402a79d24c117fa309decc96,True,False
tv2_m16_cycle_00__MULTI__s9101,tv2_m16_cycle_00,MULTI,9101,37,FROZEN_LAYERWISE,CONVERGED,0.39797038625652625,0.3979703862565257,2.5251703548626685e-05,0.00010155413461931104,0.24865263874568966,4,3,10,148,370,1.577826976776123,2,4,2,0.0,0,468,433,1334,25310,91.98331642150879,25680,1344,93.56114339828491,472,fits/tv2_m16_cycle_00__MULTI__s9101/p036/FROZEN_LAYERWISE/WINNER.json,9e784e68fa4725c58cfe5f1362e7efec440e87839b6b6ae9fc41b6777f9f3782,a26bb436d0a616053c9c447502f6020fe41a468da7f08d1ffe9a363c3682b995,False,,,423502,541,536405,57720,46e5d0c50f51f167d74f2236fbd8c8aa7259a5a6fafd0a36db6e3a651cfca8e6,True,True
tv2_m16_cycle_00__MULTI__s9101,tv2_m16_cycle_00,MULTI,9101,37,WARM_JOINT,BUDGET_EXHAUSTED,0.20218385515015191,0.20218385515015203,0.04827206366235081,0.15811655041234485,0.30529418670255787,50,49,148,148,5476,23.20423150062561,44,50,74,1.2326379575604869,0,1029,994,3017,66773,246.30681800842285,72249,3165,269.51104950904846,1079,fits/tv2_m16_cycle_00__MULTI__s9101/p036/WARM_JOINT/WINNER.json,913341b16fbbf4d84894195a6c6d9e7ef2ff154ede3b13c658d1b4fa10647b5d,6a07d3c792b6704893bff52cee5808a68cfb519b7b7e1cacd88190483f491897,False,,,423502,541,536405,57720,56ef7c9e2d6793a6c841e6149e76cd12cac8438d19702d3fc35b8888851d4e28,True,False
tv2_m16_cycle_00__MULTI__s9101,tv2_m16_cycle_00,MULTI,9101,38,FROZEN_LAYERWISE,CONVERGED,0.3979325829058164,0.3979325829058171,2.5637086890281647e-05,0.00010222128539270888,0.25079988763387495,14,13,40,152,1520,6.614329099655151,4,14,2,0.0,0,472,436,1344,25680,93.56114339828491,27200,1384,100.17547249794006,486,fits/tv2_m16_cycle_00__MULTI__s9101/p037/FROZEN_LAYERWISE/WINNER.json,a26bb436d0a616053c9c447502f6020fe41a468da7f08d1ffe9a363c3682b995,d58403e7a158a8b010d4005a78b0acf2dd0a6c5006a0ed36e0d5b5d08d8b78f3,False,,,434948,541,550902,59280,3aae522573d59fd4b042c87626d720def5efabb53c014f83a02e675f3173b1f4,True,True
tv2_m16_cycle_00__MULTI__s9101,tv2_m16_cycle_00,MULTI,9101,38,WARM_JOINT,BUDGET_EXHAUSTED,0.19802444510002457,0.19802444510002465,0.04985136243009222,0.16187494529383292,0.3079621885870157,51,50,151,152,5738,24.829453468322754,45,51,76,0.9536140669415873,0,1079,1043,3165,72249,269.51104950904846,77987,3316,294.3405029773712,1130,fits/tv2_m16_cycle_00__MULTI__s9101/p037/WARM_JOINT/WINNER.json,6a07d3c792b6704893bff52cee5808a68cfb519b7b7e1cacd88190483f491897,43456b7c3dc13f033b336aa220276566a32d2113c0c324f1a6a28a39e1d7923c,False,,,434948,541,550902,59280,b429cadb800eb7dea269033250ca619f37ae3e50364e3cfc0f8ab3ec50671773,True,False
tv2_m16_cycle_00__MULTI__s9101,tv2_m16_cycle_00,MULTI,9101,39,FROZEN_LAYERWISE,CONVERGED,0.39793258242351476,0.39793258242351515,2.5635594482890033e-05,0.00010221885999627225,0.2507912383666275,4,3,10,156,390,1.6443214416503906,2,4,2,0.0,0,486,449,1384,27200,100.17547249794006,27590,1394,101.81979393959045,490,fits/tv2_m16_cycle_00__MULTI__s9101/p038/FROZEN_LAYERWISE/WINNER.json,d58403e7a158a8b010d4005a78b0acf2dd0a6c5006a0ed36e0d5b5d08d8b78f3,4ac21be0f4dfd250f2d337a742aaa663146729bd21a1d282734b243850e4adb2,False,,,446394,541,565399,60840,51c0af7dd349a73cd94a15fe2ae4f8d2c20c6b0c04b47cc683948da604d8b1aa,True,True
tv2_m16_cycle_00__MULTI__s9101,tv2_m16_cycle_00,MULTI,9101,39,WARM_JOINT,BUDGET_EXHAUSTED,0.19340178141641107,0.19340178141641026,0.051373979659524685,0.16642298413188153,0.30869521975890957,52,51,154,156,6006,25.08519220352173,46,52,78,1.2284733808621557,0,1130,1093,3316,77987,294.3405029773712,83993,3470,319.42569518089294,1182,fits/tv2_m16_cycle_00__MULTI__s9101/p038/WARM_JOINT/WINNER.json,43456b7c3dc13f033b336aa220276566a32d2113c0c324f1a6a28a39e1d7923c,16aac3d293df80fad73c792a9b00201bd79d946c23ccfe1c5dab25cc734f1296,False,,,446394,541,565399,60840,41685b6b125d8b7c240066f86f174a25aa0c48ea193f18cee677e8b4fecc9d47,True,False
tv2_m16_cycle_00__MULTI__s9101,tv2_m16_cycle_00,MULTI,9101,40,FROZEN_LAYERWISE,CONVERGED,0.3979018033664222,0.3979018033664219,2.6097676635623847e-05,0.00010297872633345543,0.2534278444182438,22,21,64,160,2560,10.851151466369629,14,22,2,0.0,0,490,452,1394,27590,101.81979393959045,30150,1458,112.67094540596008,512,fits/tv2_m16_cycle_00__MULTI__s9101/p039/FROZEN_LAYERWISE/WINNER.json,4ac21be0f4dfd250f2d337a742aaa663146729bd21a1d282734b243850e4adb2,cca38dc4baf0e4c4f3b91fc5ddc80acfcfac19cea40cdfc8f9506589f7f783ac,False,,,457840,541,579896,62400,f7d1ce67ef8012544490e68ced429738fa6183b18c4484e03f4a8285f94a24cc,True,True
tv2_m16_cycle_00__MULTI__s9101,tv2_m16_cycle_00,MULTI,9101,40,WARM_JOINT,BUDGET_EXHAUSTED,0.19033732276812454,0.19033732276812487,0.0513741281217055,0.1696846058456609,0.30276245665109763,54,53,160,160,6400,27.15882444381714,49,54,80,1.3810013447080907,0,1182,1144,3470,83993,319.42569518089294,90393,3630,346.5845196247101,1236,fits/tv2_m16_cycle_00__MULTI__s9101/p039/WARM_JOINT/WINNER.json,16aac3d293df80fad73c792a9b00201bd79d946c23ccfe1c5dab25cc734f1296,be28bcbbdccc22a32ba5d305d9060b3b79836cce3d244ded7dc80fc682e86d3f,False,,,457840,541,579896,62400,a19e9ebe5f11687a0c0defcb8187202630a7b1afb247b3056d42f5c2b232992c,True,False
tv2_m16_cycle_00__MULTI__s9101,tv2_m16_cycle_00,MULTI,9101,41,FROZEN_LAYERWISE,CONVERGED,0.3979018023177547,0.39790180231775396,2.6100336689338614e-05,0.00010298317779670001,0.2534427199446449,4,3,10,164,410,1.7129647731781006,2,4,2,0.0,0,512,473,1458,30150,112.67094540596008,30560,1468,114.38391017913818,516,fits/tv2_m16_cycle_00__MULTI__s9101/p040/FROZEN_LAYERWISE/WINNER.json,cca38dc4baf0e4c4f3b91fc5ddc80acfcfac19cea40cdfc8f9506589f7f783ac,36994a7ee7a6b49663b03d1f2dddeb1128f9045dec860cdcc1d8c44486f8aac1,False,,,469286,541,594393,63960,ca7ea610c91ad100378ad66ea204af8bb167957f9c823798cf7b015de12e5e0c,True,True
tv2_m16_cycle_00__MULTI__s9101,tv2_m16_cycle_00,MULTI,9101,41,WARM_JOINT,BUDGET_EXHAUSTED,0.1868483922807668,0.1868483922807674,0.052334359509627094,0.17264213656311939,0.3031378118428998,55,54,163,164,6683,27.95687222480774,46,54,82,1.030618145069593,0,1236,1197,3630,90393,346.5845196247101,97076,3793,374.5413918495178,1291,fits/tv2_m16_cycle_00__MULTI__s9101/p040/WARM_JOINT/WINNER.json,be28bcbbdccc22a32ba5d305d9060b3b79836cce3d244ded7dc80fc682e86d3f,b4578e482cdbbd08cf9b56cb9d302a55c3f147fd8b39ccc076fe585f6ab5bb99,False,,,469286,541,594393,63960,8945ab47e0fe891a13c5762cc2014145de7b889824413ce2f083977c4660fe87,True,False
tv2_m16_cycle_00__MULTI__s9101,tv2_m16_cycle_00,MULTI,9101,42,FROZEN_LAYERWISE,CONVERGED,0.3979018010968012,0.39790180109680207,2.610298543798382e-05,0.00010298759294235656,0.2534575737933208,5,4,13,168,546,2.31691312789917,3,5,2,0.0,0,516,476,1468,30560,114.38391017913818,31106,1481,116.70082330703735,521,fits/tv2_m16_cycle_00__MULTI__s9101/p041/FROZEN_LAYERWISE/WINNER.json,36994a7ee7a6b49663b03d1f2dddeb1128f9045dec860cdcc1d8c44486f8aac1,631c46b8ec97128fd573632980ab6963ff54007c68dfcc78e5ca05a7659f38f2,False,,,480732,541,608890,65520,714ee025aef99c0738b2220e0ee589e27b940018ee5cff73fb17d78116d3990f,True,True
tv2_m16_cycle_00__MULTI__s9101,tv2_m16_cycle_00,MULTI,9101,42,WARM_JOINT,BUDGET_EXHAUSTED,0.18487392004306835,0.18487392004306852,0.05268291562200018,0.17439590934818522,0.3020880238470364,56,55,166,168,6972,29.639568328857422,48,56,84,1.0151387427707044,0,1291,1251,3793,97076,374.5413918495178,104048,3959,404.18096017837524,1347,fits/tv2_m16_cycle_00__MULTI__s9101/p041/WARM_JOINT/WINNER.json,b4578e482cdbbd08cf9b56cb9d302a55c3f147fd8b39ccc076fe585f6ab5bb99,3d432cbbb1b3987bee52d292b719c471b9c9a4ef035d70586d7e29179b79c989,False,,,480732,541,608890,65520,5832ed68d50db8d7c6017bed316d05b5127c2a2f8862ea96f79ff86d1a079c0c,True,False
tv2_m16_cycle_00__MULTI__s9101,tv2_m16_cycle_00,MULTI,9101,43,FROZEN_LAYERWISE,CONVERGED,0.39790179978973705,0.3979017997897368,2.6099959241307647e-05,0.0001029825265758165,0.2534406574506857,4,3,10,172,430,1.8151588439941406,2,4,2,0.0,0,521,480,1481,31106,116.70082330703735,31536,1491,118.5159821510315,525,fits/tv2_m16_cycle_00__MULTI__s9101/p042/FROZEN_LAYERWISE/WINNER.json,631c46b8ec97128fd573632980ab6963ff54007c68dfcc78e5ca05a7659f38f2,74713e8c8315b070a63d1c70c78c1eb2bcbb8b86a7c40e8a050aa7e5916608cf,False,,,492178,541,623387,67080,fd30a7cbc38c54b8f3b30313c61211c4997a730464aa5509edcffc99c180bbf2,True,True
tv2_m16_cycle_00__MULTI__s9101,tv2_m16_cycle_00,MULTI,9101,43,WARM_JOINT,BUDGET_EXHAUSTED,0.18284319677886512,0.18284319677886535,0.05324914747841166,0.17633203581101053,0.3019822645017445,58,57,172,172,7396,31.03825855255127,49,58,86,0.9904832688279155,0,1347,1306,3959,104048,404.18096017837524,111444,4131,435.2192187309265,1405,fits/tv2_m16_cycle_00__MULTI__s9101/p042/WARM_JOINT/WINNER.json,3d432cbbb1b3987bee52d292b719c471b9c9a4ef035d70586d7e29179b79c989,870eb83d3153caa7934ce8102329d91a8af2728151a64b3ecf5a37376b7ea1fd,False,,,492178,541,623387,67080,4f27fafb2e9e72298b6603485bb7e6e7c68c48039120f1ddb401a5c8ced453dc,True,False
tv2_m16_cycle_00__MULTI__s9101,tv2_m16_cycle_00,MULTI,9101,44,FROZEN_LAYERWISE,CONVERGED,0.3979017980434484,0.3979017980434476,2.6096081481134274e-05,0.00010297601121803191,0.25341903587507225,4,3,10,176,440,1.869593620300293,2,4,2,0.0,0,525,483,1491,31536,118.5159821510315,31976,1501,120.38557577133179,529,fits/tv2_m16_cycle_00__MULTI__s9101/p043/FROZEN_LAYERWISE/WINNER.json,74713e8c8315b070a63d1c70c78c1eb2bcbb8b86a7c40e8a050aa7e5916608cf,9eb18481b491fb5f9c1848ed446ab92e1cd584594f5ffa54584671b343f15820,False,,,503624,541,637884,68640,1964b5d6c5cec95f95b0fb5522268ebc7161ba7730af28d5cf5f31623af1cc78,True,True
tv2_m16_cycle_00__MULTI__s9101,tv2_m16_cycle_00,MULTI,9101,44,WARM_JOINT,BUDGET_EXHAUSTED,0.18181157008916704,0.18181157008916632,0.05336179579140056,0.17733392759971026,0.3009113738903494,59,58,175,176,7700,32.66946530342102,52,59,88,0.7971723706360037,0,1405,1363,4131,111444,435.2192187309265,119144,4306,467.88868403434753,1464,fits/tv2_m16_cycle_00__MULTI__s9101/p043/WARM_JOINT/WINNER.json,870eb83d3153caa7934ce8102329d91a8af2728151a64b3ecf5a37376b7ea1fd,27fb1233b4518588af25cf1391e7b1259cb92ed9a43b7d6edfbc349a33643ba7,False,,,503624,541,637884,68640,900ea97945649704452a55500f4c19ee55c46984e4c5047091eb4ea237be1e9f,True,False
tv2_m16_cycle_00__MULTI__s9101,tv2_m16_cycle_00,MULTI,9101,45,FROZEN_LAYERWISE,CONVERGED,0.39790179656576896,0.3979017965657695,2.609224501868091e-05,0.0001029695489055488,0.25339768209157276,5,4,13,180,585,2.429889440536499,3,5,2,0.0,0,529,486,1501,31976,120.38557577133179,32561,1514,122.81546521186829,534,fits/tv2_m16_cycle_00__MULTI__s9101/p044/FROZEN_LAYERWISE/WINNER.json,9eb18481b491fb5f9c1848ed446ab92e1cd584594f5ffa54584671b343f15820,aaa4317ab1cc656227d9b135707f770253cad210a10e97bfd5432d2f8c23a333,False,,,515070,541,652381,70200,94d6db7611171fb374507976cfa9b6320667b5c4a55dac7bfaf6583ebd305603,True,True
tv2_m16_cycle_00__MULTI__s9101,tv2_m16_cycle_00,MULTI,9101,45,WARM_JOINT,BUDGET_EXHAUSTED,0.1806318798242053,0.18063187982420492,0.05404410512292591,0.17883529059925285,0.30220044903794674,60,59,178,180,8010,33.26062059402466,54,60,90,0.9966663194904279,0,1464,1421,4306,119144,467.88868403434753,127154,4484,501.1493046283722,1524,fits/tv2_m16_cycle_00__MULTI__s9101/p044/WARM_JOINT/WINNER.json,27fb1233b4518588af25cf1391e7b1259cb92ed9a43b7d6edfbc349a33643ba7,dd33c8537d6533e01e7b6df990c6f6dc5f9b6c99b922526bfcb7306707da7f43,False,,,515070,541,652381,70200,afe7733cbd79c527b2ddcd3891342fb11f54da0a69b74d23725713da5f23bf1a,True,False
tv2_m16_cycle_00__MULTI__s9101,tv2_m16_cycle_00,MULTI,9101,46,FROZEN_LAYERWISE,CONVERGED,0.3979017962464503,0.3979017962464496,2.6093957861446128e-05,0.00010297243035196102,0.25340722533455473,4,3,10,184,460,1.975998878479004,2,4,2,0.0,0,534,490,1514,32561,122.81546521186829,33021,1524,124.79146409034729,538,fits/tv2_m16_cycle_00__MULTI__s9101/p045/FROZEN_LAYERWISE/WINNER.json,aaa4317ab1cc656227d9b135707f770253cad210a10e97bfd5432d2f8c23a333,65a23e780ee35383120350995e60a0e405267b2f29980e34bf126771d700e4f8,False,,,526516,541,666878,71760,2d874996488033877d0580fc29e024c6ba725b4f20753c2eec2123be227bdd69,True,True
tv2_m16_cycle_00__MULTI__s9101,tv2_m16_cycle_00,MULTI,9101,46,WARM_JOINT,BUDGET_EXHAUSTED,0.17936415459030733,0.17936415459030725,0.053999405917038966,0.17976630448756112,0.30038669410804647,62,61,184,184,8464,35.9436309337616,59,62,92,1.0709176283018125,0,1524,1480,4484,127154,501.1493046283722,135618,4668,537.0929355621338,1586,fits/tv2_m16_cycle_00__MULTI__s9101/p045/WARM_JOINT/WINNER.json,dd33c8537d6533e01e7b6df990c6f6dc5f9b6c99b922526bfcb7306707da7f43,bd7aa36a30d2a099938656bd68ef26b70f028d7ef547e45a2533064fba3b1173,False,,,526516,541,666878,71760,093ce8b51a77b6ac37da8c7c5d2c6b904ee1ef5ff1f3130f9d6711fec25e6a4f,True,False
tv2_m16_cycle_00__MULTI__s9101,tv2_m16_cycle_00,MULTI,9101,47,FROZEN_LAYERWISE,CONVERGED,0.39790179611498294,0.3979017961149834,2.6092827422104066e-05,0.00010297052708075748,0.2534009309444444,4,3,10,188,470,1.974071741104126,2,4,2,0.0,0,538,493,1524,33021,124.79146409034729,33491,1534,126.76553583145142,542,fits/tv2_m16_cycle_00__MULTI__s9101/p046/FROZEN_LAYERWISE/WINNER.json,65a23e780ee35383120350995e60a0e405267b2f29980e34bf126771d700e4f8,f20d839a75d92338c83d9d66d1ab2ea4034f813adb0fa2da85b00b9ecd1f442b,False,,,537962,541,681375,73320,ee0c8235912948953115fed3c4e11f55acb48324851af6750e021720fb066b8a,True,True
tv2_m16_cycle_00__MULTI__s9101,tv2_m16_cycle_00,MULTI,9101,47,WARM_JOINT,BUDGET_EXHAUSTED,0.17848489609559132,0.17848489609559234,0.05415847262496602,0.18069966959006786,0.2997153937681734,63,62,187,188,8789,31.055641889572144,56,63,94,0.7061017313417226,0,1586,1541,4668,135618,537.0929355621338,144407,4855,568.1485774517059,1649,fits/tv2_m16_cycle_00__MULTI__s9101/p046/WARM_JOINT/WINNER.json,bd7aa36a30d2a099938656bd68ef26b70f028d7ef547e45a2533064fba3b1173,ffa7199ac714a686dd3b0e7517334c67d2d84475c3aad8ac86e3097e937f516e,False,,,537962,541,681375,73320,d1cbc6ff37a42e980a054e0a118ffe25aa490ce1240b83f4ff6d5cbec5dd0383,True,False
tv2_m16_cycle_00__MULTI__s9101,tv2_m16_cycle_00,MULTI,9101,48,FROZEN_LAYERWISE,CONVERGED,0.39790179608242926,0.3979017960824296,2.6092258828975956e-05,0.0001029695694581213,0.2533977656339325,5,4,13,192,624,2.713055372238159,3,5,2,0.0,0,542,496,1534,33491,126.76553583145142,34115,1547,129.47859120368958,547,fits/tv2_m16_cycle_00__MULTI__s9101/p047/FROZEN_LAYERWISE/WINNER.json,f20d839a75d92338c83d9d66d1ab2ea4034f813adb0fa2da85b00b9ecd1f442b,8d0105dd5af8916bddb13eda5780fe401687d8a055396ffc3ad5f7e196c0c1df,False,,,549408,541,695872,74880,0305bd2e5ea59749a5c11ebc2e4b8bc066d9ab40c8b57ad5da94df433c554b38,True,True
tv2_m16_cycle_00__MULTI__s9101,tv2_m16_cycle_00,MULTI,9101,48,WARM_JOINT,BUDGET_EXHAUSTED,0.17745326422287894,0.1774532642228792,0.05434717059364846,0.18149288784564865,0.29944518068315834,64,63,190,192,9120,39.373993158340454,59,64,96,0.6457694974051307,0,1649,1603,4855,144407,568.1485774517059,153527,5045,607.5225706100464,1713,fits/tv2_m16_cycle_00__MULTI__s9101/p047/WARM_JOINT/WINNER.json,ffa7199ac714a686dd3b0e7517334c67d2d84475c3aad8ac86e3097e937f516e,91b2767be6ae791284fe6d19d2db43109bb3e89a802f53c0cc4a83060864b349,False,,,549408,541,695872,74880,7dc570093bfb79e8374b56355df6649e854303ec6abf74d4829ee3b532771bf0,True,False
tv2_m16_cycle_00__MULTI__s9101,tv2_m16_cycle_00,MULTI,9101,49,FROZEN_LAYERWISE,CONVERGED,0.39787661503214267,0.3978766150321423,2.6363885837580696e-05,0.00010344541918212743,0.25485793422291686,15,14,43,196,2107,8.884396314620972,8,15,2,0.0,0,547,500,1547,34115,129.47859120368958,36222,1590,138.36298751831055,562,fits/tv2_m16_cycle_00__MULTI__s9101/p048/FROZEN_LAYERWISE/WINNER.json,8d0105dd5af8916bddb13eda5780fe401687d8a055396ffc3ad5f7e196c0c1df,7c54bacf0e310e9930ab307fe2d14984b572f22f1f72833f587201345c82896b,False,,,560854,541,710369,76440,3f6b89d5876ae1a65a25e69de8cadffcc43b7b52ccbfa156eaaa59b027e6166c,True,True
tv2_m16_cycle_00__MULTI__s9101,tv2_m16_cycle_00,MULTI,9101,49,WARM_JOINT,BUDGET_EXHAUSTED,0.17705260989367347,0.17705260989367405,0.054694538415300684,0.18208054342468885,0.3003865069082636,66,65,196,196,9604,40.85339140892029,59,66,98,0.4341331965673174,0,1713,1666,5045,153527,607.5225706100464,163131,5241,648.3759620189667,1779,fits/tv2_m16_cycle_00__MULTI__s9101/p048/WARM_JOINT/WINNER.json,91b2767be6ae791284fe6d19d2db43109bb3e89a802f53c0cc4a83060864b349,b705b9d1d9735b57de0f7ff37ea84ea29c75292c6ab242c5261e70f130432861,False,,,560854,541,710369,76440,f81e21e0a2624de0a6c86ac375c04ec7236125b436ab0f69373be7773820e2ef,True,False
tv2_m16_cycle_00__MULTI__s9101,tv2_m16_cycle_00,MULTI,9101,50,FROZEN_LAYERWISE,CONVERGED,0.3978365226597792,0.3978365226597789,2.7124118635636986e-05,0.0001040081134551699,0.2607884878839588,14,13,40,200,2000,8.628281831741333,8,14,2,0.0,0,562,514,1590,36222,138.36298751831055,38222,1630,146.99126935005188,576,fits/tv2_m16_cycle_00__MULTI__s9101/p049/FROZEN_LAYERWISE/WINNER.json,7c54bacf0e310e9930ab307fe2d14984b572f22f1f72833f587201345c82896b,03b8e61e5cdd8b63a31c5e54b74f65de1b1f35f3ace0dd34c919a46d7575dd8b,False,,,572300,541,724866,78000,21e20b9b55258f18e242dcceab0564ffa32e4308253298b64157431d73b63b70,True,True
tv2_m16_cycle_00__MULTI__s9101,tv2_m16_cycle_00,MULTI,9101,50,WARM_JOINT,BUDGET_EXHAUSTED,0.17637928315459103,0.1763792831545914,0.0547937729581971,0.1827088398236974,0.29989667172682866,67,66,199,200,9950,42.97289252281189,60,67,100,0.7645128515372387,0,1779,1731,5241,163131,648.3759620189667,173081,5440,691.3488545417786,1846,fits/tv2_m16_cycle_00__MULTI__s9101/p049/WARM_JOINT/WINNER.json,b705b9d1d9735b57de0f7ff37ea84ea29c75292c6ab242c5261e70f130432861,891c045347483d791605d08e4157894b7fe332114e630fade037248c826983f0,False,,,572300,541,724866,78000,b41b0e6204b741451818c5aa1f7b5dced68b44714915ac884fd7a12ed6f7c3c9,True,False
tv2_m16_cycle_00__MULTI__s9101,tv2_m16_cycle_00,MULTI,9101,51,FROZEN_LAYERWISE,CONVERGED,0.3978034180204994,0.3978034180204988,2.6783813441277794e-05,0.00010349929519125935,0.25878256843955516,22,21,64,204,3264,12.757907152175903,16,22,2,0.0,0,576,527,1630,38222,146.99126935005188,41486,1694,159.74917650222778,598,fits/tv2_m16_cycle_00__MULTI__s9101/p050/FROZEN_LAYERWISE/WINNER.json,03b8e61e5cdd8b63a31c5e54b74f65de1b1f35f3ace0dd34c919a46d7575dd8b,8903c24510bbfe0c732e88f9615978aa410a4ef48c81aa432db4ee36a1ff9c30,False,,,583746,541,739363,79560,c17a987f141d0a698172925864f87fe076169506395eb796a4234af53b5d0cdd,True,True
tv2_m16_cycle_00__MULTI__s9101,tv2_m16_cycle_00,MULTI,9101,51,WARM_JOINT,BUDGET_EXHAUSTED,0.1760143496688582,0.17601434966885854,0.054821300977026304,0.18311167274767293,0.2993872545338484,68,67,202,204,10302,41.446144342422485,61,68,102,0.7667813008986357,0,1846,1797,5440,173081,691.3488545417786,183383,5642,732.794998884201,1914,fits/tv2_m16_cycle_00__MULTI__s9101/p050/WARM_JOINT/WINNER.json,891c045347483d791605d08e4157894b7fe332114e630fade037248c826983f0,ebbe06a8727711b2916b32a06ed9ce704c41fafc0eb07c8fe3230c969155f1f5,False,,,583746,541,739363,79560,bd8d43f7c3ec5002b9aaeaabae5fe178327864bd9a893fb2a1ff25fbd68cc8b6,True,False
tv2_m16_cycle_00__MULTI__s9101,tv2_m16_cycle_00,MULTI,9101,52,FROZEN_LAYERWISE,CONVERGED,0.3978034164647348,0.39780341646473394,2.6781309362549873e-05,0.00010349542886364135,0.2587680408362299,5,4,13,208,676,2.8552544116973877,3,5,2,0.0,0,598,548,1694,41486,159.74917650222778,42162,1707,162.60443091392517,603,fits/tv2_m16_cycle_00__MULTI__s9101/p051/FROZEN_LAYERWISE/WINNER.json,8903c24510bbfe0c732e88f9615978aa410a4ef48c81aa432db4ee36a1ff9c30,ca3bb0af287f527f99395bf39fb1118abf54270c655d37e9fb1bbd2f9fdb42a8,False,,,595192,541,753860,81120,3fa7b5435504bcb97f5300c8a0c9d646a31c05e3f78cb840896de16d2f7f9c11,True,True
tv2_m16_cycle_00__MULTI__s9101,tv2_m16_cycle_00,MULTI,9101,52,WARM_JOINT,BUDGET_EXHAUSTED,0.17558984412119463,0.1755898441211947,0.054828792393138676,0.1834991562063712,0.2987958829166267,70,69,208,208,10816,45.608344316482544,65,70,104,1.0428330682035407,0,1914,1864,5642,183383,732.794998884201,194199,5850,778.4033432006836,1984,fits/tv2_m16_cycle_00__MULTI__s9101/p051/WARM_JOINT/WINNER.json,ebbe06a8727711b2916b32a06ed9ce704c41fafc0eb07c8fe3230c969155f1f5,08368b9081f57411e9147ee3d973e7a91df4cab6657b300dd8db91f2b9e28db0,False,,,595192,541,753860,81120,f1c277f64baa3fa11493c0008b12c81d95ea8f166ca4202d2efe7cc92c70b7de,True,False
tv2_m16_cycle_00__MULTI__s9101,tv2_m16_cycle_00,MULTI,9101,53,FROZEN_LAYERWISE,CONVERGED,0.3978034160696515,0.39780341606965197,2.677997403638636e-05,0.00010349338453909025,0.2587602498039028,5,4,13,212,689,2.861288070678711,3,5,2,0.0,0,603,552,1707,42162,162.60443091392517,42851,1720,165.46571898460388,608,fits/tv2_m16_cycle_00__MULTI__s9101/p052/FROZEN_LAYERWISE/WINNER.json,ca3bb0af287f527f99395bf39fb1118abf54270c655d37e9fb1bbd2f9fdb42a8,860c0a4c6b618a983c3a841ec386bd943902256e9a398265f4625b5d32e9adb9,False,,,606638,541,768357,82680,ba7a69b3b11c95e14345e19edbfd2a639d6d02011044f233fdaa2dd0558572dc,True,True
tv2_m16_cycle_00__MULTI__s9101,tv2_m16_cycle_00,MULTI,9101,53,WARM_JOINT,BUDGET_EXHAUSTED,0.1751357790224874,0.17513577902248753,0.05503180400897876,0.18394372440844517,0.29917739344442756,71,70,211,212,11183,46.290223360061646,64,71,106,1.0648302727284813,0,1984,1933,5850,194199,778.4033432006836,205382,6061,824.6935665607452,2055,fits/tv2_m16_cycle_00__MULTI__s9101/p052/WARM_JOINT/WINNER.json,08368b9081f57411e9147ee3d973e7a91df4cab6657b300dd8db91f2b9e28db0,a95fcdd6c9a76f5017d82ebaebc313acddc0281b31cb4ad7a26f60363936fdab,False,,,606638,541,768357,82680,69c01cbb5ccb85e49e13abb356b37f7bb838fa46572811bb779ab7cd25b0d1ea,True,False
tv2_m16_cycle_00__MULTI__s9101,tv2_m16_cycle_00,MULTI,9101,54,FROZEN_LAYERWISE,CONVERGED,0.39780341465276114,0.39780341465276103,2.6777187130211352e-05,0.00010348917674071799,0.2587438413709578,4,3,10,216,540,2.257596492767334,2,4,2,0.0,0,608,556,1720,42851,165.46571898460388,43391,1730,167.72331547737122,612,fits/tv2_m16_cycle_00__MULTI__s9101/p053/FROZEN_LAYERWISE/WINNER.json,860c0a4c6b618a983c3a841ec386bd943902256e9a398265f4625b5d32e9adb9,ca0d0071b5f2be59c0d3c3bb0a22c392b9aec2e079403ced49917c67ba02e19f,False,,,618084,541,782854,84240,19ad0906b0a092bc631a46fbdda0e6428eceeb325cfae46e72fef903ec98199b,True,True
tv2_m16_cycle_00__MULTI__s9101,tv2_m16_cycle_00,MULTI,9101,54,WARM_JOINT,BUDGET_EXHAUSTED,0.1747614089235825,0.17476140892358238,0.05519240642958167,0.1843724052852608,0.29935285784327664,72,71,214,216,11556,48.59579396247864,65,72,108,0.9582888461967385,0,2055,2003,6061,205382,824.6935665607452,216938,6275,873.2893605232239,2127,fits/tv2_m16_cycle_00__MULTI__s9101/p053/WARM_JOINT/WINNER.json,a95fcdd6c9a76f5017d82ebaebc313acddc0281b31cb4ad7a26f60363936fdab,61eca2efa5d8ccddd3dd0bc6519ccf5fb72d842fb72b4cee5476fc00d1af24e1,False,,,618084,541,782854,84240,87c5170b3fd28d483b36e9751adc375edfefd8ecbd9e7224e427c5baa25a3cf4,True,False
tv2_m16_cycle_00__MULTI__s9101,tv2_m16_cycle_00,MULTI,9101,55,FROZEN_LAYERWISE,CONVERGED,0.39780341277666775,0.3978034127766681,2.677364789823621e-05,0.00010348389955547239,0.25872283527433404,5,4,13,220,715,2.987825870513916,3,5,2,0.0,0,612,559,1730,43391,167.72331547737122,44106,1743,170.71114134788513,617,fits/tv2_m16_cycle_00__MULTI__s9101/p054/FROZEN_LAYERWISE/WINNER.json,ca0d0071b5f2be59c0d3c3bb0a22c392b9aec2e079403ced49917c67ba02e19f,cb6a9b8e4f3bfb836a8e2f7e72641b2c12a4027bd5e77b3ce74a8041ee3128e2,False,,,629530,541,797351,85800,0dd7f2d0b8f55e19ef268592935dbf66eadf5dba828e381535a728944ff6d9ee,True,True
tv2_m16_cycle_00__MULTI__s9101,tv2_m16_cycle_00,MULTI,9101,55,WARM_JOINT,BUDGET_EXHAUSTED,0.17432940382980355,0.17432940382980305,0.05528052704350701,0.18483025547741372,0.29908808436539924,74,73,220,220,12100,49.98650074005127,65,74,110,0.9251552699796013,0,2127,2074,6275,216938,873.2893605232239,229038,6495,923.2758612632751,2201,fits/tv2_m16_cycle_00__MULTI__s9101/p054/WARM_JOINT/WINNER.json,61eca2efa5d8ccddd3dd0bc6519ccf5fb72d842fb72b4cee5476fc00d1af24e1,4fd0ae8f208d00d60beeb26a3ff69832b300f980c86e702531aebfb06bbd563e,False,,,629530,541,797351,85800,6a0262f1e638b67a5e939252a089ed9a5835e4f7b5ed0f01c6043466fd77ee95,True,False
tv2_m16_cycle_00__MULTI__s9101,tv2_m16_cycle_00,MULTI,9101,56,FROZEN_LAYERWISE,CONVERGED,0.39780341208688097,0.39780341208688125,2.6771396843080575e-05,0.00010348056356899563,0.2587094225209815,4,3,10,224,560,2.3506839275360107,2,4,2,0.0,0,617,563,1743,44106,170.71114134788513,44666,1753,173.06182527542114,621,fits/tv2_m16_cycle_00__MULTI__s9101/p055/FROZEN_LAYERWISE/WINNER.json,cb6a9b8e4f3bfb836a8e2f7e72641b2c12a4027bd5e77b3ce74a8041ee3128e2,e6b7656773f7041d2984b9ced706a413a73599375f2c1c67391ffca1356c9979,False,,,640976,541,811848,87360,cecf3cee3b4df65846532b383c789edd8b7681959a09d58677baab90b1c6f3f6,True,True
tv2_m16_cycle_00__MULTI__s9101,tv2_m16_cycle_00,MULTI,9101,56,WARM_JOINT,BUDGET_EXHAUSTED,0.1741505653506835,0.17415056535068338,0.05529440067960391,0.18498108194741059,0.2989192197249873,75,74,223,224,12488,53.16877818107605,67,75,112,0.6819962612623021,0,2201,2147,6495,229038,923.2758612632751,241526,6718,976.4446394443512,2276,fits/tv2_m16_cycle_00__MULTI__s9101/p055/WARM_JOINT/WINNER.json,4fd0ae8f208d00d60beeb26a3ff69832b300f980c86e702531aebfb06bbd563e,99e8ae803a77d4a264f0faed0fbad26ae5edf43582cb47e80ae0ac1ca4737dc6,False,,,640976,541,811848,87360,a249d1c3cae24080c40e4401848ae4b570fed69d192c1df2a0e1b9b19e42a237,True,False
tv2_m16_cycle_00__MULTI__s9101,tv2_m16_cycle_00,MULTI,9101,57,FROZEN_LAYERWISE,CONVERGED,0.397803411492236,0.3978034114922361,2.6769195034556726e-05,0.00010347731687740436,0.25869626158041725,5,4,13,228,741,3.2126691341400146,3,5,2,0.0,0,621,566,1753,44666,173.06182527542114,45407,1766,176.27449440956116,626,fits/tv2_m16_cycle_00__MULTI__s9101/p056/FROZEN_LAYERWISE/WINNER.json,e6b7656773f7041d2984b9ced706a413a73599375f2c1c67391ffca1356c9979,ccbd50bf3afa8cb8b2695462f5d0da00944ae2dd8976e9ad0c4fedae5df99005,False,,,652422,541,826345,88920,b77ff911d71a74e05d4985a337c0b38e7e904e34015de6f6845bc6be3cfac22c,True,True
tv2_m16_cycle_00__MULTI__s9101,tv2_m16_cycle_00,MULTI,9101,57,WARM_JOINT,BUDGET_EXHAUSTED,0.17384207007147343,0.17384207007147306,0.055187281043269504,0.18518603991398289,0.29800994215818566,76,75,226,228,12882,54.146759033203125,68,76,114,1.0035810295757304,0,2276,2221,6718,241526,976.4446394443512,254408,6944,1030.5913984775543,2352,fits/tv2_m16_cycle_00__MULTI__s9101/p056/WARM_JOINT/WINNER.json,99e8ae803a77d4a264f0faed0fbad26ae5edf43582cb47e80ae0ac1ca4737dc6,cb6a8e600e6282b1f1a45882b27c9ecc10e0c1b935e7f857d652f1bc01088194,False,,,652422,541,826345,88920,f4b53b62d8f49e867e1b7edc62d3dd3fb68aa68f6691077660d7148ac396da81,True,False
tv2_m16_cycle_00__MULTI__s9101,tv2_m16_cycle_00,MULTI,9101,58,FROZEN_LAYERWISE,CONVERGED,0.39780341135591046,0.39780341135591046,2.676811829659111e-05,0.00010347573253055527,0.2586898168484748,5,4,13,232,754,3.1870720386505127,3,5,2,0.0,0,626,570,1766,45407,176.27449440956116,46161,1779,179.46156644821167,631,fits/tv2_m16_cycle_00__MULTI__s9101/p057/FROZEN_LAYERWISE/WINNER.json,ccbd50bf3afa8cb8b2695462f5d0da00944ae2dd8976e9ad0c4fedae5df99005,96c6180d60760130830d13e5337ba858b45a2c86627b6560dff040588878baa9,False,,,663868,541,840842,90480,a4d45e473bde8074c5bb5e39c8239bce2307f3d23c519423a7c286332a6c6ca5,True,True
tv2_m16_cycle_00__MULTI__s9101,tv2_m16_cycle_00,MULTI,9101,58,WARM_JOINT,BUDGET_EXHAUSTED,0.17363949736753173,0.17363949736753206,0.055419900689183406,0.18549443817897981,0.29876853038423645,78,77,232,232,13456,57.07875418663025,68,78,116,0.6536392129692468,0,2352,2296,6944,254408,1030.5913984775543,267864,7176,1087.6701526641846,2430,fits/tv2_m16_cycle_00__MULTI__s9101/p057/WARM_JOINT/WINNER.json,cb6a8e600e6282b1f1a45882b27c9ecc10e0c1b935e7f857d652f1bc01088194,d7cf21b024d624363e379ab36a6e95b9cf6589863c5592c593f2cb86016be5b4,False,,,663868,541,840842,90480,8690b3e812b3d899f32e15c914cfe1c14ab0b84cbf222eacd99feca00ba87bf2,True,False
tv2_m16_cycle_00__MULTI__s9101,tv2_m16_cycle_00,MULTI,9101,59,FROZEN_LAYERWISE,CONVERGED,0.3978034113462135,0.39780341134621344,2.6768403910009292e-05,0.00010347615307366642,0.2586915256788916,5,4,13,236,767,3.2209198474884033,3,5,2,0.0,0,631,574,1779,46161,179.46156644821167,46928,1792,182.68248629570007,636,fits/tv2_m16_cycle_00__MULTI__s9101/p058/FROZEN_LAYERWISE/WINNER.json,96c6180d60760130830d13e5337ba858b45a2c86627b6560dff040588878baa9,63e127f0aa2aaf2bbc60c256e255b9bb32313177665ef8052a9dd43fac57b724,False,,,675314,541,855339,92040,57874537fe03ea17809d0d501d68331ac1cfb673b4fa62664ef8751bc1fdfe04,True,True
tv2_m16_cycle_00__MULTI__s9101,tv2_m16_cycle_00,MULTI,9101,59,WARM_JOINT,BUDGET_EXHAUSTED,0.1733264423673068,0.1733264423673063,0.05548700208027209,0.18572368625114835,0.2987610422788978,79,78,235,236,13865,55.68433952331543,71,79,118,0.9227166782191509,0,2430,2373,7176,267864,1087.6701526641846,281729,7411,1143.3544921875,2509,fits/tv2_m16_cycle_00__MULTI__s9101/p058/WARM_JOINT/WINNER.json,d7cf21b024d624363e379ab36a6e95b9cf6589863c5592c593f2cb86016be5b4,ec1f3a61ce9f6b2b7fc2445401c9e04271b6684eda546eba0ca2a66a38f1e24d,False,,,675314,541,855339,92040,519426fc50d652ed1dd4a46b8f65088abfa214ab4a1f85a27dfa7ee52cf41a0b,True,False
tv2_m16_cycle_00__MULTI__s9101,tv2_m16_cycle_00,MULTI,9101,60,FROZEN_LAYERWISE,CONVERGED,0.39780341134409103,0.39780341134409086,2.6768275016823817e-05,0.00010347596334572534,0.25869075436763866,4,3,10,240,600,2.526533842086792,2,4,2,0.0,0,636,578,1792,46928,182.68248629570007,47528,1802,185.20902013778687,640,fits/tv2_m16_cycle_00__MULTI__s9101/p059/FROZEN_LAYERWISE/WINNER.json,63e127f0aa2aaf2bbc60c256e255b9bb32313177665ef8052a9dd43fac57b724,99afa22e138c2af68f4d430c2d378030983d93b77424f26051c2ae38c59d7e67,False,,,686760,541,869836,93600,ab7541988e8d467ac17920ffaac954e4723b969aba46f131d06f18a75d64b705,True,True
tv2_m16_cycle_00__MULTI__s9101,tv2_m16_cycle_00,MULTI,9101,60,WARM_JOINT,BUDGET_EXHAUSTED,0.17312699327544628,0.17312699327544617,0.05548960321509797,0.1859494584695137,0.29841228725167523,80,79,238,240,14280,57.05378556251526,71,80,120,0.7087881073489901,0,2509,2451,7411,281729,1143.3544921875,296009,7649,1200.4082777500153,2589,fits/tv2_m16_cycle_00__MULTI__s9101/p059/WARM_JOINT/WINNER.json,ec1f3a61ce9f6b2b7fc2445401c9e04271b6684eda546eba0ca2a66a38f1e24d,f37db9620d1726b0e97949e697e880fe08f6aec9abf64954e6c35931f80f7654,False,,,686760,541,869836,93600,7be573870c88d2b5e473294e4b8d6c1f50a046e65c5eecea167c042a1342bf02,True,False
tv2_m16_cycle_00__MULTI__s9101,tv2_m16_cycle_00,MULTI,9101,61,FROZEN_LAYERWISE,CONVERGED,0.39780341056989765,0.3978034105698982,2.677075447833188e-05,0.00010347963407728385,0.2587055386989301,4,3,10,244,610,2.3779256343841553,2,4,2,0.0,0,640,581,1802,47528,185.20902013778687,48138,1812,187.58694577217102,644,fits/tv2_m16_cycle_00__MULTI__s9101/p060/FROZEN_LAYERWISE/WINNER.json,99afa22e138c2af68f4d430c2d378030983d93b77424f26051c2ae38c59d7e67,67983298e73a4197694c6c4842cc4fab03d1b7668805bbb4c00d2c80487ee7d7,False,,,698206,541,884333,95160,4270d3d23ba810f0d9604dd7cae169dfcd58d388427025cd582563020eea4b04,True,True
tv2_m16_cycle_00__MULTI__s9101,tv2_m16_cycle_00,MULTI,9101,61,WARM_JOINT,BUDGET_EXHAUSTED,0.17288825872782146,0.17288825872782093,0.055541483928373915,0.18611029130402926,0.2984331685217853,82,81,244,244,14884,58.69726085662842,74,82,122,0.7675172007378805,0,2589,2530,7649,296009,1200.4082777500153,310893,7893,1259.1055386066437,2671,fits/tv2_m16_cycle_00__MULTI__s9101/p060/WARM_JOINT/WINNER.json,f37db9620d1726b0e97949e697e880fe08f6aec9abf64954e6c35931f80f7654,16c3bece5bfd33204e805ea76c0764a9364a9beb5799ed18af091c9a90a3dc82,False,,,698206,541,884333,95160,d4291ca92c8495e87bf2699084b680497c7cd73a194f56061b499f836c4282de,True,False
tv2_m16_cycle_00__MULTI__s9101,tv2_m16_cycle_00,MULTI,9101,62,FROZEN_LAYERWISE,CONVERGED,0.39779254816582665,0.3977925481658268,2.6960806718228927e-05,0.00010381949963640207,0.2596892376928361,23,22,67,248,4154,16.739320993423462,15,23,2,0.0,0,644,584,1812,48138,187.58694577217102,52292,1879,204.32626676559448,667,fits/tv2_m16_cycle_00__MULTI__s9101/p061/FROZEN_LAYERWISE/WINNER.json,67983298e73a4197694c6c4842cc4fab03d1b7668805bbb4c00d2c80487ee7d7,67327d6371b1ed9b1f0cf2259cc55fbd727e8362f9ae4b7a110137081a886658,False,,,709652,541,898830,96720,2458be1151e3817a970bc38d398fddca01afc107bac1e6edbc2193ca835c31bc,True,True
tv2_m16_cycle_00__MULTI__s9101,tv2_m16_cycle_00,MULTI,9101,62,WARM_JOINT,BUDGET_EXHAUSTED,0.16963191198552388,0.16963191198552402,0.05673341249351465,0.18897434532752175,0.3002175369105625,83,82,247,248,15314,48.656559467315674,70,82,124,1.0313414088329764,0,2671,2611,7893,310893,1259.1055386066437,326207,8140,1307.7620980739594,2754,fits/tv2_m16_cycle_00__MULTI__s9101/p061/WARM_JOINT/WINNER.json,16c3bece5bfd33204e805ea76c0764a9364a9beb5799ed18af091c9a90a3dc82,cdb1888a651caaf9901d6a80d874a3e0f50224c7dd610f5d4187694213da57fd,False,,,709652,541,898830,96720,c61958b113f8962a61de64cac67c37c542dd9e2a624749079d3fa69f4469db24,True,False
tv2_m16_cycle_00__MULTI__s9101,tv2_m16_cycle_00,MULTI,9101,63,FROZEN_LAYERWISE,CONVERGED,0.3977925476844103,0.39779254768441064,2.6959176538626884e-05,0.0001038165899630482,0.25968081352144734,4,3,10,252,630,2.3083770275115967,2,4,2,0.0,0,667,606,1879,52292,204.32626676559448,52922,1889,206.63464379310608,671,fits/tv2_m16_cycle_00__MULTI__s9101/p062/FROZEN_LAYERWISE/WINNER.json,67327d6371b1ed9b1f0cf2259cc55fbd727e8362f9ae4b7a110137081a886658,188a863b990cde5704dff18a44d31016c14f3ad4ec971d12e801b98619e92887,False,,,721098,541,913327,98280,f59bbac62508ea19b78356578e43c60f576c5dbf7a0c6f5e8b0fd3bb4d13f3b9,True,True
tv2_m16_cycle_00__MULTI__s9101,tv2_m16_cycle_00,MULTI,9101,63,WARM_JOINT,BUDGET_EXHAUSTED,0.15687974659690126,0.15687974659690168,0.05867820167262042,0.19379186649004868,0.3027898060708011,84,83,250,252,15750,37.18456792831421,73,84,126,2.5472825000745662,0,2754,2693,8140,326207,1307.7620980739594,341957,8390,1344.9466660022736,2838,fits/tv2_m16_cycle_00__MULTI__s9101/p062/WARM_JOINT/WINNER.json,cdb1888a651caaf9901d6a80d874a3e0f50224c7dd610f5d4187694213da57fd,abc2fb70dc97bcb345f0c351aa4589174711b48f6a88e19e79cd13b003161b5b,False,,,721098,541,913327,98280,406fc9edcacc7c909ce774920c3641102bcbcb9b018ddbf80c5bca03e140d23d,True,False
tv2_m16_cycle_00__MULTI__s9101,tv2_m16_cycle_00,MULTI,9101,64,FROZEN_LAYERWISE,CONVERGED,0.3977925476844104,0.3977925476844106,2.6959176538626884e-05,0.0001038165899630482,0.25968081352144734,4,3,10,256,640,2.4459786415100098,2,1,2,0.0,0,671,609,1889,52922,206.63464379310608,53562,1899,209.0806224346161,675,fits/tv2_m16_cycle_00__MULTI__s9101/p063/FROZEN_LAYERWISE/WINNER.json,188a863b990cde5704dff18a44d31016c14f3ad4ec971d12e801b98619e92887,c2018e4a70a7f0a981e60ce05de43f40d26993db503dcb6b4be32f568f94a4e7,True,835222b25ba68dac259558535a31f6832f0e1acff8ca369388f7a0480916fdb7,1.4380637896479269e-15,732544,541,927824,99840,68e9c15ed16e1c3ae521f6465898df0137a55e767bfd4cb69b740420069df6a5,True,True
tv2_m16_cycle_00__MULTI__s9101,tv2_m16_cycle_00,MULTI,9101,64,WARM_JOINT,BUDGET_EXHAUSTED,0.13113678294375541,0.13113678294375458,0.07155078758492539,0.21662301015002539,0.33030095711149,86,85,256,256,16384,56.83760070800781,79,86,128,1.7538168998384296,0,2838,2776,8390,341957,1344.9466660022736,358341,8646,1401.7842667102814,2924,fits/tv2_m16_cycle_00__MULTI__s9101/p063/WARM_JOINT/WINNER.json,abc2fb70dc97bcb345f0c351aa4589174711b48f6a88e19e79cd13b003161b5b,8e0a4edb8664b74e0c65cdf993e59bd3a1ab340d9391e7ca5694ca56e0272c8e,True,e3c85d7ce6b519d9e9f90c73f520f2a2b52920b1e716993fe5dcd3449ddc4222,8.471590963192567e-15,732544,541,927824,99840,eb18decaec5cadc76b1120972cadf322f7805d9c48b2602c99ac7f3957dcf16d,True,False
tv2_m16_cycle_00__MULTI__s9101,tv2_m16_cycle_00,MULTI,9101,64,RANDOM_JOINT,BUDGET_EXHAUSTED,-0.07481341943071697,-0.07481341943071736,0.05898496014736528,0.4677799427603085,0.1260955307303317,85,85,255,256,16320,36.84285759925842,75,85,128,3.8812737934072783,0,0,0,0,0,0.0,16320,255,36.84285759925842,85,,,4b601bdadf27cf0a1a59413789b6a9a596e1c54f0a7ceaff18c0e59cedad77fd,True,2dd16257becee2b86c503f0787839a119ef34a7b31cf923a0f9a9245d3be4ebe,1.6939998869943827e-15,732544,541,927824,99840,35088202f7d27c5f1f3e9324bea4edd095391d1839716bf72b9ebcdabe77bf14,False,False
tv2_m16_cycle_00__MULTI__s9101,tv2_m16_cycle_00,MULTI,9101,65,FROZEN_LAYERWISE,CONVERGED,0.3977925474989057,0.3977925474989055,2.696005164078889e-05,0.00010381816056259718,0.25968531415593055,4,3,10,260,650,4.589056015014648,2,4,2,0.0,0,675,612,1899,53562,209.0806224346161,54212,1909,213.66967844963074,679,fits/tv2_m16_cycle_00__MULTI__s9101/p064/FROZEN_LAYERWISE/WINNER.json,c2018e4a70a7f0a981e60ce05de43f40d26993db503dcb6b4be32f568f94a4e7,6a983ec56c23d416e603bfeb97e63555168cfddc3627fc14cc3ab132af915ebe,False,,,743990,541,942321,101400,90521cfa293d1b2bf70ba40dcedae05e87e4cb9f71a3082fd9e8ca1b66e2b8bf,True,True
tv2_m16_cycle_00__MULTI__s9101,tv2_m16_cycle_00,MULTI,9101,65,WARM_JOINT,BUDGET_EXHAUSTED,0.12811700944392282,0.1281170094439228,0.07221230427089988,0.21964389174331816,0.32876991796926064,87,86,259,260,16835,65.10620188713074,77,87,130,1.3421590816131173,0,2924,2861,8646,358341,1401.7842667102814,375176,8905,1466.890468597412,3011,fits/tv2_m16_cycle_00__MULTI__s9101/p064/WARM_JOINT/WINNER.json,8e0a4edb8664b74e0c65cdf993e59bd3a1ab340d9391e7ca5694ca56e0272c8e,fecc309c09ba2c3da24e8a651893e05d4bc7366bde6d669532f54d317da519df,False,,,743990,541,942321,101400,04a740a49958abd84feb67043d651fee887cb7cbe42b0c617719d14164b3f181,True,False
tv2_m16_cycle_00__MULTI__s9101,tv2_m16_cycle_00,MULTI,9101,66,FROZEN_LAYERWISE,CONVERGED,0.39779254714893286,0.3977925471489327,2.6961098061330003e-05,0.00010382005734067742,0.2596906489163193,4,3,10,264,660,2.526789665222168,2,4,2,0.0,0,679,615,1909,54212,213.66967844963074,54872,1919,216.1964681148529,683,fits/tv2_m16_cycle_00__MULTI__s9101/p065/FROZEN_LAYERWISE/WINNER.json,6a983ec56c23d416e603bfeb97e63555168cfddc3627fc14cc3ab132af915ebe,4b150c7b3ac863b1b38b70bcbec1149cda6597b2f9b4724149ce0f0d6ffd1b23,False,,,755436,541,956818,102960,e227411f95a2b50e9b4e7b6cd53e8170c7d983d71d71cb961bbd2183ad2684df,True,True
tv2_m16_cycle_00__MULTI__s9101,tv2_m16_cycle_00,MULTI,9101,66,WARM_JOINT,BUDGET_EXHAUSTED,0.05098337685355882,0.050983376853559345,0.12227562194967365,0.32420785225782467,0.37715194464949164,88,87,262,264,17292,71.9130027294159,77,88,132,2.635500018007934,0,3011,2947,8905,375176,1466.890468597412,392468,9167,1538.803471326828,3099,fits/tv2_m16_cycle_00__MULTI__s9101/p065/WARM_JOINT/WINNER.json,fecc309c09ba2c3da24e8a651893e05d4bc7366bde6d669532f54d317da519df,c6bf93d3d595358cefe63096030f2472a8059b368eba90f9f1c20ef4813932a6,False,,,755436,541,956818,102960,554205c8d02b2a4bf70d18551b1f89ce61dfed295f1f5312d78c6e223753bef1,True,False
tv2_m16_cycle_00__MULTI__s9101,tv2_m16_cycle_00,MULTI,9101,67,FROZEN_LAYERWISE,CONVERGED,0.39779254700955613,0.39779254700955635,2.696166771588224e-05,0.00010382109892069296,0.25969353046896343,4,3,10,268,670,2.8627727031707764,2,4,2,0.0,0,683,618,1919,54872,216.1964681148529,55542,1929,219.05924081802368,687,fits/tv2_m16_cycle_00__MULTI__s9101/p066/FROZEN_LAYERWISE/WINNER.json,4b150c7b3ac863b1b38b70bcbec1149cda6597b2f9b4724149ce0f0d6ffd1b23,2a1f068223e9afc3604f7c0a5c00ab8331619580dd9d5f5017d4a5191736c7e7,False,,,766882,541,971315,104520,155dd3c82cf1a843c65833cd045607ad8d0a7d88c75d2799ec93588ed5b14aa3,True,True
tv2_m16_cycle_00__MULTI__s9101,tv2_m16_cycle_00,MULTI,9101,67,WARM_JOINT,BUDGET_EXHAUSTED,0.044536447887535094,0.04453644788753505,0.12598975520399913,0.33113860659192834,0.3804743774840484,90,89,268,268,17956,72.39758205413818,83,90,134,1.0663336710487878,0,3099,3034,9167,392468,1538.803471326828,410424,9435,1611.2010533809662,3189,fits/tv2_m16_cycle_00__MULTI__s9101/p066/WARM_JOINT/WINNER.json,c6bf93d3d595358cefe63096030f2472a8059b368eba90f9f1c20ef4813932a6,8d4ab1cace9995b66224cdf5b97d6b2b928cb955cd5f66778e4e2190e6071ea3,False,,,766882,541,971315,104520,87c14a171b9e4a95c99efea4e7cf7915f8350c25658d4ed0bbf8286fdece4a41,True,False
tv2_m16_cycle_00__MULTI__s9101,tv2_m16_cycle_00,MULTI,9101,68,FROZEN_LAYERWISE,CONVERGED,0.3977925460420076,0.3977925460420074,2.6959578541071746e-05,0.00010381735093330704,0.2596827822970628,4,3,10,272,680,2.730865240097046,2,4,2,0.0,0,687,621,1929,55542,219.05924081802368,56222,1939,221.79010605812073,691,fits/tv2_m16_cycle_00__MULTI__s9101/p067/FROZEN_LAYERWISE/WINNER.json,2a1f068223e9afc3604f7c0a5c00ab8331619580dd9d5f5017d4a5191736c7e7,2f66c76a950c09671e5a05553ef12fe0f863642b2f8dd877ec37116e0f21ad7e,False,,,778328,541,985812,106080,570915a47004c81c70ceafd6f4c011652e2fa143056bf097313e60e1b3f87676,True,True
tv2_m16_cycle_00__MULTI__s9101,tv2_m16_cycle_00,MULTI,9101,68,WARM_JOINT,BUDGET_EXHAUSTED,-0.001316483716421707,-0.0013164837164218318,0.13977855317168392,0.3639876355485911,0.3840200587061534,91,90,271,272,18428,76.01784920692444,77,91,136,2.694157059395614,0,3189,3123,9435,410424,1611.2010533809662,428852,9706,1687.2189025878906,3280,fits/tv2_m16_cycle_00__MULTI__s9101/p067/WARM_JOINT/WINNER.json,8d4ab1cace9995b66224cdf5b97d6b2b928cb955cd5f66778e4e2190e6071ea3,2e13ab3bd7acacbee78396d15dd0f51a3f808bc39c6284b25394c378cc863f95,False,,,778328,541,985812,106080,06bdeecb36d3a9e07c1307dcc5e1d7f1ab05d971b47d8a2e7edf704622457894,True,False
tv2_m16_cycle_00__MULTI__s9101,tv2_m16_cycle_00,MULTI,9101,69,FROZEN_LAYERWISE,CONVERGED,0.3977925459945494,0.3977925459945499,2.695909045252723e-05,0.00010381647794286043,0.2596802645083495,4,3,10,276,690,2.9212758541107178,2,4,2,0.0,0,691,624,1939,56222,221.79010605812073,56912,1949,224.71138191223145,695,fits/tv2_m16_cycle_00__MULTI__s9101/p068/FROZEN_LAYERWISE/WINNER.json,2f66c76a950c09671e5a05553ef12fe0f863642b2f8dd877ec37116e0f21ad7e,512f2565e2c5f92222fa2d638803c0352fcd8ae0d1eec527df5177e772928da2,False,,,789774,541,1000309,107640,bcbda2a5d8a303714a5093282393ec7e7d65c0aa83a246e315b65e652e60e693,True,True
tv2_m16_cycle_00__MULTI__s9101,tv2_m16_cycle_00,MULTI,9101,69,WARM_JOINT,BUDGET_EXHAUSTED,-0.019353634188803592,-0.01935363418880519,0.14422122891945688,0.3776142443736186,0.3819274062573807,92,91,274,276,18906,76.39593720436096,76,92,138,1.3661796936318162,0,3280,3213,9706,428852,1687.2189025878906,447758,9980,1763.6148397922516,3372,fits/tv2_m16_cycle_00__MULTI__s9101/p068/WARM_JOINT/WINNER.json,2e13ab3bd7acacbee78396d15dd0f51a3f808bc39c6284b25394c378cc863f95,5f5d93433827b6922d87fe0f12d3d825aa8e364e5be8f13400a79ebc81caa3d2,False,,,789774,541,1000309,107640,ec903ef199d0e891f5dcdbdddc8f56bcd80d885181fd1b6ed8f3c901d807b357,True,False
tv2_m16_cycle_00__MULTI__s9101,tv2_m16_cycle_00,MULTI,9101,70,FROZEN_LAYERWISE,CONVERGED,0.3977925457930862,0.3977925457930865,2.6957946488988242e-05,0.00010381444254180342,0.25967433652724153,4,3,10,280,700,2.9037704467773438,2,4,2,0.0,0,695,627,1949,56912,224.71138191223145,57612,1959,227.6151523590088,699,fits/tv2_m16_cycle_00__MULTI__s9101/p069/FROZEN_LAYERWISE/WINNER.json,512f2565e2c5f92222fa2d638803c0352fcd8ae0d1eec527df5177e772928da2,49f7c0192a8f078e5561066c747c3738a689b1587ac51e3f8267cfb580c7650e,False,,,801220,541,1014806,109200,035ea854a1d06bc39bbb6e5e0f1f1fcdf46cb9341fe987a6a2a167b3319570f5,True,True
tv2_m16_cycle_00__MULTI__s9101,tv2_m16_cycle_00,MULTI,9101,70,WARM_JOINT,BUDGET_EXHAUSTED,-0.02186932008114867,-0.021869320081148808,0.14513924159413505,0.3813594111072413,0.3805838727638499,94,93,280,280,19600,80.75470685958862,85,94,140,0.9756875422141744,0,3372,3304,9980,447758,1763.6148397922516,467358,10260,1844.3695466518402,3466,fits/tv2_m16_cycle_00__MULTI__s9101/p069/WARM_JOINT/WINNER.json,5f5d93433827b6922d87fe0f12d3d825aa8e364e5be8f13400a79ebc81caa3d2,3b5c8d5e7e8236fda6bfdf851ad26cb7b3f2e77fbf485b9adceccddeb454669b,False,,,801220,541,1014806,109200,c0c48487511d320da98550e7c71044211bbe3c664311ae35d0b82639c7582254,True,False
tv2_m16_cycle_00__MULTI__s9101,tv2_m16_cycle_00,MULTI,9101,71,FROZEN_LAYERWISE,CONVERGED,0.39779254577823114,0.3977925457782313,2.695763443338126e-05,0.00010381388810687059,0.259672717446339,4,3,10,284,710,2.802705764770508,2,4,2,0.0,0,699,630,1959,57612,227.6151523590088,58322,1969,230.4178581237793,703,fits/tv2_m16_cycle_00__MULTI__s9101/p070/FROZEN_LAYERWISE/WINNER.json,49f7c0192a8f078e5561066c747c3738a689b1587ac51e3f8267cfb580c7650e,8cb23e295150e5dfcf22719696980e7240f5b3dcdf930c0ff686f8afae5b067f,False,,,812666,541,1029303,110760,25c6e53252a83c94d3fbe1b09d4b03bba628551b4092a69a63f0e4acc92c1c6b,True,True
tv2_m16_cycle_00__MULTI__s9101,tv2_m16_cycle_00,MULTI,9101,71,WARM_JOINT,BUDGET_EXHAUSTED,-0.06173037570089801,-0.06173037570089854,0.1554286540069841,0.43149551432225275,0.36020919997538076,95,94,283,284,20093,81.19219970703125,79,95,142,2.1772850343344197,0,3466,3397,10260,467358,1844.3695466518402,487451,10543,1925.5617463588715,3561,fits/tv2_m16_cycle_00__MULTI__s9101/p070/WARM_JOINT/WINNER.json,3b5c8d5e7e8236fda6bfdf851ad26cb7b3f2e77fbf485b9adceccddeb454669b,a0c3cec92872316c7366a54bb33dc20f75632247894876c612a141d012b8e81c,False,,,812666,541,1029303,110760,05b97baf54026ed13dc47ab66307c161b76606c40df718cd7c55244811d5114e,True,False
tv2_m16_cycle_00__MULTI__s9101,tv2_m16_cycle_00,MULTI,9101,72,FROZEN_LAYERWISE,CONVERGED,0.39779254576159884,0.39779254576159884,2.6957287455859266e-05,0.00010381327241398909,0.2596709151827749,4,3,10,288,720,2.8625710010528564,2,4,2,0.0,0,703,633,1969,58322,230.4178581237793,59042,1979,233.28042912483215,707,fits/tv2_m16_cycle_00__MULTI__s9101/p071/FROZEN_LAYERWISE/WINNER.json,8cb23e295150e5dfcf22719696980e7240f5b3dcdf930c0ff686f8afae5b067f,24b6044e968bbe8d8968e348a9978323daea4afb6c09cdd3d8166ef20076ca00,False,,,824112,541,1043800,112320,5237839f4bb7d5fc4ef6188caaa27243cf68a0fb7bb5c5777e0ec8ae352b4c0d,True,True
tv2_m16_cycle_00__MULTI__s9101,tv2_m16_cycle_00,MULTI,9101,72,WARM_JOINT,BUDGET_EXHAUSTED,-0.08812562157637327,-0.08812562157637373,0.15776088551147377,0.44496979001297,0.354542912917471,96,95,286,288,20592,83.58043503761292,86,96,144,1.8975488720615907,0,3561,3491,10543,487451,1925.5617463588715,508043,10829,2009.1421813964844,3657,fits/tv2_m16_cycle_00__MULTI__s9101/p071/WARM_JOINT/WINNER.json,a0c3cec92872316c7366a54bb33dc20f75632247894876c612a141d012b8e81c,fb6ea4adade57b6cca47e128eda3abb9cd1b24c7f4659e87d4722394eafd53b4,False,,,824112,541,1043800,112320,0301b23aba35958fd6e6ab534ba2996c967514cfcb8c13f8f5b2767af1ec9386,True,False
tv2_m16_cycle_00__MULTI__s9101,tv2_m16_cycle_00,MULTI,9101,73,FROZEN_LAYERWISE,CONVERGED,0.3977925450448664,0.39779254504486605,2.6959098491412275e-05,0.00010381651686975508,0.25968024457258865,4,3,10,292,730,2.887881278991699,2,4,2,0.0,0,707,636,1979,59042,233.28042912483215,59772,1989,236.16831040382385,711,fits/tv2_m16_cycle_00__MULTI__s9101/p072/FROZEN_LAYERWISE/WINNER.json,24b6044e968bbe8d8968e348a9978323daea4afb6c09cdd3d8166ef20076ca00,edb13833b30dbd905bda5a82960e0b59602bb13b4d3eeab696d0b701cd8802c2,False,,,835558,541,1058297,113880,c2990c9b118dc9a0d3bce60b1b357503bbce92a6f324663088247ec1a95a7010,True,True
tv2_m16_cycle_00__MULTI__s9101,tv2_m16_cycle_00,MULTI,9101,73,WARM_JOINT,BUDGET_EXHAUSTED,-0.11139181353037542,-0.11139181353037676,0.16099669826091736,0.4601926009479395,0.34984634244289065,98,97,292,292,21316,85.30560517311096,85,98,146,1.3174703782603934,0,3657,3586,10829,508043,2009.1421813964844,529359,11121,2094.4477865695953,3755,fits/tv2_m16_cycle_00__MULTI__s9101/p072/WARM_JOINT/WINNER.json,fb6ea4adade57b6cca47e128eda3abb9cd1b24c7f4659e87d4722394eafd53b4,ba59953dda32d94176743be169cb507c2f83c15ce575b13bed1808298937e35e,False,,,835558,541,1058297,113880,6d557f98ebafb49524269898990c6a42650b06aa103bee3d0efe4baa59372cbb,True,False
tv2_m16_cycle_00__MULTI__s9101,tv2_m16_cycle_00,MULTI,9101,74,FROZEN_LAYERWISE,CONVERGED,0.3977925443996092,0.39779254439960887,2.6960426333540133e-05,0.00010381892815012598,0.25968700326547745,5,4,13,296,962,3.8688912391662598,3,4,2,0.0,0,711,639,1989,59772,236.16831040382385,60734,2002,240.0372016429901,716,fits/tv2_m16_cycle_00__MULTI__s9101/p073/FROZEN_LAYERWISE/WINNER.json,edb13833b30dbd905bda5a82960e0b59602bb13b4d3eeab696d0b701cd8802c2,ccc46c86148edda829f7bbc4b94efa9f151c4170c18df68a50283f061422e547,False,,,847004,541,1072794,115440,37fc36bf8a4fca865de8da44fa538b29571ecbe578c3293bf26b4c08347f2979,True,True
tv2_m16_cycle_00__MULTI__s9101,tv2_m16_cycle_00,MULTI,9101,74,WARM_JOINT,BUDGET_EXHAUSTED,-0.12531814396328456,-0.12531814396328403,0.1654222816523929,0.4698802539207534,0.3520519968057475,99,98,295,296,21830,90.50031042098999,90,99,148,1.480934570526949,0,3755,3683,11121,529359,2094.4477865695953,551189,11416,2184.9480969905853,3854,fits/tv2_m16_cycle_00__MULTI__s9101/p073/WARM_JOINT/WINNER.json,ba59953dda32d94176743be169cb507c2f83c15ce575b13bed1808298937e35e,210c845e30a0feddd3e670de3c93e998ea9a7508ddf86c4e861a4c38b0990125,False,,,847004,541,1072794,115440,489a03464ca29fa647f9f9cede659932e44469592fda29747e44f6b1354ceb61,True,False
tv2_m16_cycle_00__MULTI__s9101,tv2_m16_cycle_00,MULTI,9101,75,FROZEN_LAYERWISE,CONVERGED,0.39779254432822597,0.39779254432822614,2.6960840535521914e-05,0.00010381968454484163,0.25968910090337477,4,3,10,300,750,2.938128709793091,2,4,2,0.0,0,716,643,2002,60734,240.0372016429901,61484,2012,242.9753303527832,720,fits/tv2_m16_cycle_00__MULTI__s9101/p074/FROZEN_LAYERWISE/WINNER.json,ccc46c86148edda829f7bbc4b94efa9f151c4170c18df68a50283f061422e547,3d90059bb56972ab186e1c578541cc1dbb71106593a5ef87969707b97c974f49,False,,,858450,541,1087291,117000,bc5970013970f633199dbbfadc93191ffc50d8e8e35e804d0816c3f699fa3445,True,True
tv2_m16_cycle_00__MULTI__s9101,tv2_m16_cycle_00,MULTI,9101,75,WARM_JOINT,BUDGET_EXHAUSTED,-0.14668269973587716,-0.14668269973587733,0.16700273122069761,0.4902295797406576,0.340662289919441,100,99,298,300,22350,91.37051129341125,88,100,150,0.7631428795347484,0,3854,3781,11416,551189,2184.9480969905853,573539,11714,2276.3186082839966,3954,fits/tv2_m16_cycle_00__MULTI__s9101/p074/WARM_JOINT/WINNER.json,210c845e30a0feddd3e670de3c93e998ea9a7508ddf86c4e861a4c38b0990125,ebe3ae5a79d0cd34a96c573da8ab236fb6df5ac7d7042c600fa43f7b3477974a,False,,,858450,541,1087291,117000,f5bc30b608051c4a8b8d7aaf1e192e1efb389f3bfe2f46612072e69dd49fe73e,True,False
tv2_m16_cycle_00__MULTI__s9101,tv2_m16_cycle_00,MULTI,9101,76,FROZEN_LAYERWISE,CONVERGED,0.3977925442840636,0.39779254428406396,2.696048255561117e-05,0.00010381903409691084,0.2596872797953857,5,4,13,304,988,4.091118097305298,3,5,2,0.0,0,720,646,2012,61484,242.9753303527832,62472,2025,247.0664484500885,725,fits/tv2_m16_cycle_00__MULTI__s9101/p075/FROZEN_LAYERWISE/WINNER.json,3d90059bb56972ab186e1c578541cc1dbb71106593a5ef87969707b97c974f49,8db57bacd272e4612587dec1d5c3b466fcbf38d2d13f7339703d24ff5715b034,False,,,869896,541,1101788,118560,582dd96be445f7627d579326d7888dd19f8f88064155ecdd8d0161c147ac8f89,True,True
tv2_m16_cycle_00__MULTI__s9101,tv2_m16_cycle_00,MULTI,9101,76,WARM_JOINT,BUDGET_EXHAUSTED,-0.15797698119950648,-0.15797698119950368,0.16896526640774626,0.5024828579499381,0.3362607574258386,102,101,304,304,23104,94.14022183418274,90,102,152,1.3169834548826418,0,3954,3880,11714,573539,2276.3186082839966,596643,12018,2370.4588301181793,4056,fits/tv2_m16_cycle_00__MULTI__s9101/p075/WARM_JOINT/WINNER.json,ebe3ae5a79d0cd34a96c573da8ab236fb6df5ac7d7042c600fa43f7b3477974a,7fc3a484d011810f7c30828dd4e7007f772255ad6c051169d0de16fb2eacd14e,False,,,869896,541,1101788,118560,6038b5bcc3d6e9152e3fea6adbcaf61f36702a862fa5ef884afd976b7e9b0dcd,True,False
tv2_m16_cycle_00__MULTI__s9101,tv2_m16_cycle_00,MULTI,9101,77,FROZEN_LAYERWISE,CONVERGED,0.3977925442658774,0.3977925442658775,2.6960696111912155e-05,0.00010381942332252805,0.25968836320883204,4,3,10,308,770,3.0753695964813232,2,4,2,0.0,0,725,650,2025,62472,247.0664484500885,63242,2035,250.14181804656982,729,fits/tv2_m16_cycle_00__MULTI__s9101/p076/FROZEN_LAYERWISE/WINNER.json,8db57bacd272e4612587dec1d5c3b466fcbf38d2d13f7339703d24ff5715b034,cc30b41d7a064f4c09a8821e53c220f892d98fea0bb0f9015f1789b8e372e14c,False,,,881342,541,1116285,120120,a3eff52abd788ccf8e43f128812161761378a707b74a8aa65254e347ef8e0642,True,True
tv2_m16_cycle_00__MULTI__s9101,tv2_m16_cycle_00,MULTI,9101,77,WARM_JOINT,BUDGET_EXHAUSTED,-0.1582356713754987,-0.15823567137550063,0.1693163583710081,0.5025917834575273,0.3368864433202907,103,102,307,308,23639,95.7853171825409,94,102,154,0.3667740005626996,0,4056,3981,12018,596643,2370.4588301181793,620282,12325,2466.24414730072,4159,fits/tv2_m16_cycle_00__MULTI__s9101/p076/WARM_JOINT/WINNER.json,7fc3a484d011810f7c30828dd4e7007f772255ad6c051169d0de16fb2eacd14e,3cd061fc6a9f0e9d0b98dc4f69ac7aa1cc80913da4cca9ea771b751bfeb2760a,False,,,881342,541,1116285,120120,5bf27c7ab1427d33900b698f307ce764d2937768de8efef1a0baaa8d4a35cc6b,True,False
tv2_m16_cycle_00__MULTI__s9101,tv2_m16_cycle_00,MULTI,9101,78,FROZEN_LAYERWISE,CONVERGED,0.3977925441379041,0.39779254413790466,2.6961194939796664e-05,0.00010382034147081075,0.25969087134409824,4,3,10,312,780,3.2551345825195312,2,4,2,0.0,0,729,653,2035,63242,250.14181804656982,64022,2045,253.39695262908936,733,fits/tv2_m16_cycle_00__MULTI__s9101/p077/FROZEN_LAYERWISE/WINNER.json,cc30b41d7a064f4c09a8821e53c220f892d98fea0bb0f9015f1789b8e372e14c,823caffccc26b5b48b987a22387e45af7f6a0e8b5699acee497473915dc86b83,False,,,892788,541,1130782,121680,a201e82d182e1ff01d74856110e701dde815b297ad16938e00811cdc850954a9,True,True
tv2_m16_cycle_00__MULTI__s9101,tv2_m16_cycle_00,MULTI,9101,78,WARM_JOINT,BUDGET_EXHAUSTED,-0.1584357636488099,-0.15843576364880863,0.1692979863379815,0.5027979221408367,0.33671178595396045,104,103,310,312,24180,98.46237540245056,88,103,156,0.558856790993109,0,4159,4083,12325,620282,2466.24414730072,644462,12635,2564.706522703171,4263,fits/tv2_m16_cycle_00__MULTI__s9101/p077/WARM_JOINT/WINNER.json,3cd061fc6a9f0e9d0b98dc4f69ac7aa1cc80913da4cca9ea771b751bfeb2760a,10263b6fb80fa7aafba957844cc290dfbfa9bbcc6f935fd27072ac054c0ddeff,False,,,892788,541,1130782,121680,85499083bf00c46ac1da87c8a7b23953f250392bf589c11120b8b1c869e09404,True,False
tv2_m16_cycle_00__MULTI__s9101,tv2_m16_cycle_00,MULTI,9101,79,FROZEN_LAYERWISE,CONVERGED,0.3977925441379041,0.39779254413790466,2.6961194939796664e-05,0.00010382034147081075,0.25969087134409824,5,4,13,316,1027,4.118619680404663,3,1,2,0.0,0,733,656,2045,64022,253.39695262908936,65049,2058,257.515572309494,738,fits/tv2_m16_cycle_00__MULTI__s9101/p078/FROZEN_LAYERWISE/WINNER.json,823caffccc26b5b48b987a22387e45af7f6a0e8b5699acee497473915dc86b83,e4700e699234f4522a1ba1253f8b4c7a3fec9a4469ccd725ef904aff71ec5069,False,,,904234,541,1145279,123240,634c6a8aed25bacd93de35f38eaf98f37f8d59e58fb3bf6a00841e9c847129af,True,True
tv2_m16_cycle_00__MULTI__s9101,tv2_m16_cycle_00,MULTI,9101,79,WARM_JOINT,BUDGET_EXHAUSTED,-0.16543577587628155,-0.16543577587627895,0.17226161540714868,0.5059746459833904,0.340455034208974,106,105,316,316,24964,101.80641865730286,90,106,158,1.4280582598909108,0,4263,4186,12635,644462,2564.706522703171,669426,12951,2666.5129413604736,4369,fits/tv2_m16_cycle_00__MULTI__s9101/p078/WARM_JOINT/WINNER.json,10263b6fb80fa7aafba957844cc290dfbfa9bbcc6f935fd27072ac054c0ddeff,c95f9307a778d5355a7dc76aa90c8ed7eb49f4d0cb5a2edbc36dfea9764fbe6e,False,,,904234,541,1145279,123240,fee5800af450788297a079fb651b29d5505559dc5599ef663e43c6a3e58138ef,True,False
tv2_m16_cycle_00__MULTI__s9101,tv2_m16_cycle_00,MULTI,9101,80,FROZEN_LAYERWISE,CONVERGED,0.3977925440920333,0.3977925440920329,2.696086402872186e-05,0.00010381973619765918,0.259689197990177,4,3,10,320,800,3.3239870071411133,2,4,2,0.0,0,738,660,2058,65049,257.515572309494,65849,2068,260.83955931663513,742,fits/tv2_m16_cycle_00__MULTI__s9101/p079/FROZEN_LAYERWISE/WINNER.json,e4700e699234f4522a1ba1253f8b4c7a3fec9a4469ccd725ef904aff71ec5069,51bcc7e4e70a4fc6ce352c807cad1d770041a13994b3a1a2aba149f3a2ce021f,False,,,915680,541,1159776,124800,e88d10cee323e6e209e4d6cea44655f2afd26254d070fd150ed6ac6cb0ac3d25,True,True
tv2_m16_cycle_00__MULTI__s9101,tv2_m16_cycle_00,MULTI,9101,80,WARM_JOINT,BUDGET_EXHAUSTED,-0.1766267973719644,-0.1766267973719659,0.17809666948142905,0.5093856070472379,0.3496303527573233,107,106,319,320,25520,105.54967665672302,94,107,160,1.4877005593677008,0,4369,4291,12951,669426,2666.5129413604736,694946,13270,2772.0626180171967,4476,fits/tv2_m16_cycle_00__MULTI__s9101/p079/WARM_JOINT/WINNER.json,c95f9307a778d5355a7dc76aa90c8ed7eb49f4d0cb5a2edbc36dfea9764fbe6e,44eec74d5a2f9e39e1766617bbce7a478f3a933248b284d582af7b7de030924e,False,,,915680,541,1159776,124800,73eaf5211eacef0409542feccbac4ef23f196c550c6b60af2e25c7cd7dbe8614,True,False
tv2_m16_cycle_00__MULTI__s9101,tv2_m16_cycle_00,MULTI,9101,81,FROZEN_LAYERWISE,CONVERGED,0.39779254374746204,0.39779254374746265,2.6959735612436247e-05,0.00010381769852336437,0.2596834258117262,4,3,10,324,810,3.31050705909729,2,4,2,0.0,0,742,663,2068,65849,260.83955931663513,66659,2078,264.1500663757324,746,fits/tv2_m16_cycle_00__MULTI__s9101/p080/FROZEN_LAYERWISE/WINNER.json,51bcc7e4e70a4fc6ce352c807cad1d770041a13994b3a1a2aba149f3a2ce021f,466cc512219d73dbed368e25abc2ed89cf7e3e1f65e2052270dd0a19238d1594,False,,,927126,541,1174273,126360,ba552df42c30a4ff944be07afa5d07f4d4913925c5458fd7b0b7f4308f6a7b89,True,True
tv2_m16_cycle_00__MULTI__s9101,tv2_m16_cycle_00,MULTI,9101,81,WARM_JOINT,BUDGET_EXHAUSTED,-0.17908985109286923,-0.1790898510928697,0.17839844030262406,0.5122236232169792,0.34828233649632756,108,107,322,324,26082,106.83650922775269,94,108,162,0.8515255916334246,0,4476,4397,13270,694946,2772.0626180171967,721028,13592,2878.8991272449493,4584,fits/tv2_m16_cycle_00__MULTI__s9101/p080/WARM_JOINT/WINNER.json,44eec74d5a2f9e39e1766617bbce7a478f3a933248b284d582af7b7de030924e,9cfcf89f021ede65074b5079ee958b563499b493cb8c72e544b85ee8f7da9e9f,False,,,927126,541,1174273,126360,4d3756662a03445b3e04b3585044fc6deb46b15b36391c6a90064b359c12b69d,True,False
tv2_m16_cycle_00__MULTI__s9101,tv2_m16_cycle_00,MULTI,9101,82,FROZEN_LAYERWISE,CONVERGED,0.39779254373397765,0.3977925437339778,2.695994197068055e-05,0.00010381807187549781,0.2596844796252028,4,3,10,328,820,3.283857583999634,2,4,2,0.0,0,746,666,2078,66659,264.1500663757324,67479,2088,267.43392395973206,750,fits/tv2_m16_cycle_00__MULTI__s9101/p081/FROZEN_LAYERWISE/WINNER.json,466cc512219d73dbed368e25abc2ed89cf7e3e1f65e2052270dd0a19238d1594,0f317ccd826a06947bf9dd0d4a441fb11ad842cc3365ae9a5dce1e59e0f197aa,False,,,938572,541,1188770,127920,1a8fcf747cb7809ded6ebebf4d03ea746f8ebd1dfe5ed4bf2b5087597fab1bde,True,True
tv2_m16_cycle_00__MULTI__s9101,tv2_m16_cycle_00,MULTI,9101,82,WARM_JOINT,BUDGET_EXHAUSTED,-0.17954777472824485,-0.1795477747282438,0.17856721863956188,0.5131234628314113,0.34800049417781315,110,109,328,328,26896,111.06268286705017,98,110,164,0.7027877201951622,0,4584,4504,13592,721028,2878.8991272449493,747924,13920,2989.9618101119995,4694,fits/tv2_m16_cycle_00__MULTI__s9101/p081/WARM_JOINT/WINNER.json,9cfcf89f021ede65074b5079ee958b563499b493cb8c72e544b85ee8f7da9e9f,bed3042ec564af4fca2258aafa62f21becd542596358e74805327f35cb8dd9e1,False,,,938572,541,1188770,127920,08f3bf2b0b933257207df07ebf60ff7e9049528265c1d045c22af7212cf9e46a,True,False
tv2_m16_cycle_00__MULTI__s9101,tv2_m16_cycle_00,MULTI,9101,83,FROZEN_LAYERWISE,CONVERGED,0.3977925425541678,0.39779254255416746,2.6961185133403916e-05,0.00010382039453828947,0.2596906441485396,5,4,13,332,1079,4.280081272125244,3,5,2,0.0,0,750,669,2088,67479,267.43392395973206,68558,2101,271.7140052318573,755,fits/tv2_m16_cycle_00__MULTI__s9101/p082/FROZEN_LAYERWISE/WINNER.json,0f317ccd826a06947bf9dd0d4a441fb11ad842cc3365ae9a5dce1e59e0f197aa,3d6f2dbf8bcc42daca4f41cf189fc1a5c7e40c83e3c6b62c96c0e75bc584f348,False,,,950018,541,1203267,129480,66645fc153f594f6e755227ba6e1ca5d030008bac001ae9db15a07f13670c22d,True,True
tv2_m16_cycle_00__MULTI__s9101,tv2_m16_cycle_00,MULTI,9101,83,WARM_JOINT,BUDGET_EXHAUSTED,-0.18685444985256391,-0.18685444985256414,0.17726601497090086,0.5175316835584703,0.34252205343650904,111,110,331,332,27473,110.5804193019867,98,111,166,1.4371545629840274,0,4694,4613,13920,747924,2989.9618101119995,775397,14251,3100.542229413986,4805,fits/tv2_m16_cycle_00__MULTI__s9101/p082/WARM_JOINT/WINNER.json,bed3042ec564af4fca2258aafa62f21becd542596358e74805327f35cb8dd9e1,ccd0cfb6f437b67da8d1c15b1704ca360ba1ce95cc230f542faf27ace1fe95fa,False,,,950018,541,1203267,129480,7b3a6b0566d014ccc5bce2d09e3f467a3006f1c43a499b1e9cb2b483249cb081,True,False
tv2_m16_cycle_00__MULTI__s9101,tv2_m16_cycle_00,MULTI,9101,84,FROZEN_LAYERWISE,CONVERGED,0.39779254222146077,0.3977925422214601,2.6960307670611477e-05,0.00010381878847659398,0.25968620965645056,4,3,10,336,840,3.3432393074035645,2,4,2,0.0,0,755,673,2101,68558,271.7140052318573,69398,2111,275.05724453926086,759,fits/tv2_m16_cycle_00__MULTI__s9101/p083/FROZEN_LAYERWISE/WINNER.json,3d6f2dbf8bcc42daca4f41cf189fc1a5c7e40c83e3c6b62c96c0e75bc584f348,a1146339186d152341c618f1fe420021d76889894efa5ef728ff168b0047462b,False,,,961464,541,1217764,131040,6acacc42435a6c3eb94c5483646ce221d68616fe883383b2a3b91aab4f615cb4,True,True
tv2_m16_cycle_00__MULTI__s9101,tv2_m16_cycle_00,MULTI,9101,84,WARM_JOINT,BUDGET_EXHAUSTED,-0.19102022031868587,-0.19102022031868596,0.17745389572353645,0.5197315400508374,0.3414337634890868,112,111,334,336,28056,113.44605827331543,99,112,168,1.8875904906085634,0,4805,4723,14251,775397,3100.542229413986,803453,14585,3213.9882876873016,4917,fits/tv2_m16_cycle_00__MULTI__s9101/p083/WARM_JOINT/WINNER.json,ccd0cfb6f437b67da8d1c15b1704ca360ba1ce95cc230f542faf27ace1fe95fa,745155e01e408f443629f04855b226d0540ff9f700fa8cbb2474a0ae19eccf58,False,,,961464,541,1217764,131040,8a31d551b3895c7a3abdcae26f1ec5514b9b03cda3e9581a16474ee04dd81407,True,False
tv2_m16_cycle_00__MULTI__s9101,tv2_m16_cycle_00,MULTI,9101,85,FROZEN_LAYERWISE,CONVERGED,0.39779254160544175,0.39779254160544225,2.6958735929532424e-05,0.00010381595855567422,0.2596781487604822,4,3,10,340,850,3.452970266342163,2,4,2,0.0,0,759,676,2111,69398,275.05724453926086,70248,2121,278.510214805603,763,fits/tv2_m16_cycle_00__MULTI__s9101/p084/FROZEN_LAYERWISE/WINNER.json,a1146339186d152341c618f1fe420021d76889894efa5ef728ff168b0047462b,1fb0e2bffa1b742bcf03a4e41564e10aa86b32d3c28dba5b44c5540f717468a6,False,,,972910,541,1232261,132600,d49757e3c9be220af1a4cb474b62781ea3f8c8f0351ce2470b6f4d51c09fdcfd,True,True
tv2_m16_cycle_00__MULTI__s9101,tv2_m16_cycle_00,MULTI,9101,85,WARM_JOINT,BUDGET_EXHAUSTED,-0.20884242587965335,-0.20884242587965413,0.17900080033557234,0.53533061456721,0.334374301533803,114,113,340,340,28900,117.50448679924011,101,114,170,2.494161403970157,0,4917,4834,14585,803453,3213.9882876873016,832353,14925,3331.4927744865417,5031,fits/tv2_m16_cycle_00__MULTI__s9101/p084/WARM_JOINT/WINNER.json,745155e01e408f443629f04855b226d0540ff9f700fa8cbb2474a0ae19eccf58,82eb17c2412ec982cf7c1f81f5da336d3306b62c270e58382c2d6f3e2f30d1e3,False,,,972910,541,1232261,132600,e57d33ec95d8199ad15200b90ce89cb3796c86c7f01b7195a389f8e931b61e90,True,False
tv2_m16_cycle_00__MULTI__s9101,tv2_m16_cycle_00,MULTI,9101,86,FROZEN_LAYERWISE,CONVERGED,0.39779254146659365,0.3977925414665938,2.6957863099496353e-05,0.00010381439580274315,0.2596736501816064,4,3,10,344,860,3.474623203277588,2,4,2,0.0,0,763,679,2121,70248,278.510214805603,71108,2131,281.9848380088806,767,fits/tv2_m16_cycle_00__MULTI__s9101/p085/FROZEN_LAYERWISE/WINNER.json,1fb0e2bffa1b742bcf03a4e41564e10aa86b32d3c28dba5b44c5540f717468a6,9ca9305ef92429a7ab6e5bc1099f746fd0ef7560e4db265069cb3f6a56adca47,False,,,984356,541,1246758,134160,7a7e613e52ac4896f0a390fa3d27aaaf0baae1161b26e2d50f3423b331a170f5,True,True
tv2_m16_cycle_00__MULTI__s9101,tv2_m16_cycle_00,MULTI,9101,86,WARM_JOINT,BUDGET_EXHAUSTED,-0.26943132442696593,-0.2694313244269683,0.19131891755532388,0.5922933942798042,0.3230137621034201,115,114,343,344,29498,117.33754444122314,102,115,172,2.4867710373100422,0,5031,4947,14925,832353,3331.4927744865417,861851,15268,3448.830318927765,5146,fits/tv2_m16_cycle_00__MULTI__s9101/p085/WARM_JOINT/WINNER.json,82eb17c2412ec982cf7c1f81f5da336d3306b62c270e58382c2d6f3e2f30d1e3,32c101fa5ae5b737556d8a952fff6a1b29e10cea2b46d4b8b2622448cd7994ee,False,,,984356,541,1246758,134160,15468de27f92d2ac384463f2202063d72cd16446af737ef7cc26d18460738dcb,True,False
tv2_m16_cycle_00__MULTI__s9101,tv2_m16_cycle_00,MULTI,9101,87,FROZEN_LAYERWISE,CONVERGED,0.3977925410029565,0.39779254100295647,2.6959102552926187e-05,0.00010381663818556029,0.2596799802430502,4,3,10,348,870,3.4374425411224365,2,4,2,0.0,0,767,682,2131,71108,281.9848380088806,71978,2141,285.42228055000305,771,fits/tv2_m16_cycle_00__MULTI__s9101/p086/FROZEN_LAYERWISE/WINNER.json,9ca9305ef92429a7ab6e5bc1099f746fd0ef7560e4db265069cb3f6a56adca47,3b961912fd416a66861a5120e59f9ba3d75cf5bcfbab8cccddc914ee1ad8f691,False,,,995802,541,1261255,135720,80ee6c6d872e12b3c3d6a7da7fed645b701e135f9b9065c692a1759e061a4b50,True,True
tv2_m16_cycle_00__MULTI__s9101,tv2_m16_cycle_00,MULTI,9101,87,WARM_JOINT,BUDGET_EXHAUSTED,-0.2909462197661179,-0.290946219766117,0.18534128726693164,0.6133826328110533,0.3021625937101226,116,115,346,348,30102,120.34713292121887,106,115,174,2.2215559527459274,0,5146,5061,15268,861851,3448.830318927765,891953,15614,3569.1774518489838,5262,fits/tv2_m16_cycle_00__MULTI__s9101/p086/WARM_JOINT/WINNER.json,32c101fa5ae5b737556d8a952fff6a1b29e10cea2b46d4b8b2622448cd7994ee,d28db3518d09791398df148ede58a1d85ae443490ffccc4accfe944be866e2d3,False,,,995802,541,1261255,135720,4d22a7ee638b95516714442ea561431087ff1e751cfdf2b45ecb6d43e167cdf9,True,False
tv2_m16_cycle_00__MULTI__s9101,tv2_m16_cycle_00,MULTI,9101,88,FROZEN_LAYERWISE,CONVERGED,0.39779254089574256,0.39779254089574273,2.6958431413165623e-05,0.00010381543082101604,0.2596765355589918,4,3,10,352,880,3.518951177597046,2,4,2,0.0,0,771,685,2141,71978,285.42228055000305,72858,2151,288.9412317276001,775,fits/tv2_m16_cycle_00__MULTI__s9101/p087/FROZEN_LAYERWISE/WINNER.json,3b961912fd416a66861a5120e59f9ba3d75cf5bcfbab8cccddc914ee1ad8f691,0b2ba0f131c1fb853364aac1b9b2285344ba8973a6f14d33b53ce43068bca1bf,False,,,1007248,541,1275752,137280,e9246e8f30b6aec9851c72b1bde06505345c0182b347dbc4a03564a0d0add587,True,True
tv2_m16_cycle_00__MULTI__s9101,tv2_m16_cycle_00,MULTI,9101,88,WARM_JOINT,BUDGET_EXHAUSTED,-0.2953733910602594,-0.295373391060259,0.18767143957430205,0.615764991852271,0.30477770262608006,118,117,352,352,30976,126.81912422180176,105,118,176,1.3702318190359835,0,5262,5176,15614,891953,3569.1774518489838,922929,15966,3695.9965760707855,5380,fits/tv2_m16_cycle_00__MULTI__s9101/p087/WARM_JOINT/WINNER.json,d28db3518d09791398df148ede58a1d85ae443490ffccc4accfe944be866e2d3,412792415e93ac66aa08c5c299641becb5e635c45585d412cc43020356e6495d,False,,,1007248,541,1275752,137280,fa5f9c44264c997b8f7a7cd8da13cd6a52ae2f9c9baab811fdafa43d54bb0048,True,False
tv2_m16_cycle_00__MULTI__s9101,tv2_m16_cycle_00,MULTI,9101,89,FROZEN_LAYERWISE,CONVERGED,0.39779254037761247,0.397792540377612,2.6956694713464446e-05,0.00010381233634016468,0.25966754688127547,4,3,10,356,890,3.505972385406494,2,4,2,0.0,0,775,688,2151,72858,288.9412317276001,73748,2161,292.4472041130066,779,fits/tv2_m16_cycle_00__MULTI__s9101/p088/FROZEN_LAYERWISE/WINNER.json,0b2ba0f131c1fb853364aac1b9b2285344ba8973a6f14d33b53ce43068bca1bf,f5e6c6746fd6aeef22b21ae8f65c647bf8e48135e0137c4cf4e3435e72efbbfb,False,,,1018694,541,1290249,138840,bc6f435fd0169a944a20c59ccf9805176e9e26b37b64cc1df6193324a77589b6,True,True
tv2_m16_cycle_00__MULTI__s9101,tv2_m16_cycle_00,MULTI,9101,89,WARM_JOINT,BUDGET_EXHAUSTED,-0.35785211696410774,-0.35785211696410557,0.20095397780543528,0.6744227239141471,0.29796442302412157,119,118,355,356,31595,126.71781253814697,108,119,178,1.6292582194577667,0,5380,5293,15966,922929,3695.9965760707855,954524,16321,3822.7143886089325,5499,fits/tv2_m16_cycle_00__MULTI__s9101/p088/WARM_JOINT/WINNER.json,412792415e93ac66aa08c5c299641becb5e635c45585d412cc43020356e6495d,cfb5a4e0607baa0724e3b06064b6492a94fb69059fe845c1730766aae8324ad8,False,,,1018694,541,1290249,138840,f6a00ef38c701764588b29be9e44b378933dd5da9e367ea4e45511d602b116e4,True,False
tv2_m16_cycle_00__MULTI__s9101,tv2_m16_cycle_00,MULTI,9101,90,FROZEN_LAYERWISE,CONVERGED,0.3977925403776125,0.397792540377612,2.6956694713464446e-05,0.00010381233634016469,0.2596675468812754,4,3,10,360,900,3.6566076278686523,2,1,2,0.0,0,779,691,2161,73748,292.4472041130066,74648,2171,296.10381174087524,783,fits/tv2_m16_cycle_00__MULTI__s9101/p089/FROZEN_LAYERWISE/WINNER.json,f5e6c6746fd6aeef22b21ae8f65c647bf8e48135e0137c4cf4e3435e72efbbfb,b62930f88fe24bb59c9311fe1296e1602e4d14a6cf51bebad22f09c2145a7a79,False,,,1030140,541,1304746,140400,0cac1b51557fcad834f98941e1b7b001b5fc2c188201238e9fd002f6b2b7502d,True,True
tv2_m16_cycle_00__MULTI__s9101,tv2_m16_cycle_00,MULTI,9101,90,WARM_JOINT,BUDGET_EXHAUSTED,-0.3981095089586525,-0.398109508958652,0.21118787944093545,0.7108014465790286,0.2971123377102681,120,119,358,360,32220,133.70802903175354,108,120,180,1.530106545438871,0,5499,5411,16321,954524,3822.7143886089325,986744,16679,3956.422417640686,5619,fits/tv2_m16_cycle_00__MULTI__s9101/p089/WARM_JOINT/WINNER.json,cfb5a4e0607baa0724e3b06064b6492a94fb69059fe845c1730766aae8324ad8,aa1da0f39e6f31fbe1a70551be7ebf28cc5703a4f6f853a2b92f9bb0b00588e8,False,,,1030140,541,1304746,140400,99feb7c8f9f802c83059e9d59258a353d894f694e321d3c53fc8a7ef09f81491,True,False
tv2_m16_cycle_00__MULTI__s9101,tv2_m16_cycle_00,MULTI,9101,91,FROZEN_LAYERWISE,CONVERGED,0.3977925403776125,0.397792540377612,2.6956694713464446e-05,0.0001038123363401647,0.25966754688127536,4,3,10,364,910,3.6295933723449707,2,1,2,0.0,0,783,694,2171,74648,296.10381174087524,75558,2181,299.7334051132202,787,fits/tv2_m16_cycle_00__MULTI__s9101/p090/FROZEN_LAYERWISE/WINNER.json,b62930f88fe24bb59c9311fe1296e1602e4d14a6cf51bebad22f09c2145a7a79,1b4140afd4101be2ca8a03ab88f24c70c785dd79dc1607e2ba635a57a902939c,False,,,1041586,541,1319243,141960,3846b64eeecda358ef0b8a43bf80a90310d3b4d390c567fccf56bbf67a21fca4,True,True
tv2_m16_cycle_00__MULTI__s9101,tv2_m16_cycle_00,MULTI,9101,91,WARM_JOINT,BUDGET_EXHAUSTED,-0.4109853391206782,-0.4109853391206776,0.21178792407049715,0.7226453963363159,0.2930730966311062,122,121,364,364,33124,132.24884390830994,109,122,182,1.3652997445179846,0,5619,5530,16679,986744,3956.422417640686,1019868,17043,4088.671261548996,5741,fits/tv2_m16_cycle_00__MULTI__s9101/p090/WARM_JOINT/WINNER.json,aa1da0f39e6f31fbe1a70551be7ebf28cc5703a4f6f853a2b92f9bb0b00588e8,286ebbc43ab2915156cc57e830a865b06d15944e97ebda70a04b35695e8fc742,False,,,1041586,541,1319243,141960,591f739474f0ad79ff2d3369d7ff592d310b3daa9ea604e4f108ccf8ce89a095,True,False
tv2_m16_cycle_00__MULTI__s9101,tv2_m16_cycle_00,MULTI,9101,92,FROZEN_LAYERWISE,CONVERGED,0.3977925395354951,0.397792539535495,2.695401456346835e-05,0.00010380760213789388,0.2596535707246538,4,3,10,368,920,3.6724445819854736,2,4,2,0.0,0,787,697,2181,75558,299.7334051132202,76478,2191,303.4058496952057,791,fits/tv2_m16_cycle_00__MULTI__s9101/p091/FROZEN_LAYERWISE/WINNER.json,1b4140afd4101be2ca8a03ab88f24c70c785dd79dc1607e2ba635a57a902939c,547a70f1d0e82cd4a89310a1e24436d0e1b811c8503ba8ff4aac69f2abd925ee,False,,,1053032,541,1333740,143520,f2f063627484a7989e1af90c2fe349aa98577d6efa5466b3f39c97b7ee16b805,True,True
tv2_m16_cycle_00__MULTI__s9101,tv2_m16_cycle_00,MULTI,9101,92,WARM_JOINT,BUDGET_EXHAUSTED,-0.4261191686150907,-0.4261191686150902,0.22106220799940204,0.732594169812177,0.30175261708140283,123,122,367,368,33764,138.65813446044922,110,123,184,1.7441176664271678,0,5741,5651,17043,1019868,4088.671261548996,1053632,17410,4227.329396009445,5864,fits/tv2_m16_cycle_00__MULTI__s9101/p091/WARM_JOINT/WINNER.json,286ebbc43ab2915156cc57e830a865b06d15944e97ebda70a04b35695e8fc742,4e0365c1793fa6a4df0a7b1b5a94468bff60e860d8cf1a7f2573b3fcde3d5155,False,,,1053032,541,1333740,143520,4978d343c92e3bc06cf258da6672716cfa7df52eb8bb39b8895481897550e316,True,False
tv2_m16_cycle_00__MULTI__s9101,tv2_m16_cycle_00,MULTI,9101,93,FROZEN_LAYERWISE,CONVERGED,0.39779253951961524,0.3977925395196148,2.6954365909972308e-05,0.00010380822323074873,0.2596554017696378,4,3,10,372,930,3.718992233276367,2,4,2,0.0,0,791,700,2191,76478,303.4058496952057,77408,2201,307.12484192848206,795,fits/tv2_m16_cycle_00__MULTI__s9101/p092/FROZEN_LAYERWISE/WINNER.json,547a70f1d0e82cd4a89310a1e24436d0e1b811c8503ba8ff4aac69f2abd925ee,c5560fe7b41791de7d9331e60319cefa59e0d69e013620a60dfa9631d6d5a8d0,False,,,1064478,541,1348237,145080,e5a840deb4c95c992f2d9408142d926b2fb94260db05cf5f8479a6c20958e196,True,True
tv2_m16_cycle_00__MULTI__s9101,tv2_m16_cycle_00,MULTI,9101,93,WARM_JOINT,BUDGET_EXHAUSTED,-0.43667170911605613,-0.4366717091160573,0.2206427709621418,0.7400001672539824,0.2981658393144834,124,123,370,372,34410,139.7853808403015,110,124,186,1.5004190059068754,0,5864,5773,17410,1053632,4227.329396009445,1088042,17780,4367.114776849747,5988,fits/tv2_m16_cycle_00__MULTI__s9101/p092/WARM_JOINT/WINNER.json,4e0365c1793fa6a4df0a7b1b5a94468bff60e860d8cf1a7f2573b3fcde3d5155,ec022259f1fdd1ea715429b7179bd318bf1a9d65377068b6e978a2db99890062,False,,,1064478,541,1348237,145080,3841816422f785fe8dccc4546217b655337906c9d0fbacd0b136b0bed31cc7cd,True,False
tv2_m16_cycle_00__MULTI__s9101,tv2_m16_cycle_00,MULTI,9101,94,FROZEN_LAYERWISE,CONVERGED,0.3977925386498543,0.3977925386498548,2.6956553836506435e-05,0.00010381212643343322,0.25966671488799153,4,3,10,376,940,3.8962674140930176,2,4,2,0.0,0,795,703,2201,77408,307.12484192848206,78348,2211,311.0211093425751,799,fits/tv2_m16_cycle_00__MULTI__s9101/p093/FROZEN_LAYERWISE/WINNER.json,c5560fe7b41791de7d9331e60319cefa59e0d69e013620a60dfa9631d6d5a8d0,82d115d47d527e723b947000c88f179a95684284088aae3d4ae68ddc8570fe4a,False,,,1075924,541,1362734,146640,b098e12364e5c1da266bad7322b84cf33ee81901a73db5ae1e1365b1449c9b47,True,True
tv2_m16_cycle_00__MULTI__s9101,tv2_m16_cycle_00,MULTI,9101,94,WARM_JOINT,BUDGET_EXHAUSTED,-0.492038672770001,-0.4920386727700012,0.23333278775050725,0.7858473718329213,0.2969187098078328,126,125,376,376,35344,145.7016954421997,107,126,188,1.4090696935479778,0,5988,5896,17780,1088042,4367.114776849747,1123386,18156,4512.816472291946,6114,fits/tv2_m16_cycle_00__MULTI__s9101/p093/WARM_JOINT/WINNER.json,ec022259f1fdd1ea715429b7179bd318bf1a9d65377068b6e978a2db99890062,7963b35a47461900d72dc027a7e733f236d3e15fc0693622c4f6a071d0910f8e,False,,,1075924,541,1362734,146640,cc539010702c2a2b1ffa9dc2ceb1d733d86867bb41b6a835fa0f02214f9d5dee,True,False
tv2_m16_cycle_00__MULTI__s9101,tv2_m16_cycle_00,MULTI,9101,95,FROZEN_LAYERWISE,CONVERGED,0.39779253863028946,0.3977925386302894,2.6956808310676812e-05,0.00010381258122552348,0.2596680285996894,5,4,13,380,1235,4.929480075836182,3,4,2,0.0,0,799,706,2211,78348,311.0211093425751,79583,2224,315.95058941841125,804,fits/tv2_m16_cycle_00__MULTI__s9101/p094/FROZEN_LAYERWISE/WINNER.json,82d115d47d527e723b947000c88f179a95684284088aae3d4ae68ddc8570fe4a,d39d9414812a73cc6090886d501da66103177a89ecb38065595f9a66c59cb719,False,,,1087370,541,1377231,148200,b04653f70cc3fcef78003dbf763afda1d69c0cbafea1e9d55e6532aa50c9eee6,True,True
tv2_m16_cycle_00__MULTI__s9101,tv2_m16_cycle_00,MULTI,9101,95,WARM_JOINT,BUDGET_EXHAUSTED,-0.5224824547727649,-0.5224824547727668,0.24780426487485363,0.8081198310017863,0.3066429697284658,127,126,379,380,36005,144.52118372917175,112,127,190,1.6562491026974369,0,6114,6021,18156,1123386,4512.816472291946,1159391,18535,4657.337656021118,6241,fits/tv2_m16_cycle_00__MULTI__s9101/p094/WARM_JOINT/WINNER.json,7963b35a47461900d72dc027a7e733f236d3e15fc0693622c4f6a071d0910f8e,4a6b9b7bd66385471c89f51b2bc3f7bfbc8a6ee0d775b9cf8459afbc44b3a0b3,False,,,1087370,541,1377231,148200,4a625608b13c65b69d1496734176160f72f7e9c0c9b97be6713874721a8db489,True,False
tv2_m16_cycle_00__MULTI__s9101,tv2_m16_cycle_00,MULTI,9101,96,FROZEN_LAYERWISE,CONVERGED,0.39779253826602656,0.39779253826602634,2.695524176668851e-05,0.00010380980084213895,0.25965989288120006,5,4,13,384,1248,4.9211814403533936,3,5,2,0.0,0,804,710,2224,79583,315.95058941841125,80831,2237,320.87177085876465,809,fits/tv2_m16_cycle_00__MULTI__s9101/p095/FROZEN_LAYERWISE/WINNER.json,d39d9414812a73cc6090886d501da66103177a89ecb38065595f9a66c59cb719,2e234fef19f2e13cccaed0abe955ded62090af64b61e5c031259ef482fdd1dd8,False,,,1098816,541,1391728,149760,2c675a10aaec1a75b6dc3bf518936641ecec35a3eceac1934593e4ac26ebb55d,True,True
tv2_m16_cycle_00__MULTI__s9101,tv2_m16_cycle_00,MULTI,9101,96,WARM_JOINT,BUDGET_EXHAUSTED,-0.5389912208066081,-0.5389912208066076,0.26020986957452336,0.8201781918113722,0.3172601663546395,128,127,382,384,36672,148.57994103431702,113,128,192,1.7445077348056837,0,6241,6147,18535,1159391,4657.337656021118,1196063,18917,4805.917597055435,6369,fits/tv2_m16_cycle_00__MULTI__s9101/p095/WARM_JOINT/WINNER.json,4a6b9b7bd66385471c89f51b2bc3f7bfbc8a6ee0d775b9cf8459afbc44b3a0b3,08d0c21d5860f23adc05b1ac7188e709d4620ab155302b02c8f2505b8201a2e3,False,,,1098816,541,1391728,149760,dc33bd342a7277c36c7d2eb6d68586da6d2cc8ae39ef79c2b4637d54f5a70d60,True,False
tv2_m16_cycle_00__MULTI__s9101,tv2_m16_cycle_00,MULTI,9101,97,FROZEN_LAYERWISE,CONVERGED,0.3977925382660266,0.3977925382660263,2.695524176668851e-05,0.00010380980084213894,0.25965989288120006,4,3,10,388,970,3.8744986057281494,2,1,2,0.0,0,809,714,2237,80831,320.87177085876465,81801,2247,324.7462694644928,813,fits/tv2_m16_cycle_00__MULTI__s9101/p096/FROZEN_LAYERWISE/WINNER.json,2e234fef19f2e13cccaed0abe955ded62090af64b61e5c031259ef482fdd1dd8,a90153f910fe661e0e897edc4e03f15128354f543af6da18fbae4876ad85d2f9,False,,,1110262,541,1406225,151320,5b38f923a7da45fff645513775e8dea6380575d66e695054e17b1b00c48d0e32,True,True
tv2_m16_cycle_00__MULTI__s9101,tv2_m16_cycle_00,MULTI,9101,97,WARM_JOINT,BUDGET_EXHAUSTED,-0.5570476763668558,-0.5570476763668557,0.2717484682381372,0.8333288975322449,0.32609989770290204,130,129,388,388,37636,153.50045013427734,114,130,194,1.2008635774319791,0,6369,6274,18917,1196063,4805.917597055435,1233699,19305,4959.4180471897125,6499,fits/tv2_m16_cycle_00__MULTI__s9101/p096/WARM_JOINT/WINNER.json,08d0c21d5860f23adc05b1ac7188e709d4620ab155302b02c8f2505b8201a2e3,360b5d79e15f9e69c2336aadda2434ec1e562007b261f3b0eb2953cecdffa4d5,False,,,1110262,541,1406225,151320,ed38971a550e819209a94f363b16dd7d5504bd38531368fed935cfd37c505d1b,True,False
tv2_m16_cycle_00__MULTI__s9101,tv2_m16_cycle_00,MULTI,9101,98,FROZEN_LAYERWISE,CONVERGED,0.39779253810277543,0.39779253810277526,2.6956194481626578e-05,0.00010381149880915534,0.25966482317322304,4,3,10,392,980,4.0648534297943115,2,4,2,0.0,0,813,717,2247,81801,324.7462694644928,82781,2257,328.8111228942871,817,fits/tv2_m16_cycle_00__MULTI__s9101/p097/FROZEN_LAYERWISE/WINNER.json,a90153f910fe661e0e897edc4e03f15128354f543af6da18fbae4876ad85d2f9,66fb1b7568d4faa44bf3820e9f7be25967d069b8da243aac9bac57b73e8b5e43,False,,,1121708,541,1420722,152880,ff824b2034b976e732f50941d0719ca6bb310bcf31a92d218d6bc1f9244ed9dd,True,True
tv2_m16_cycle_00__MULTI__s9101,tv2_m16_cycle_00,MULTI,9101,98,WARM_JOINT,BUDGET_EXHAUSTED,-0.5668272325850812,-0.5668272325850782,0.2906303938271899,0.8386040899641655,0.3465644841293451,131,130,391,392,38318,154.00854969024658,116,131,196,1.3822472516333488,0,6499,6403,19305,1233699,4959.4180471897125,1272017,19696,5113.426596879959,6630,fits/tv2_m16_cycle_00__MULTI__s9101/p097/WARM_JOINT/WINNER.json,360b5d79e15f9e69c2336aadda2434ec1e562007b261f3b0eb2953cecdffa4d5,c826796be0dc53d08213650ca78eef43ddc6420c6409eef6a7de0e472a0623f7,False,,,1121708,541,1420722,152880,e1ccba6037451942f6c3257058eb560fba037398bfc1998563cbc4b41d3a2d77,True,False
tv2_m16_cycle_00__MULTI__s9101,tv2_m16_cycle_00,MULTI,9101,99,FROZEN_LAYERWISE,CONVERGED,0.39779253810277543,0.39779253810277526,2.695619448162655e-05,0.0001038114988091553,0.25966482317322287,4,3,10,396,990,3.794800281524658,2,1,2,0.0,0,817,720,2257,82781,328.8111228942871,83771,2267,332.60592317581177,821,fits/tv2_m16_cycle_00__MULTI__s9101/p098/FROZEN_LAYERWISE/WINNER.json,66fb1b7568d4faa44bf3820e9f7be25967d069b8da243aac9bac57b73e8b5e43,684a9e8757a1c477c32c4c753c080c20a86bf9d62005fd083f561c13bdf8715e,False,,,1133154,541,1435219,154440,34d7128d2f8ce67f178765c66a840a6ceda3072051c0f76a90133aefe091bd86,True,True
tv2_m16_cycle_00__MULTI__s9101,tv2_m16_cycle_00,MULTI,9101,99,WARM_JOINT,BUDGET_EXHAUSTED,-0.5823245251955894,-0.5823245251955864,0.296695410895186,0.8505438524143594,0.3488302338003907,132,131,394,396,39006,152.12631702423096,117,132,198,1.353934096770277,0,6630,6533,19696,1272017,5113.426596879959,1311023,20090,5265.55291390419,6762,fits/tv2_m16_cycle_00__MULTI__s9101/p098/WARM_JOINT/WINNER.json,c826796be0dc53d08213650ca78eef43ddc6420c6409eef6a7de0e472a0623f7,c07d0000a716dd99985d993fa0b83e8d1167492f4dec0c8493046fefc857e05a,False,,,1133154,541,1435219,154440,653264060e1e892eaed4ad18f986c3e249cc7f670761bee0af7ff121450f049a,True,False
tv2_m16_cycle_00__MULTI__s9101,tv2_m16_cycle_00,MULTI,9101,100,FROZEN_LAYERWISE,CONVERGED,0.3977925373817047,0.3977925373817044,2.6957834386930082e-05,0.00010381445585951236,0.2596732233843325,4,3,10,400,1000,4.097238302230835,2,4,2,0.0,0,821,723,2267,83771,332.60592317581177,84771,2277,336.7031614780426,825,fits/tv2_m16_cycle_00__MULTI__s9101/p099/FROZEN_LAYERWISE/WINNER.json,684a9e8757a1c477c32c4c753c080c20a86bf9d62005fd083f561c13bdf8715e,936452cb7f7cccc0de07c7db3c07017ba309094e24bf03c51cada0cdaac84ba9,False,,,1144600,541,1449716,156000,ac9f5c6ea042b23311a5220ee6dcc15d84f3124a0495d227968d263d3eb4e64e,True,True
tv2_m16_cycle_00__MULTI__s9101,tv2_m16_cycle_00,MULTI,9101,100,WARM_JOINT,BUDGET_EXHAUSTED,-0.5908987118856552,-0.5908987118856571,0.31073662240955785,0.8561094919187578,0.36296364582188956,134,133,400,400,40000,160.8910813331604,118,134,200,1.1595558870717535,0,6762,6664,20090,1311023,5265.55291390419,1351023,20490,5426.4439952373505,6896,fits/tv2_m16_cycle_00__MULTI__s9101/p099/WARM_JOINT/WINNER.json,c07d0000a716dd99985d993fa0b83e8d1167492f4dec0c8493046fefc857e05a,2f1cad70bbcfc899d6359ebb7e122a45c4bd96ccde5cc186e362317bc639fbd9,False,,,1144600,541,1449716,156000,0d9bf35ed9774e1b2f4e683b618e301a0df76abf17c52e8a3d2666f469e08e02,True,False
tv2_m16_cycle_00__MULTI__s9101,tv2_m16_cycle_00,MULTI,9101,101,FROZEN_LAYERWISE,CONVERGED,0.3977925373713197,0.3977925373713195,2.695801631741209e-05,0.00010381478451985031,0.25967415375463676,4,3,10,404,1010,3.9322922229766846,2,4,2,0.0,0,825,726,2277,84771,336.7031614780426,85781,2287,340.6354537010193,829,fits/tv2_m16_cycle_00__MULTI__s9101/p100/FROZEN_LAYERWISE/WINNER.json,936452cb7f7cccc0de07c7db3c07017ba309094e24bf03c51cada0cdaac84ba9,b9675b4e0f48a101c6760a981d08e01e612eb73d9a772d66aace110d7279bc18,False,,,1156046,541,1464213,157560,f6cd641804c7601d34318c4eb6cd0dc7a7d2f80698145ed90895a8c57c457ed2,True,True
tv2_m16_cycle_00__MULTI__s9101,tv2_m16_cycle_00,MULTI,9101,101,WARM_JOINT,BUDGET_EXHAUSTED,-0.6012991972587203,-0.6012991972587194,0.31341521584038395,0.8643078128289613,0.362619903682863,135,134,403,404,40703,161.8115131855011,120,135,202,1.47058670113044,0,6896,6797,20490,1351023,5426.4439952373505,1391726,20893,5588.255508422852,7031,fits/tv2_m16_cycle_00__MULTI__s9101/p100/WARM_JOINT/WINNER.json,2f1cad70bbcfc899d6359ebb7e122a45c4bd96ccde5cc186e362317bc639fbd9,4fd21a667db215909ca3b065016702e0223ca40fb1eb72c76b21fa8e6ecd1966,False,,,1156046,541,1464213,157560,a6fbe47b3ec5de889a699bb6ad1ff26a2bcbadea9c9772b599aae76e8da7c36b,True,False
tv2_m16_cycle_00__MULTI__s9101,tv2_m16_cycle_00,MULTI,9101,102,FROZEN_LAYERWISE,CONVERGED,0.39779253709816964,0.3977925370981694,2.6958831374106458e-05,0.00010381627349012555,0.2596782803677753,4,3,10,408,1020,4.108517169952393,2,4,2,0.0,0,829,729,2287,85781,340.6354537010193,86801,2297,344.7439708709717,833,fits/tv2_m16_cycle_00__MULTI__s9101/p101/FROZEN_LAYERWISE/WINNER.json,b9675b4e0f48a101c6760a981d08e01e612eb73d9a772d66aace110d7279bc18,20c80875e5953afaaab90a5e0abe4d7e1e7fbf7a036e1e019befc8f2705c33a2,False,,,1167492,541,1478710,159120,ca513b717382437324899a2c11e33b664c5e0157519616df1a3835e808eb4941,True,True
tv2_m16_cycle_00__MULTI__s9101,tv2_m16_cycle_00,MULTI,9101,102,WARM_JOINT,BUDGET_EXHAUSTED,-0.6128429413326555,-0.6128429413326553,0.3142784547700409,0.8735011438397814,0.35979169230222124,136,135,406,408,41412,168.54666686058044,118,136,204,1.8922344180258412,0,7031,6931,20893,1391726,5588.255508422852,1433138,21299,5756.802175283432,7167,fits/tv2_m16_cycle_00__MULTI__s9101/p101/WARM_JOINT/WINNER.json,4fd21a667db215909ca3b065016702e0223ca40fb1eb72c76b21fa8e6ecd1966,8ae4c482058f7ca04c43639ed738dbb94ccc265577bb3d95cec3ac1797f11138,False,,,1167492,541,1478710,159120,8bb0d7f48635c9be446b327d00314478443cb0891215f70a07222efbcfb106d1,True,False
tv2_m16_cycle_00__MULTI__s9101,tv2_m16_cycle_00,MULTI,9101,103,FROZEN_LAYERWISE,CONVERGED,0.3977925370405594,0.39779253704055967,2.6959165047557138e-05,0.00010381688723991593,0.2596799592464738,4,3,10,412,1030,4.134551286697388,2,4,2,0.0,0,833,732,2297,86801,344.7439708709717,87831,2307,348.87852215766907,837,fits/tv2_m16_cycle_00__MULTI__s9101/p102/FROZEN_LAYERWISE/WINNER.json,20c80875e5953afaaab90a5e0abe4d7e1e7fbf7a036e1e019befc8f2705c33a2,a0f8b06b94ee065f33739a525917c5d8bb8d3ac5cc323b6007559a98deca3200,False,,,1178938,541,1493207,160680,f508e6f6aa55a616cd0a2bb2c09137b894af1e102e064533e0cd020f09cdfd7c,True,True
tv2_m16_cycle_00__MULTI__s9101,tv2_m16_cycle_00,MULTI,9101,103,WARM_JOINT,BUDGET_EXHAUSTED,-0.6395212963565844,-0.6395212963565848,0.31923201397484907,0.8950448965615674,0.35666592279473447,138,137,412,412,42436,169.6697325706482,120,138,206,2.2813853002290947,0,7167,7066,21299,1433138,5756.802175283432,1475574,21711,5926.47190785408,7305,fits/tv2_m16_cycle_00__MULTI__s9101/p102/WARM_JOINT/WINNER.json,8ae4c482058f7ca04c43639ed738dbb94ccc265577bb3d95cec3ac1797f11138,ada4587c4550f8adb80bcd2700d3cbc40f9e4d298f43f702d1d5ad7c919595d5,False,,,1178938,541,1493207,160680,b9fe6db835bd6b7a5dd074df59aee77d388c85b31e7cc92e9cb0b80a9d0d7671,True,False
tv2_m16_cycle_00__MULTI__s9101,tv2_m16_cycle_00,MULTI,9101,104,FROZEN_LAYERWISE,CONVERGED,0.3977925370263945,0.3977925370263946,2.695898573867218e-05,0.00010381655862453244,0.259679054053152,4,3,10,416,1040,4.174131631851196,2,4,2,0.0,0,837,735,2307,87831,348.87852215766907,88871,2317,353.05265378952026,841,fits/tv2_m16_cycle_00__MULTI__s9101/p103/FROZEN_LAYERWISE/WINNER.json,a0f8b06b94ee065f33739a525917c5d8bb8d3ac5cc323b6007559a98deca3200,9e7acffb04174b63018db7bc878241d18df6c82effbb73ffae40c075364a4ba1,False,,,1190384,541,1507704,162240,9b9b9b775e110b4a539f426a0eeb17e590f0a116369fa80e381c12c439460b23,True,True
tv2_m16_cycle_00__MULTI__s9101,tv2_m16_cycle_00,MULTI,9101,104,WARM_JOINT,BUDGET_EXHAUSTED,-0.6671205692665894,-0.667120569266588,0.3574870814977082,0.9151823853255899,0.39061840265918885,139,138,415,416,43160,172.97625517845154,121,139,208,1.7796907189822813,0,7305,7203,21711,1475574,5926.47190785408,1518734,22126,6099.448163032532,7444,fits/tv2_m16_cycle_00__MULTI__s9101/p103/WARM_JOINT/WINNER.json,ada4587c4550f8adb80bcd2700d3cbc40f9e4d298f43f702d1d5ad7c919595d5,4877d526782a6ebd1a628aa806a27bb966b247956853e50689b3b6181b388caa,False,,,1190384,541,1507704,162240,2db153050206239773fdc174707e846b3989458a9d663324812134795950605f,True,False
tv2_m16_cycle_00__MULTI__s9101,tv2_m16_cycle_00,MULTI,9101,105,FROZEN_LAYERWISE,CONVERGED,0.3977925370194848,0.3977925370194849,2.6959103348514883e-05,0.00010381677468139103,0.2596796464853695,4,3,10,420,1050,4.136677503585815,2,4,2,0.0,0,841,738,2317,88871,353.05265378952026,89921,2327,357.1893312931061,845,fits/tv2_m16_cycle_00__MULTI__s9101/p104/FROZEN_LAYERWISE/WINNER.json,9e7acffb04174b63018db7bc878241d18df6c82effbb73ffae40c075364a4ba1,a1b8f938d503524b629c9c81e60b8c8147a463e35678f9a15b429ec31ba58a45,False,,,1201830,541,1522201,163800,8d93e3b4eab36b496dccb97a0f6f83740b3592146c7145b5640de6be9c0c7b02,True,True
tv2_m16_cycle_00__MULTI__s9101,tv2_m16_cycle_00,MULTI,9101,105,WARM_JOINT,BUDGET_EXHAUSTED,-0.6860641737025537,-0.6860641737025527,0.38423963392426824,0.9278990545573735,0.4140963739935679,140,139,418,420,43890,174.53653192520142,121,140,210,2.0641290505239347,0,7444,7341,22126,1518734,6099.448163032532,1562624,22544,6273.984694957733,7584,fits/tv2_m16_cycle_00__MULTI__s9101/p104/WARM_JOINT/WINNER.json,4877d526782a6ebd1a628aa806a27bb966b247956853e50689b3b6181b388caa,b25a31917aa5fc5041025221a5066fcb34524deece5c4e6684f1062d9fc63649,False,,,1201830,541,1522201,163800,d1488665bc822774a96e7b145011b9542cfc02fabfe03c0001bde33370c59c03,True,False
tv2_m16_cycle_00__MULTI__s9101,tv2_m16_cycle_00,MULTI,9101,106,FROZEN_LAYERWISE,CONVERGED,0.3977925369613241,0.3977925369613238,2.6959412804866398e-05,0.0001038173478108045,0.259681193686405,4,3,10,424,1060,4.15418815612793,2,4,2,0.0,0,845,741,2327,89921,357.1893312931061,90981,2337,361.343519449234,849,fits/tv2_m16_cycle_00__MULTI__s9101/p105/FROZEN_LAYERWISE/WINNER.json,a1b8f938d503524b629c9c81e60b8c8147a463e35678f9a15b429ec31ba58a45,e53a66856161a52cca67dddbae110ee3c39b65c15c46ca15231d3e77e3f30a09,False,,,1213276,541,1536698,165360,ba95bb4686302fa854f781673eb8b994b91c254475d5f6a7623a1ce7edae17e0,True,True
tv2_m16_cycle_00__MULTI__s9101,tv2_m16_cycle_00,MULTI,9101,106,WARM_JOINT,BUDGET_EXHAUSTED,-0.6928745162482375,-0.6928745162482338,0.3889202485289698,0.9330270909164959,0.4168370375472596,142,141,424,424,44944,182.11942601203918,127,141,212,1.387299332160332,0,7584,7480,22544,1562624,6273.984694957733,1607568,22968,6456.104120969772,7726,fits/tv2_m16_cycle_00__MULTI__s9101/p105/WARM_JOINT/WINNER.json,b25a31917aa5fc5041025221a5066fcb34524deece5c4e6684f1062d9fc63649,10d5fcd07dcafc150a68979fbcbd72b58a123ba80bdf3a1c7a3827402a0f3aea,False,,,1213276,541,1536698,165360,f03b5bab692fc3e41d197294382e8209deb7d6a213e87e9cd344582bb2c89c1d,True,False
tv2_m16_cycle_00__MULTI__s9101,tv2_m16_cycle_00,MULTI,9101,107,FROZEN_LAYERWISE,CONVERGED,0.3977925369316385,0.3977925369316392,2.69596141234908e-05,0.00010381772333656053,0.2596821935315613,4,3,10,428,1070,4.339735269546509,2,4,2,0.0,0,849,744,2337,90981,361.343519449234,92051,2347,365.6832547187805,853,fits/tv2_m16_cycle_00__MULTI__s9101/p106/FROZEN_LAYERWISE/WINNER.json,e53a66856161a52cca67dddbae110ee3c39b65c15c46ca15231d3e77e3f30a09,ceb791cf4d36f6908b07db3107d6f55fe4026f857b1d842e149e757760c282d8,False,,,1224722,541,1551195,166920,a5e881b1d0a03322561060808d63c165c1d17b69fc1ccf5c64fb8fbd158553b8,True,True
tv2_m16_cycle_00__MULTI__s9101,tv2_m16_cycle_00,MULTI,9101,107,WARM_JOINT,BUDGET_EXHAUSTED,-0.6993515262833074,-0.6993515262833099,0.40248055412991757,0.9374468397446662,0.4293369363104811,143,142,427,428,45689,185.46346163749695,122,143,214,1.6680221402164919,0,7726,7621,22968,1607568,6456.104120969772,1653257,23395,6641.567582607269,7869,fits/tv2_m16_cycle_00__MULTI__s9101/p106/WARM_JOINT/WINNER.json,10d5fcd07dcafc150a68979fbcbd72b58a123ba80bdf3a1c7a3827402a0f3aea,7cf6dc46a814711acf113aa5197307d66637668b042654f92bb64b9f9905ab42,False,,,1224722,541,1551195,166920,97412ad81c1358b9c8f209efdfefdfb1646e80399e10242dcf2067813f5bddec,True,False
tv2_m16_cycle_00__MULTI__s9101,tv2_m16_cycle_00,MULTI,9101,108,FROZEN_LAYERWISE,CONVERGED,0.39779253688710714,0.3977925368871069,2.69593377794359e-05,0.00010381721226026763,0.259680810074628,4,3,10,432,1080,4.350815296173096,2,4,2,0.0,0,853,747,2347,92051,365.6832547187805,93131,2357,370.0340700149536,857,fits/tv2_m16_cycle_00__MULTI__s9101/p107/FROZEN_LAYERWISE/WINNER.json,ceb791cf4d36f6908b07db3107d6f55fe4026f857b1d842e149e757760c282d8,74f4b1baebf84e362e923feb30a153bb54dc6ea962c28d80815ee39839e0e226,False,,,1236168,541,1565692,168480,338125e9d0a10f0a3fa3bbea38e26ecfa84c7cb0fe192bdff017f970082ec18e,True,True
tv2_m16_cycle_00__MULTI__s9101,tv2_m16_cycle_00,MULTI,9101,108,WARM_JOINT,BUDGET_EXHAUSTED,-0.7037346687339047,-0.7037346687339063,0.4089319477945183,0.9405957785767772,0.4347584340781078,144,143,430,432,46440,186.4869453907013,129,144,216,1.2050278458324797,0,7869,7763,23395,1653257,6641.567582607269,1699697,23825,6828.054527997971,8013,fits/tv2_m16_cycle_00__MULTI__s9101/p107/WARM_JOINT/WINNER.json,7cf6dc46a814711acf113aa5197307d66637668b042654f92bb64b9f9905ab42,11596ecf22ba8fdb1f6be776ce8c3e026ced0a1239c1ef0a15d9500c4e2d9d25,False,,,1236168,541,1565692,168480,30795ae2cb84e5c094013d17a8ac0cedd77c0d86cfcd26f207ba9172c74c2756,True,False
tv2_m16_cycle_00__MULTI__s9101,tv2_m16_cycle_00,MULTI,9101,109,FROZEN_LAYERWISE,CONVERGED,0.3977925368324442,0.39779253683244453,2.695959776387378e-05,0.00010381769772213422,0.2596821000214294,4,3,10,436,1090,4.194996356964111,2,4,2,0.0,0,857,750,2357,93131,370.0340700149536,94221,2367,374.2290663719177,861,fits/tv2_m16_cycle_00__MULTI__s9101/p108/FROZEN_LAYERWISE/WINNER.json,74f4b1baebf84e362e923feb30a153bb54dc6ea962c28d80815ee39839e0e226,c6dc645108a0dd159783f63c76dfb2826cdbd4978f75c6f8da1bc1cd15787c1b,False,,,1247614,541,1580189,170040,8b308fe36671e30b0b6cc2fe33d1b3ab3157110c30d10cc34cd5b4ea47cfc084,True,True
tv2_m16_cycle_00__MULTI__s9101,tv2_m16_cycle_00,MULTI,9101,109,WARM_JOINT,BUDGET_EXHAUSTED,-0.7075124296987894,-0.7075124296987894,0.4148313553129778,0.9434052222391903,0.43971704367754894,146,145,436,436,47524,186.72390389442444,133,146,218,1.1282929770465806,0,8013,7906,23825,1699697,6828.054527997971,1747221,24261,7014.778431892395,8159,fits/tv2_m16_cycle_00__MULTI__s9101/p108/WARM_JOINT/WINNER.json,11596ecf22ba8fdb1f6be776ce8c3e026ced0a1239c1ef0a15d9500c4e2d9d25,7e25fcc393adc00ca184eba8013129159b493b7cc3fb99ea03acd9a183b7ea16,False,,,1247614,541,1580189,170040,1451f2876e0a0af8f2c06cb6aac44bbedfdd3cfec82f0aefa0c6f407c1f6fdf3,True,False
tv2_m16_cycle_00__MULTI__s9101,tv2_m16_cycle_00,MULTI,9101,110,FROZEN_LAYERWISE,CONVERGED,0.3977925367184901,0.3977925367184902,2.6959129290323108e-05,0.00010381683467469074,0.25967974630318225,4,3,10,440,1100,4.36297345161438,2,4,2,0.0,0,861,753,2367,94221,374.2290663719177,95321,2377,378.5920398235321,865,fits/tv2_m16_cycle_00__MULTI__s9101/p109/FROZEN_LAYERWISE/WINNER.json,c6dc645108a0dd159783f63c76dfb2826cdbd4978f75c6f8da1bc1cd15787c1b,cf7d7f61d20dff5328e1706d2def3b9bb4c9a9900e9111287efc658ae2f1d191,False,,,1259060,541,1594686,171600,ec66fdbad3b84c30d5bacbf205eef7a485119b7af04fbfae5ffb583ecad09a1c,True,True
tv2_m16_cycle_00__MULTI__s9101,tv2_m16_cycle_00,MULTI,9101,110,WARM_JOINT,BUDGET_EXHAUSTED,-0.71168964312852,-0.711689643128521,0.41851419999676326,0.9465052823392137,0.44216784396853887,147,146,439,440,48290,193.02780318260193,127,147,220,1.2563382650229105,0,8159,8051,24261,1747221,7014.778431892395,1795511,24700,7207.806235074997,8306,fits/tv2_m16_cycle_00__MULTI__s9101/p109/WARM_JOINT/WINNER.json,7e25fcc393adc00ca184eba8013129159b493b7cc3fb99ea03acd9a183b7ea16,486121ae3f3e0395acf3b7272c5d279944fda59ed970f97416a6f2ac05963863,False,,,1259060,541,1594686,171600,821102e2879af39cb098d2158a62acee284811f3f3096234fcb417cc308bc15a,True,False
tv2_m16_cycle_00__MULTI__s9101,tv2_m16_cycle_00,MULTI,9101,111,FROZEN_LAYERWISE,CONVERGED,0.3977925366865503,0.3977925366865503,2.6958861325500986e-05,0.00010381634371504044,0.25967839321618597,4,3,10,444,1110,4.379338264465332,2,4,2,0.0,0,865,756,2377,95321,378.5920398235321,96431,2387,382.97137808799744,869,fits/tv2_m16_cycle_00__MULTI__s9101/p110/FROZEN_LAYERWISE/WINNER.json,cf7d7f61d20dff5328e1706d2def3b9bb4c9a9900e9111287efc658ae2f1d191,884c80bc954ddf5237281e7fd14bfaa68832067b7515a9381f51e24a8de0ffa0,False,,,1270506,541,1609183,173160,2360e5687a6c7e94c37dd84bf15d2a9ce21b1a6f6ff17899d7f0ac6d161b9efe,True,True
tv2_m16_cycle_00__MULTI__s9101,tv2_m16_cycle_00,MULTI,9101,111,WARM_JOINT,BUDGET_EXHAUSTED,-0.7144157481358433,-0.7144157481358451,0.4235990579635062,0.9484424648394452,0.4466259933175959,148,147,442,444,49062,193.28909468650818,135,148,222,1.2838224099729347,0,8306,8197,24700,1795511,7207.806235074997,1844573,25142,7401.095329761505,8454,fits/tv2_m16_cycle_00__MULTI__s9101/p110/WARM_JOINT/WINNER.json,486121ae3f3e0395acf3b7272c5d279944fda59ed970f97416a6f2ac05963863,a79a4d873438d8617d990a6ede510692685f2c818efaf2d90614af8e517d23e2,False,,,1270506,541,1609183,173160,8461e3d70e5f07fdbb92b7a0767afe8d3d6ba41562f1795b06603dffae102dc7,True,False
tv2_m16_cycle_00__MULTI__s9101,tv2_m16_cycle_00,MULTI,9101,112,FROZEN_LAYERWISE,CONVERGED,0.3977925366461915,0.39779253664619124,2.69585240737366e-05,0.00010381572903923799,0.25967668216776096,4,3,10,448,1120,4.513981342315674,2,4,2,0.0,0,869,759,2387,96431,382.97137808799744,97551,2397,387.4853594303131,873,fits/tv2_m16_cycle_00__MULTI__s9101/p111/FROZEN_LAYERWISE/WINNER.json,884c80bc954ddf5237281e7fd14bfaa68832067b7515a9381f51e24a8de0ffa0,24407df448fc775c5292624ab98fa8d480dd30700d2724eef36d0a2da753932d,False,,,1281952,541,1623680,174720,ddf0ee10ebcfab14e3da6aa7bd3005f12a2cfaf23695310e54b395726e8200f5,True,True
tv2_m16_cycle_00__MULTI__s9101,tv2_m16_cycle_00,MULTI,9101,112,WARM_JOINT,BUDGET_EXHAUSTED,-0.7172903647200093,-0.7172903647200051,0.4247298894816225,0.9507435452168186,0.4467344444444923,150,149,448,448,50176,202.77549076080322,128,150,224,1.5293635578290288,0,8454,8344,25142,1844573,7401.095329761505,1894749,25590,7603.870820522308,8604,fits/tv2_m16_cycle_00__MULTI__s9101/p111/WARM_JOINT/WINNER.json,a79a4d873438d8617d990a6ede510692685f2c818efaf2d90614af8e517d23e2,0eee312c599afd5d5a2c013ba6e06f0b67a6b571da271fca141ae02ff8a522f1,False,,,1281952,541,1623680,174720,37ca62be5d304dad3b1d52a0737c091fb0be635b1aecfbb811e407631366fa6a,True,False
tv2_m16_cycle_00__MULTI__s9101,tv2_m16_cycle_00,MULTI,9101,113,FROZEN_LAYERWISE,CONVERGED,0.3977925365577972,0.39779253655779745,2.6958952028530342e-05,0.00010381651514810551,0.2596788380930575,4,3,10,452,1130,4.427348613739014,2,4,2,0.0,0,873,762,2397,97551,387.4853594303131,98681,2407,391.9127080440521,877,fits/tv2_m16_cycle_00__MULTI__s9101/p112/FROZEN_LAYERWISE/WINNER.json,24407df448fc775c5292624ab98fa8d480dd30700d2724eef36d0a2da753932d,7e728889c4b1db17ecbcc982d861e49a75be2a9ec1ee877e71b75f8938c60816,False,,,1293398,541,1638177,176280,accf887be81416f2e7489d08eeefc9647647055bda3c04c2b6443176e74b746b,True,True
tv2_m16_cycle_00__MULTI__s9101,tv2_m16_cycle_00,MULTI,9101,113,WARM_JOINT,BUDGET_EXHAUSTED,-0.7202122325693796,-0.7202122325693829,0.43254342291515646,0.9526902142859306,0.45402316138972887,151,150,451,452,50963,200.1582396030426,128,151,226,1.5586755996158899,0,8604,8493,25590,1894749,7603.870820522308,1945712,26041,7804.029060125351,8755,fits/tv2_m16_cycle_00__MULTI__s9101/p112/WARM_JOINT/WINNER.json,0eee312c599afd5d5a2c013ba6e06f0b67a6b571da271fca141ae02ff8a522f1,97619fed4e6d7072c6786e0fee31a9304d01c3447e03f4f55e70b9060ae0cc7a,False,,,1293398,541,1638177,176280,cb92b020884a40a532a57ed451888928701fdccaa4495dea17c0f9e86978cb6f,True,False
tv2_m16_cycle_00__MULTI__s9101,tv2_m16_cycle_00,MULTI,9101,114,FROZEN_LAYERWISE,CONVERGED,0.39779253654837715,0.3977925365483772,2.695908357783056e-05,0.00010381675753692621,0.2596794989310043,4,3,10,456,1140,4.5483317375183105,2,4,2,0.0,0,877,765,2407,98681,391.9127080440521,99821,2417,396.46103978157043,881,fits/tv2_m16_cycle_00__MULTI__s9101/p113/FROZEN_LAYERWISE/WINNER.json,7e728889c4b1db17ecbcc982d861e49a75be2a9ec1ee877e71b75f8938c60816,a6104f2719be338c99796608b7ef8ca0297932afdb6e5746c0cf83c2a44a9a0a,False,,,1304844,541,1652674,177840,b8dc8930eed2e96b6203356bbe94f53282aaccd4971df83078461a659d242acd,True,True
tv2_m16_cycle_00__MULTI__s9101,tv2_m16_cycle_00,MULTI,9101,114,WARM_JOINT,BUDGET_EXHAUSTED,-0.7232608744348021,-0.7232608744348085,0.4418091230856786,0.9548119511086545,0.4627184678330468,152,151,454,456,51756,205.82498240470886,136,152,228,1.1855040341576055,0,8755,8643,26041,1945712,7804.029060125351,1997468,26495,8009.85404253006,8907,fits/tv2_m16_cycle_00__MULTI__s9101/p113/WARM_JOINT/WINNER.json,97619fed4e6d7072c6786e0fee31a9304d01c3447e03f4f55e70b9060ae0cc7a,4bc542eec0e30c2801971e37ce15f6ee0c605dc7ea69d14458a0e99bc69a816d,False,,,1304844,541,1652674,177840,8027a9293f9c1ff8255e2c48e088e34bbde8ea10d71eba2f8d46e0be73161b1f,True,False
tv2_m16_cycle_00__MULTI__s9101,tv2_m16_cycle_00,MULTI,9101,115,FROZEN_LAYERWISE,CONVERGED,0.3977925365206244,0.39779253652062413,2.6958806625512205e-05,0.00010381624986924488,0.25967810106285333,4,3,10,460,1150,4.437582015991211,2,4,2,0.0,0,881,768,2417,99821,396.46103978157043,100971,2427,400.89862179756165,885,fits/tv2_m16_cycle_00__MULTI__s9101/p114/FROZEN_LAYERWISE/WINNER.json,a6104f2719be338c99796608b7ef8ca0297932afdb6e5746c0cf83c2a44a9a0a,63f946a4ef69a2f04e5905f2c59df6d7a943373ec5fd7c6e6781615440433faf,False,,,1316290,541,1667171,179400,67a80a959b6320ad921751a9c5175d03c6b3411bcb644941b64547901f112c54,True,True
tv2_m16_cycle_00__MULTI__s9101,tv2_m16_cycle_00,MULTI,9101,115,WARM_JOINT,BUDGET_EXHAUSTED,-0.7257113183892618,-0.7257113183892603,0.4453889502075053,0.9565232112814028,0.4656331858490309,154,153,460,460,52900,208.22867250442505,135,153,230,1.2726057998777724,0,8907,8794,26495,1997468,8009.85404253006,2050368,26955,8218.082715034485,9061,fits/tv2_m16_cycle_00__MULTI__s9101/p114/WARM_JOINT/WINNER.json,4bc542eec0e30c2801971e37ce15f6ee0c605dc7ea69d14458a0e99bc69a816d,88c24283d1f716bc4dc77f9009976816f1d0d54c20d4095aec2c489b93d88888,False,,,1316290,541,1667171,179400,55ae87fadad4a677516eb040a8e8972b241512e3ab3c5bd9b527a6e54df44a5c,True,False
tv2_m16_cycle_00__MULTI__s9101,tv2_m16_cycle_00,MULTI,9101,116,FROZEN_LAYERWISE,CONVERGED,0.3977925363654542,0.39779253636545403,2.6959295897134385e-05,0.00010381715816741939,0.25968054195491297,4,3,10,464,1160,4.597899436950684,2,4,2,0.0,0,885,771,2427,100971,400.89862179756165,102131,2437,405.49652123451233,889,fits/tv2_m16_cycle_00__MULTI__s9101/p115/FROZEN_LAYERWISE/WINNER.json,63f946a4ef69a2f04e5905f2c59df6d7a943373ec5fd7c6e6781615440433faf,78fd0bab2205201906ad8734c24386006d8f8255ce792c5151745de9f6d0210a,False,,,1327736,541,1681668,180960,dba4728589df104f540e2f8764eaa0ca1ec5d833d02a0b526240e413b33141ef,True,True
tv2_m16_cycle_00__MULTI__s9101,tv2_m16_cycle_00,MULTI,9101,116,WARM_JOINT,BUDGET_EXHAUSTED,-0.7279341262529382,-0.7279341262529343,0.44855500279890814,0.9582026129222235,0.46812124779221087,155,154,463,464,53708,213.394540309906,136,155,232,1.1249530924011313,0,9061,8947,26955,2050368,8218.082715034485,2104076,27418,8431.47725534439,9216,fits/tv2_m16_cycle_00__MULTI__s9101/p115/WARM_JOINT/WINNER.json,88c24283d1f716bc4dc77f9009976816f1d0d54c20d4095aec2c489b93d88888,63a7c2b49e64aadf4f4091cf80dc8848cac77484a82c612dc485080f1616d91a,False,,,1327736,541,1681668,180960,130984c1ed3b358edf74c6c90e2b9b7a9bec3dfc40f8919fca2128e68fa1cdf2,True,False
tv2_m16_cycle_00__MULTI__s9101,tv2_m16_cycle_00,MULTI,9101,117,FROZEN_LAYERWISE,CONVERGED,0.3977925363654542,0.3977925363654541,2.6959295897134374e-05,0.00010381715816741939,0.25968054195491286,5,4,13,468,1521,5.916382551193237,3,1,2,0.0,0,889,774,2437,102131,405.49652123451233,103652,2450,411.41290378570557,894,fits/tv2_m16_cycle_00__MULTI__s9101/p116/FROZEN_LAYERWISE/WINNER.json,78fd0bab2205201906ad8734c24386006d8f8255ce792c5151745de9f6d0210a,73a25fc25b2ce732445c67359a56c0a616ac49befbec9e3fce78fb9303ccf67e,False,,,1339182,541,1696165,182520,e1284a84f8ea3e60024a84de814fed0f1f79dbf8b8e5d675b5032cd00a789950,True,True
tv2_m16_cycle_00__MULTI__s9101,tv2_m16_cycle_00,MULTI,9101,117,WARM_JOINT,BUDGET_EXHAUSTED,-0.7303306873907964,-0.7303306873907998,0.45011966611094906,0.9600667508969689,0.4688420525868772,156,155,466,468,54522,219.94951248168945,141,156,234,1.2181800325374974,0,9216,9101,27418,2104076,8431.47725534439,2158598,27884,8651.42676782608,9372,fits/tv2_m16_cycle_00__MULTI__s9101/p116/WARM_JOINT/WINNER.json,63a7c2b49e64aadf4f4091cf80dc8848cac77484a82c612dc485080f1616d91a,7db0bfd56388fb9628718162b35aa1e22f91be25d1a057261980339a5854009a,False,,,1339182,541,1696165,182520,aa51a95d7350c91e5d8f9abad4e966b7a989df0bfb50eb6fbdff02c0ea7189b9,True,False
tv2_m16_cycle_00__MULTI__s9101,tv2_m16_cycle_00,MULTI,9101,118,FROZEN_LAYERWISE,CONVERGED,0.3977925361139575,0.39779253611395793,2.6959749531091277e-05,0.00010381802367619028,0.2596827465641137,5,4,13,472,1534,6.065181493759155,3,5,2,0.0,0,894,778,2450,103652,411.41290378570557,105186,2463,417.4780852794647,899,fits/tv2_m16_cycle_00__MULTI__s9101/p117/FROZEN_LAYERWISE/WINNER.json,73a25fc25b2ce732445c67359a56c0a616ac49befbec9e3fce78fb9303ccf67e,6faf1a500c77dce4c620bbdc90511c9c5c9d35107d81af8d240a81d4d232e34f,False,,,1350628,541,1710662,184080,6e827b2e5cd091130187b9b8af563200f3ceae618349ac9770f32e6628446dee,True,True
tv2_m16_cycle_00__MULTI__s9101,tv2_m16_cycle_00,MULTI,9101,118,WARM_JOINT,BUDGET_EXHAUSTED,-0.7326112996112264,-0.7326112996112268,0.4596621534345461,0.961429946646649,0.47810259607347566,158,157,472,472,55696,225.10359477996826,137,158,236,1.03860747595408,0,9372,9256,27884,2158598,8651.42676782608,2214294,28356,8876.530362606049,9530,fits/tv2_m16_cycle_00__MULTI__s9101/p117/WARM_JOINT/WINNER.json,7db0bfd56388fb9628718162b35aa1e22f91be25d1a057261980339a5854009a,1d0b4d4a8acc6e3b8ed7b41852f4c51fe5c197ad084c82a13ce040b19c591775,False,,,1350628,541,1710662,184080,33e4b55b80e28f335edc354096504c698531840b352d67b40b8b95278043e36a,True,False
tv2_m16_cycle_00__MULTI__s9101,tv2_m16_cycle_00,MULTI,9101,119,FROZEN_LAYERWISE,CONVERGED,0.3977925360914572,0.39779253609145765,2.6959594913407966e-05,0.00010381773162296266,0.2596819877679255,4,3,10,476,1190,4.765093088150024,2,4,2,0.0,0,899,782,2463,105186,417.4780852794647,106376,2473,422.24317836761475,903,fits/tv2_m16_cycle_00__MULTI__s9101/p118/FROZEN_LAYERWISE/WINNER.json,6faf1a500c77dce4c620bbdc90511c9c5c9d35107d81af8d240a81d4d232e34f,10e68c68b371d4e0b4dd94928982e873c0f3141c909b5fa2156a633471bca394,False,,,1362074,541,1725159,185640,d95319c4d8189bd15907bd1763ef17ce4b9e46a8e1de092e708416ae3d0f3de0,True,True
tv2_m16_cycle_00__MULTI__s9101,tv2_m16_cycle_00,MULTI,9101,119,WARM_JOINT,BUDGET_EXHAUSTED,-0.7347861375979299,-0.734786137597929,0.4621728623932721,0.962968339400199,0.47994606207006163,159,158,475,476,56525,228.31330180168152,143,159,238,0.9941817869123222,0,9530,9413,28356,2214294,8876.530362606049,2270819,28831,9104.84366440773,9689,fits/tv2_m16_cycle_00__MULTI__s9101/p118/WARM_JOINT/WINNER.json,1d0b4d4a8acc6e3b8ed7b41852f4c51fe5c197ad084c82a13ce040b19c591775,3ef93ffbb1ecbf3176adb9d1ab71a2aa83213b663863c609f7bfbf869d0eda96,False,,,1362074,541,1725159,185640,a4a3c5afc6b85870ba8b9d7439082f407a5cbd5ae592d635c6ef6d1c713b49f1,True,False
tv2_m16_cycle_00__MULTI__s9101,tv2_m16_cycle_00,MULTI,9101,120,FROZEN_LAYERWISE,CONVERGED,0.3977925360452364,0.3977925360452365,2.695934043032111e-05,0.0001038172564583783,0.25968072505488976,4,3,10,480,1200,4.974152565002441,2,4,2,0.0,0,903,785,2473,106376,422.24317836761475,107576,2483,427.2173309326172,907,fits/tv2_m16_cycle_00__MULTI__s9101/p119/FROZEN_LAYERWISE/WINNER.json,10e68c68b371d4e0b4dd94928982e873c0f3141c909b5fa2156a633471bca394,fd0c835043247f886b76db26637cc531f3e8c156ff5efdf4b5020aca34e0c6a6,True,581d878bcdc3d10a6c5c864d67803081055b98198799f68a36bf85109c209735,1.997669473806499e-15,1373520,541,1739656,187200,894dd7e6ac066913dcab0241bc92e26f40f104bae4b3a7c1fd4f12409fccb0a3,True,True
tv2_m16_cycle_00__MULTI__s9101,tv2_m16_cycle_00,MULTI,9101,120,WARM_JOINT,BUDGET_EXHAUSTED,-0.7368026648980488,-0.7368026648980486,0.46486101149872805,0.9643680973765447,0.48203690350534234,160,159,478,480,57360,234.8166515827179,139,160,240,0.6712963829589444,0,9689,9571,28831,2270819,9104.84366440773,2328179,29309,9339.660315990448,9849,fits/tv2_m16_cycle_00__MULTI__s9101/p119/WARM_JOINT/WINNER.json,3ef93ffbb1ecbf3176adb9d1ab71a2aa83213b663863c609f7bfbf869d0eda96,9bc44117a5045ea6d4104397d736d1fea613855ff6ffd78527e7fba2985d7f51,True,c30b5c137cf39e40da92955fe54b87f61d67fd64288ed10a7c58b5e7b46fe6a4,6.386497033760595e-15,1373520,541,1739656,187200,de50bcc35a4d7eb71f8bceab2bef6dc6ce17d0f1b537dd9cc4b6c8060ea1425b,True,False
tv2_m16_cycle_00__MULTI__s9101,tv2_m16_cycle_00,MULTI,9101,120,RANDOM_JOINT,BUDGET_EXHAUSTED,-0.23013700350455762,-0.2301370035045589,0.13649634908945443,0.5709558430755095,0.23906638445839085,160,160,480,480,57600,230.9448173046112,148,159,240,3.8217532193634525,0,0,0,0,0,0.0,57600,480,230.9448173046112,160,,,ca3355a8a5861c55c6b956ab3bd203539968df441b57c29119375ed6bf3ed6db,True,96831278e4b037b1f659b055b07fc3f841de0464722179a1e32ee8a28ae4fd6f,7.572746531085953e-15,1373520,541,1739656,187200,f498f9e5c9f5a16f945d0feef19a6dcddc3ee26dc178507fd793be6629be2ca2,False,False
tv2_m16_bottleneck_00__X__s9101,tv2_m16_bottleneck_00,X,9101,1,SHARED_P1,CONVERGED,0.5922030303414615,0.5922030303414603,5.522904514364989e-05,0.0004793360916838185,0.11521987620343907,11,11,33,64,33,0.18758273124694824,3,11,2,,0,0,0,0,0,0.0,33,33,0.18758273124694824,11,,,d25438abe657b0082afdee90796cb0c3dc5e427047262316d3976cb6b789d3be,True,1b248a8d7c0fa0caf5525baf085636987d070a154bda8d5c091250536c4949f1,9.341771812940338e-18,12146,579,15165,1656,2dcbcb825032413279f792b6f2209249672ec1c33ee49fca0439f32c684a04dd,False,False
tv2_m16_bottleneck_00__X__s9101,tv2_m16_bottleneck_00,X,9101,2,FROZEN_LAYERWISE,CONVERGED,0.48296895262492556,0.48296895262492445,8.690790599192506e-05,0.0006183910351786131,0.14053875468427998,7,6,19,64,38,0.17333102226257324,3,7,2,0.0,0,11,11,33,33,0.18758273124694824,71,52,0.3609137535095215,18,fits/tv2_m16_bottleneck_00__X__s9101/p001/SHARED_P1/WINNER.json,d25438abe657b0082afdee90796cb0c3dc5e427047262316d3976cb6b789d3be,74578bfd5038291a38480f36ccf148a5123adf3960516945aedeafb77b825f7c,False,,,24292,579,30314,3312,3c3ff9d1de6849184507900c92038c1dca892969204295e3adfef3ac790f4d9c,True,True
tv2_m16_bottleneck_00__X__s9101,tv2_m16_bottleneck_00,X,9101,2,WARM_JOINT,CONVERGED,0.48296895262492556,0.48296895262492445,8.690790599192506e-05,0.0006183910351786131,0.14053875468427998,7,6,19,64,38,0.17634987831115723,3,7,4,0.0,0,11,11,33,33,0.18758273124694824,71,52,0.36393260955810547,18,fits/tv2_m16_bottleneck_00__X__s9101/p001/SHARED_P1/WINNER.json,d25438abe657b0082afdee90796cb0c3dc5e427047262316d3976cb6b789d3be,ccaca942ab899e4c64460ec5ca9a904c19bd3c868b6926fe28730b053d26be1e,False,,,24292,579,30314,3312,3c3ff9d1de6849184507900c92038c1dca892969204295e3adfef3ac790f4d9c,True,False
tv2_m16_bottleneck_00__X__s9101,tv2_m16_bottleneck_00,X,9101,3,FROZEN_LAYERWISE,CONVERGED,0.39701445185108264,0.3970144518510833,5.168796262275192e-05,0.0003069107888103662,0.16841363844882246,7,6,19,64,57,0.24604439735412598,5,7,2,0.0,0,18,17,52,71,0.3609137535095215,128,71,0.6069581508636475,25,fits/tv2_m16_bottleneck_00__X__s9101/p002/FROZEN_LAYERWISE/WINNER.json,74578bfd5038291a38480f36ccf148a5123adf3960516945aedeafb77b825f7c,e010ffca5bf239476b6388e7565dd38c9f575de6d9c4256196152e5a1f2afcf2,False,,,36438,579,45463,4968,116d0149693acf829372f0ade16357ff86d65cf290e8f3058215b03a3b7c7078,True,True
tv2_m16_bottleneck_00__X__s9101,tv2_m16_bottleneck_00,X,9101,3,WARM_JOINT,CONVERGED,0.39701445185108264,0.3970144518510833,5.168796262275192e-05,0.0003069107888103662,0.16841363844882246,6,5,16,64,48,0.20543122291564941,4,6,6,0.0,0,18,17,52,71,0.36393260955810547,119,68,0.5693638324737549,24,fits/tv2_m16_bottleneck_00__X__s9101/p002/WARM_JOINT/WINNER.json,ccaca942ab899e4c64460ec5ca9a904c19bd3c868b6926fe28730b053d26be1e,8ae4eb2d394454c57c7c43dfe3e2d8102678f1a518065622dfc516aebd0ddab8,False,,,36438,579,45463,4968,116d0149693acf829372f0ade16357ff86d65cf290e8f3058215b03a3b7c7078,True,False
tv2_m16_bottleneck_00__X__s9101,tv2_m16_bottleneck_00,X,9101,4,FROZEN_LAYERWISE,CONVERGED,0.3729362563225062,0.3729362563225057,0.00014491302091623122,0.0007740456198624342,0.18721509068417133,9,8,25,64,100,0.4042940139770508,7,9,2,0.0,0,25,23,71,128,0.6069581508636475,228,96,1.0112521648406982,34,fits/tv2_m16_bottleneck_00__X__s9101/p003/FROZEN_LAYERWISE/WINNER.json,e010ffca5bf239476b6388e7565dd38c9f575de6d9c4256196152e5a1f2afcf2,1be7435569e0715bd6fe9e53259cfcb8f58013437388a076acaa420b7480c39f,True,a2fbfe76c05aa746b4e3ff8dd0cf04ac8c49ecb76ff636752a162dbd1b20028a,8.263185527361934e-17,48584,579,60612,6624,02932b0d5cde07dc45b6ef5db7463c2fe1dc0677aa74f9de6fe6dfea1a73f4b3,True,True
tv2_m16_bottleneck_00__X__s9101,tv2_m16_bottleneck_00,X,9101,4,WARM_JOINT,CONVERGED,0.37147129398565226,0.3714712939856508,0.0004268497720598695,0.00253365420020368,0.1684719927547947,21,20,61,64,244,0.9558670520782471,19,21,8,1.0783437101871742,0,24,22,68,119,0.5693638324737549,363,129,1.525230884552002,45,fits/tv2_m16_bottleneck_00__X__s9101/p003/WARM_JOINT/WINNER.json,8ae4eb2d394454c57c7c43dfe3e2d8102678f1a518065622dfc516aebd0ddab8,1bf1e52fb1cefb8490d07ca052bc1c2498b9448805f460b276f81163b7705321,True,21abb05428ebb1da55394b5b2aab13eda28dab20ada00f80a366ebfb9d958c4d,3.74575767654754e-17,48584,579,60612,6624,02932b0d5cde07dc45b6ef5db7463c2fe1dc0677aa74f9de6fe6dfea1a73f4b3,True,False
tv2_m16_bottleneck_00__X__s9101,tv2_m16_bottleneck_00,X,9101,4,RANDOM_JOINT,BUDGET_EXHAUSTED,0.3714713495297975,0.37147134952979605,0.0004264752321560482,0.0025330963978973976,0.16836123272294135,21,21,63,64,252,0.9957180023193359,20,21,8,7.668764995121762,0,0,0,0,0,0.0,252,63,0.9957180023193359,21,,,e2ab7f8baf447551683ad51be71a743822188b7ca909bbc425464da8ff7db9f6,True,ce5c7b9a91eeaceed09f9888c126b4566d4f073cb4bb1e8266c676be0bf7442e,7.750642767178874e-17,48584,579,60612,6624,36058e6582925cbbf2556465548cd6f8587a7e34cabcc12121f35cdda1f32cd9,False,False
tv2_m16_bottleneck_00__X__s9101,tv2_m16_bottleneck_00,X,9101,5,FROZEN_LAYERWISE,CONVERGED,0.3729274303916786,0.37292743039167725,0.00014976684394184728,0.0007994162049703541,0.187345268973377,19,18,55,64,275,1.0287394523620605,10,19,2,0.0,0,34,31,96,228,1.0112521648406982,503,151,2.039991617202759,53,fits/tv2_m16_bottleneck_00__X__s9101/p004/FROZEN_LAYERWISE/WINNER.json,1be7435569e0715bd6fe9e53259cfcb8f58013437388a076acaa420b7480c39f,4a2b62a183eb5f4b099f3b5f99827e1043b96a44ee1e3f2762520531ebb27903,False,,,60730,579,75761,8280,4a85dd376daefe8a9e7643217bdce5dc55b0061dcb7387880878ce40b3561e53,True,True
tv2_m16_bottleneck_00__X__s9101,tv2_m16_bottleneck_00,X,9101,5,WARM_JOINT,BUDGET_EXHAUSTED,0.37107553125888826,0.37107553125888737,0.000497922523133135,0.0028325654202033964,0.17578500379256237,22,21,64,64,320,1.2217457294464111,11,22,10,0.7078363402877996,0,45,42,129,363,1.525230884552002,683,193,2.746976613998413,67,fits/tv2_m16_bottleneck_00__X__s9101/p004/WARM_JOINT/WINNER.json,1bf1e52fb1cefb8490d07ca052bc1c2498b9448805f460b276f81163b7705321,900f342adcdb234235c10d7675a475cd97b72ad0b75845cb2115d365de1c91c0,False,,,60730,579,75761,8280,07a7e1de9f49813803c3d0b3c0997f40b87e2fd4cc5853f0d1f1d66c92337255,True,False
tv2_m16_bottleneck_00__X__s9101,tv2_m16_bottleneck_00,X,9101,6,FROZEN_LAYERWISE,CONVERGED,0.3729274303291478,0.3729274303291486,0.00014975394277113902,0.0007993484225897996,0.1873450156890946,5,4,13,64,78,0.2923109531402588,3,5,2,0.0,0,53,49,151,503,2.039991617202759,581,164,2.3323025703430176,58,fits/tv2_m16_bottleneck_00__X__s9101/p005/FROZEN_LAYERWISE/WINNER.json,4a2b62a183eb5f4b099f3b5f99827e1043b96a44ee1e3f2762520531ebb27903,fe08e39b3122bcb1a7de10638cec9a9eee582a8efaea716d189e9796f3783ed8,False,,,72876,579,90910,9936,a59f855b2cb12ca60cb2e94a5095a4781ffb7dd0859585f805d404a687d219bb,True,True
tv2_m16_bottleneck_00__X__s9101,tv2_m16_bottleneck_00,X,9101,6,WARM_JOINT,BUDGET_EXHAUSTED,0.3700936875148317,0.37009368751483274,0.0005491258550647416,0.0037451103486157676,0.1466247463890361,22,21,64,64,384,1.44099760055542,13,22,12,1.1505955923927749,0,67,63,193,683,2.746976613998413,1067,257,4.187974214553833,89,fits/tv2_m16_bottleneck_00__X__s9101/p005/WARM_JOINT/WINNER.json,900f342adcdb234235c10d7675a475cd97b72ad0b75845cb2115d365de1c91c0,d01c9706f9ee8d17dfb7bb728895fdba82f19532da548b8f13d9d3b30460b9a3,False,,,72876,579,90910,9936,c421da561d733d7a2b33e8d7ef956de670be7998af7613653b8fff072f49e50e,True,False
tv2_m16_bottleneck_00__X__s9101,tv2_m16_bottleneck_00,X,9101,7,FROZEN_LAYERWISE,CONVERGED,0.37292743025946684,0.3729274302594664,0.00014974071184657503,0.0007992787837824127,0.1873447849296834,5,4,13,64,91,0.32831692695617676,3,5,2,0.0,0,58,53,164,581,2.3323025703430176,672,177,2.6606194972991943,63,fits/tv2_m16_bottleneck_00__X__s9101/p006/FROZEN_LAYERWISE/WINNER.json,fe08e39b3122bcb1a7de10638cec9a9eee582a8efaea716d189e9796f3783ed8,e2363423fe20bf194010c4b5acc92e165816ec6a100e7c2b3af54fabc8daa790,False,,,85022,579,106059,11592,2d904b16e136498f1e182548a126296ce8b83a200dd4aa40ebdb58c650980eee,True,True
tv2_m16_bottleneck_00__X__s9101,tv2_m16_bottleneck_00,X,9101,7,WARM_JOINT,BUDGET_EXHAUSTED,0.3519383083952023,0.35193830839520324,0.003435108198334217,0.024069874724769635,0.1427140040242604,22,21,64,64,448,1.6449086666107178,16,22,14,1.8660575857985415,0,89,84,257,1067,4.187974214553833,1515,321,5.832882881164551,111,fits/tv2_m16_bottleneck_00__X__s9101/p006/WARM_JOINT/WINNER.json,d01c9706f9ee8d17dfb7bb728895fdba82f19532da548b8f13d9d3b30460b9a3,f5947d5a46966decf876bf5153ea43b6bf051d1ce47dff9d86439aa2aa6854e2,False,,,85022,579,106059,11592,bad23e5dd22b8f145793138979820b1a48a05080f97cf97e7dc62f644d4ef042,True,False
tv2_m16_bottleneck_00__X__s9101,tv2_m16_bottleneck_00,X,9101,8,FROZEN_LAYERWISE,CONVERGED,0.37292743021538577,0.37292743021538716,0.00014975157655073177,0.0007993352765417468,0.18734513657225124,5,4,13,64,104,0.3738703727722168,3,5,2,0.0,0,63,57,177,672,2.6606194972991943,776,190,3.034489870071411,68,fits/tv2_m16_bottleneck_00__X__s9101/p007/FROZEN_LAYERWISE/WINNER.json,e2363423fe20bf194010c4b5acc92e165816ec6a100e7c2b3af54fabc8daa790,719b480bbf5aed44ea52ec7a3b6480cde800aa1d40c197260d431d5953b5f37c,True,4771335f85ff706099ba6ad99e7cf12b310f567f3d9dd82bb7cf9d4b5b6379c3,8.533711151787501e-17,97168,579,121208,13248,bdb36cc2626202ac7e052d40850b0097b84b9d3cd607397665e7236dba4fb64a,True,True
tv2_m16_bottleneck_00__X__s9101,tv2_m16_bottleneck_00,X,9101,8,WARM_JOINT,BUDGET_EXHAUSTED,0.3484188466011374,0.34841884660113787,0.0038145327540570957,0.02594023694661219,0.1470508061243934,22,21,64,64,512,1.8635199069976807,20,22,16,1.6211308577594146,0,111,105,321,1515,5.832882881164551,2027,385,7.6964027881622314,133,fits/tv2_m16_bottleneck_00__X__s9101/p007/WARM_JOINT/WINNER.json,f5947d5a46966decf876bf5153ea43b6bf051d1ce47dff9d86439aa2aa6854e2,8c49f12674de27148d8a223fa62595aed6cdbdc319de9efffb0028b4ac49ec92,True,accdaca353b391b52cc336bfbb0e125863483518f1058294c1d22451f8d8ac72,1.2662293152120485e-16,97168,579,121208,13248,a7b6f3846674cba64ca8cd3bf50356ffca840e49e9f3a2e91d2ed6bac0620a6c,True,False
tv2_m16_bottleneck_00__X__s9101,tv2_m16_bottleneck_00,X,9101,8,RANDOM_JOINT,BUDGET_EXHAUSTED,0.3603109628655806,0.3603109628655804,0.0003326924668928121,0.0017803348901275478,0.18687072232178586,21,21,63,64,504,1.7975680828094482,15,21,16,6.851557240742479,0,0,0,0,0,0.0,504,63,1.7975680828094482,21,,,c6f3683427aa41a9d8ae22d4a15e940ff94839d67a644856fbdfac8a52d2a5cb,True,d9db3790c82140fc3427522c5ed54456e6ec3ed788fb1c6bb27ca7c34aaa3b90,4.3506643440606637e-17,97168,579,121208,13248,5b89e7047a763c005fab53374ab544e77bc2bdebbf37e0871f129757dd88c3d7,False,False
tv2_m16_bottleneck_00__X__s9101,tv2_m16_bottleneck_00,X,9101,9,FROZEN_LAYERWISE,CONVERGED,0.3729274302140626,0.37292743021406294,0.00014975347524140553,0.0007993451517603912,0.1873451973926466,5,4,13,64,117,0.4002048969268799,3,5,2,0.0,0,68,61,190,776,3.034489870071411,893,203,3.434694766998291,73,fits/tv2_m16_bottleneck_00__X__s9101/p008/FROZEN_LAYERWISE/WINNER.json,719b480bbf5aed44ea52ec7a3b6480cde800aa1d40c197260d431d5953b5f37c,eb885005e3a66f77e9b613cb8eb55f662a395af519ea2390b4a3a1a368dba99f,False,,,109314,579,136357,14904,83f15b2f08f2e7a23bf10523cd1afb7a6fe072a3121fcc06d77e0c4e2f64c07b,True,True
tv2_m16_bottleneck_00__X__s9101,tv2_m16_bottleneck_00,X,9101,9,WARM_JOINT,BUDGET_EXHAUSTED,0.3483755656122523,0.34837556561225314,0.003823183251429988,0.02603727123682776,0.14683502033125434,22,21,64,64,576,2.0559794902801514,18,22,18,0.21727699314739946,0,133,126,385,2027,7.6964027881622314,2603,449,9.752382278442383,155,fits/tv2_m16_bottleneck_00__X__s9101/p008/WARM_JOINT/WINNER.json,8c49f12674de27148d8a223fa62595aed6cdbdc319de9efffb0028b4ac49ec92,ac4b3a4444052cf65fa1bba065ac1a0a0e7a8eba85e3e54f05334e7f92d384d5,False,,,109314,579,136357,14904,6b54a454e88304d46fd48aad9470b249077ee9b6ed2ac9ca89ae81e32bc40791,True,False
tv2_m16_bottleneck_00__X__s9101,tv2_m16_bottleneck_00,X,9101,10,FROZEN_LAYERWISE,CONVERGED,0.37292743021041586,0.37292743021041563,0.00014975035598391187,0.0007993289351775644,0.18734509585924855,5,4,13,64,130,0.4140801429748535,3,5,2,0.0,0,73,65,203,893,3.434694766998291,1023,216,3.8487749099731445,78,fits/tv2_m16_bottleneck_00__X__s9101/p009/FROZEN_LAYERWISE/WINNER.json,eb885005e3a66f77e9b613cb8eb55f662a395af519ea2390b4a3a1a368dba99f,60070334b00db2334550a76e485849c59e11c67d2d8aa80b696d1696f593a87f,False,,,121460,579,151506,16560,617b4a3d2c03dbd1a71e3f6d459808406d0f1a64a6716acb9cf9877aaefadc9c,True,True
tv2_m16_bottleneck_00__X__s9101,tv2_m16_bottleneck_00,X,9101,10,WARM_JOINT,BUDGET_EXHAUSTED,0.3481509845617609,0.3481509845617604,0.003861718967067703,0.026006867416905423,0.14848843211918109,22,21,64,64,640,2.2421634197235107,18,22,20,0.4982062443361648,0,155,147,449,2603,9.752382278442383,3243,513,11.994545698165894,177,fits/tv2_m16_bottleneck_00__X__s9101/p009/WARM_JOINT/WINNER.json,ac4b3a4444052cf65fa1bba065ac1a0a0e7a8eba85e3e54f05334e7f92d384d5,b93bbd0346172fdf1405502b2e2876fc29a6d795e139217d88eb2cbb94caf7d1,False,,,121460,579,151506,16560,f4621e55e49289e74b16d54aa29ae5bdb9c1a724448b7a313e91a6f3868fcfa1,True,False
tv2_m16_bottleneck_00__X__s9101,tv2_m16_bottleneck_00,X,9101,11,FROZEN_LAYERWISE,CONVERGED,0.37292742902756726,0.3729274290275667,0.00014969355188311826,0.000799035116465181,0.18734289494727277,5,4,13,64,143,0.5090258121490479,3,5,2,0.0,0,78,69,216,1023,3.8487749099731445,1166,229,4.357800722122192,83,fits/tv2_m16_bottleneck_00__X__s9101/p010/FROZEN_LAYERWISE/WINNER.json,60070334b00db2334550a76e485849c59e11c67d2d8aa80b696d1696f593a87f,a4bda0339c9b5629cfde11c974cf42b0e46ed5b288b7760bc2788c4579ce84c1,False,,,133606,579,166655,18216,95b78f3929d6953accc6d5290525de48c0365aa2048e4782287833102b2c526b,True,True
tv2_m16_bottleneck_00__X__s9101,tv2_m16_bottleneck_00,X,9101,11,WARM_JOINT,BUDGET_EXHAUSTED,0.3422586962982842,0.34225869629828576,0.004401223895823354,0.027444849219624513,0.16036611681131943,22,21,64,64,704,2.464510440826416,15,22,22,1.5606729066765141,0,177,168,513,3243,11.994545698165894,3947,577,14.45905613899231,199,fits/tv2_m16_bottleneck_00__X__s9101/p010/WARM_JOINT/WINNER.json,b93bbd0346172fdf1405502b2e2876fc29a6d795e139217d88eb2cbb94caf7d1,46a831d79eb4b20f502dd2e5c6a0c9652a151f47cd1c2d08628fdf53babf52ea,False,,,133606,579,166655,18216,ae2b56daf6d63a72bb1fa97eb923da6510769f7ce98f9eae989a2265614a3970,True,False
tv2_m16_bottleneck_00__X__s9101,tv2_m16_bottleneck_00,X,9101,12,FROZEN_LAYERWISE,CONVERGED,0.3729274288898482,0.37292742888984876,0.00014971286751701377,0.0007991351622871709,0.18734361167205674,5,4,13,64,156,0.5376262664794922,3,5,2,0.0,0,83,73,229,1166,4.357800722122192,1322,242,4.895426988601685,88,fits/tv2_m16_bottleneck_00__X__s9101/p011/FROZEN_LAYERWISE/WINNER.json,a4bda0339c9b5629cfde11c974cf42b0e46ed5b288b7760bc2788c4579ce84c1,4fe7be8ad9dabc247438e9db9c4f24cc9f922fa12a14e77ce8d95a6e872146a7,False,,,145752,579,181804,19872,396716212faef77b9d836f317de5d4cee7b20b2299c8a9fcfddad973232fd8d1,True,True
tv2_m16_bottleneck_00__X__s9101,tv2_m16_bottleneck_00,X,9101,12,WARM_JOINT,BUDGET_EXHAUSTED,0.3402847006103901,0.3402847006103883,0.004874473682786296,0.02893259873248472,0.168476870254775,22,21,64,64,768,2.694227695465088,19,22,24,0.7104525196050537,0,199,189,577,3947,14.45905613899231,4715,641,17.153283834457397,221,fits/tv2_m16_bottleneck_00__X__s9101/p011/WARM_JOINT/WINNER.json,46a831d79eb4b20f502dd2e5c6a0c9652a151f47cd1c2d08628fdf53babf52ea,d09292f06514f9f8eab8a348e430a2e40653df913a080e36f958e1f45f095244,False,,,145752,579,181804,19872,c0a8a537346bff769d54a8e4e003c46497468f8ec96bc83a2c404709350a7c7f,True,False
tv2_m16_bottleneck_00__X__s9101,tv2_m16_bottleneck_00,X,9101,13,FROZEN_LAYERWISE,BUDGET_EXHAUSTED,0.37278411763571917,0.3727841176357195,0.0001695358263469209,0.0008990502406098881,0.18857213834002537,22,21,64,64,832,2.8966856002807617,8,21,2,0.0,0,88,77,242,1322,4.895426988601685,2154,306,7.792112588882446,110,fits/tv2_m16_bottleneck_00__X__s9101/p012/FROZEN_LAYERWISE/WINNER.json,4fe7be8ad9dabc247438e9db9c4f24cc9f922fa12a14e77ce8d95a6e872146a7,b76dd2712d679446863552a2096335aa3f9e087432ec37b43deab6c3643a6f24,False,,,157898,579,196953,21528,37e8f75bfd7321473dbbeac9118a1c3b8dd02ad44ccb249e46a80580377647b8,True,True
tv2_m16_bottleneck_00__X__s9101,tv2_m16_bottleneck_00,X,9101,13,WARM_JOINT,BUDGET_EXHAUSTED,0.3401074284320309,0.3401074284320298,0.004888524087155173,0.029094747458975674,0.16802084616984955,22,21,64,64,832,2.5813887119293213,20,22,26,0.6241185264158846,0,221,210,641,4715,17.153283834457397,5547,705,19.73467254638672,243,fits/tv2_m16_bottleneck_00__X__s9101/p012/WARM_JOINT/WINNER.json,d09292f06514f9f8eab8a348e430a2e40653df913a080e36f958e1f45f095244,d7faf6ff12dff25d4ba4bce03fceef981a5bb22a5f45ab1c042f3bb4d1fe9321,False,,,157898,579,196953,21528,5bf5e9179d79ad8a1cc782196ed7c424025f16818b4ac460abbf4253a9e19a56,True,False
tv2_m16_bottleneck_00__X__s9101,tv2_m16_bottleneck_00,X,9101,14,FROZEN_LAYERWISE,CONVERGED,0.37270636964482406,0.3727063696448243,0.00018118931931727672,0.0009603248665673147,0.18867502615540793,18,17,52,64,728,2.3045835494995117,11,18,2,0.0,0,110,98,306,2154,7.792112588882446,2882,358,10.096696138381958,128,fits/tv2_m16_bottleneck_00__X__s9101/p013/FROZEN_LAYERWISE/WINNER.json,b76dd2712d679446863552a2096335aa3f9e087432ec37b43deab6c3643a6f24,9db432993014a2dd2bcf01f2c23fad51c2e1e386eb4587bc0f8d896016d266ce,False,,,170044,579,212102,23184,9583d0633f901760a76711fb5397f73c8e47ce8574f49043d405427d0d3d03af,True,True
tv2_m16_bottleneck_00__X__s9101,tv2_m16_bottleneck_00,X,9101,14,WARM_JOINT,BUDGET_EXHAUSTED,0.3400040444304785,0.34000404443047705,0.004924106155499202,0.02919199041678294,0.16868004151810956,22,21,64,64,896,2.884427785873413,19,22,28,0.4638794528977883,0,243,231,705,5547,19.73467254638672,6443,769,22.619100332260132,265,fits/tv2_m16_bottleneck_00__X__s9101/p013/WARM_JOINT/WINNER.json,d7faf6ff12dff25d4ba4bce03fceef981a5bb22a5f45ab1c042f3bb4d1fe9321,77f53d2a25add0a9acbdba3f60e4a63673b90ccde5ec8cdba9427724872c4437,False,,,170044,579,212102,23184,0ffa9e757ce23807a9454402020a36190a5407f6c73f2540c4721479758c5abc,True,False
tv2_m16_bottleneck_00__X__s9101,tv2_m16_bottleneck_00,X,9101,15,FROZEN_LAYERWISE,CONVERGED,0.37270636955454783,0.3727063695545475,0.00018120094412845967,0.0009603859373054239,0.18867513266266597,5,4,13,64,195,0.6622128486633301,3,5,2,0.0,0,128,115,358,2882,10.096696138381958,3077,371,10.758908987045288,133,fits/tv2_m16_bottleneck_00__X__s9101/p014/FROZEN_LAYERWISE/WINNER.json,9db432993014a2dd2bcf01f2c23fad51c2e1e386eb4587bc0f8d896016d266ce,af0a6c713ca4cbb644308f573f81d7cafae910bd00cbebababe5187fbd418269,False,,,182190,579,227251,24840,fcc28917bc0386451c1916c34c0d9e760ccd29855e036f68e7f19ca4316020ec,True,True
tv2_m16_bottleneck_00__X__s9101,tv2_m16_bottleneck_00,X,9101,15,WARM_JOINT,BUDGET_EXHAUSTED,0.3399907708184475,0.33999077081844686,0.004928603698947856,0.029214194995418555,0.1687057849692854,22,21,64,64,960,3.206878662109375,20,22,30,0.13504490580852896,0,265,252,769,6443,22.619100332260132,7403,833,25.825978994369507,287,fits/tv2_m16_bottleneck_00__X__s9101/p014/WARM_JOINT/WINNER.json,77f53d2a25add0a9acbdba3f60e4a63673b90ccde5ec8cdba9427724872c4437,d9b831ef37b8dce5fa88e20da0feb3a853db5c956574454a4ea1daef773441ed,False,,,182190,579,227251,24840,0570714895d00eb44593d8708bb55b917c8fef31090490323581185cee54cbb7,True,False
tv2_m16_bottleneck_00__X__s9101,tv2_m16_bottleneck_00,X,9101,16,FROZEN_LAYERWISE,CONVERGED,0.37270636955454794,0.3727063695545476,0.00018120094412845978,0.0009603859373054242,0.18867513266266606,4,3,10,64,160,0.5241527557373047,2,1,2,0.0,0,133,119,371,3077,10.758908987045288,3237,381,11.283061742782593,137,fits/tv2_m16_bottleneck_00__X__s9101/p015/FROZEN_LAYERWISE/WINNER.json,af0a6c713ca4cbb644308f573f81d7cafae910bd00cbebababe5187fbd418269,b221b37d5ea9d35f915283221551e2d01d9b9c7109ab6aad96244b3f7c0c4d34,True,aa2e049c06f29d85d74abab204e439415904df27c178a1d4f69e8cea083b6fd6,2.416190212695145e-16,194336,579,242400,26496,bb8a44fb93d19e4cae17168ea0b4396c38ae2a54bcfd12ca345247396e035f6b,True,True
tv2_m16_bottleneck_00__X__s9101,tv2_m16_bottleneck_00,X,9101,16,WARM_JOINT,BUDGET_EXHAUSTED,0.3399855724556916,0.33998557245569283,0.004934739743119084,0.02923093338788473,0.1688190957721649,22,21,64,64,1024,3.3749561309814453,18,22,32,0.09824454078350663,0,287,273,833,7403,25.825978994369507,8427,897,29.200935125350952,309,fits/tv2_m16_bottleneck_00__X__s9101/p015/WARM_JOINT/WINNER.json,d9b831ef37b8dce5fa88e20da0feb3a853db5c956574454a4ea1daef773441ed,6213eabc0f38e4be26233fce14cc0e21ab452e5dc53def7cdcb92127388ac46b,True,9396a65fc86d2cc0c0bf527ebf9c745dee50cc7356bfb4c946f00c66b8ce6e99,1.559322466582485e-16,194336,579,242400,26496,db9251a4a007e823aefccb4ef082cad24eaed60685ff96b79fc565bac6cccda2,True,False
tv2_m16_bottleneck_00__X__s9101,tv2_m16_bottleneck_00,X,9101,16,RANDOM_JOINT,BUDGET_EXHAUSTED,0.3624599972311147,0.36245999723111566,0.00020905391598688227,0.0012882769103394458,0.1622740532792744,21,21,63,64,1008,3.3228025436401367,11,21,32,4.924742703803183,0,0,0,0,0,0.0,1008,63,3.3228025436401367,21,,,b94900a0ab19e8eed844ffe0a86d31ad95f0b2ed90f0a21e57fd85ed9e8606e8,True,97d2a180f4c4ffb947f23ab26db2eaf4243da562e52c2068b791b8cc3462a417,1.6351551701922183e-16,194336,579,242400,26496,b4c52805b957ebb0f96c3a317aee2509374827d57d1937409053a71918ac6654,False,False
tv2_m16_bottleneck_00__X__s9101,tv2_m16_bottleneck_00,X,9101,17,FROZEN_LAYERWISE,CONVERGED,0.37270636943116014,0.37270636943115953,0.0001811876658354838,0.0009603156394884568,0.1886751172062545,5,4,13,68,221,0.7337501049041748,3,5,2,0.0,0,137,122,381,3237,11.283061742782593,3458,394,12.016811847686768,142,fits/tv2_m16_bottleneck_00__X__s9101/p016/FROZEN_LAYERWISE/WINNER.json,b221b37d5ea9d35f915283221551e2d01d9b9c7109ab6aad96244b3f7c0c4d34,38a7cc07e88495e178899a2127999b159ce7e567dd01bfaa32ff9b4cf2cf8e40,False,,,206482,579,257549,28152,308033060138cd411f8a360bd89588ebaba23607324ebe41e580d2ef5efee940,True,True
tv2_m16_bottleneck_00__X__s9101,tv2_m16_bottleneck_00,X,9101,17,WARM_JOINT,BUDGET_EXHAUSTED,0.3396919950979097,0.33969199509791054,0.004975079332341777,0.029692482313077306,0.16755349990225063,23,22,67,68,1139,3.920748710632324,15,23,34,0.992445740075157,0,309,294,897,8427,29.200935125350952,9566,964,33.121683835983276,332,fits/tv2_m16_bottleneck_00__X__s9101/p016/WARM_JOINT/WINNER.json,6213eabc0f38e4be26233fce14cc0e21ab452e5dc53def7cdcb92127388ac46b,b1db40a5e509a929dfdfd56d3cecf21b5900cfb40b786410c060302cb981161f,False,,,206482,579,257549,28152,df4c648e5bd259f902d78f07f105a8a0c5c13ce467900117b8129b644bed95b3,True,False
tv2_m16_bottleneck_00__X__s9101,tv2_m16_bottleneck_00,X,9101,18,FROZEN_LAYERWISE,CONVERGED,0.372706369348222,0.3727063693482217,0.00018119840651980207,0.0009603722216710686,0.18867518492414628,5,4,13,72,234,0.8338258266448975,3,5,2,0.0,0,142,126,394,3458,12.016811847686768,3692,407,12.850637674331665,147,fits/tv2_m16_bottleneck_00__X__s9101/p017/FROZEN_LAYERWISE/WINNER.json,38a7cc07e88495e178899a2127999b159ce7e567dd01bfaa32ff9b4cf2cf8e40,431a56309e558f58075856f2855e016f300eeea81481c328cacb6f98641bc979,False,,,218628,579,272698,29808,95a29f13ab52d8e03fcb914715acf2014a536193cc97944eb49b5ea487410b5b,True,True
tv2_m16_bottleneck_00__X__s9101,tv2_m16_bottleneck_00,X,9101,18,WARM_JOINT,BUDGET_EXHAUSTED,0.33071908931738814,0.3307190893173877,0.005922789934603336,0.03797133285661197,0.1559805645213741,24,23,70,72,1260,4.320170164108276,20,24,36,1.7563020666610016,0,332,316,964,9566,33.121683835983276,10826,1034,37.44185400009155,356,fits/tv2_m16_bottleneck_00__X__s9101/p017/WARM_JOINT/WINNER.json,b1db40a5e509a929dfdfd56d3cecf21b5900cfb40b786410c060302cb981161f,91d4b3d5d6a8762719f6cdacfc41b2d632c366602a7e8f23ab89fc760cecb73b,False,,,218628,579,272698,29808,61d0a48a4a9754e9318869878eaf9d701c0f866e91eb0cb48c60b6b8a7c9daf0,True,False
tv2_m16_bottleneck_00__X__s9101,tv2_m16_bottleneck_00,X,9101,19,FROZEN_LAYERWISE,CONVERGED,0.37270636910761024,0.37270636910761074,0.0001811796271952351,0.0009602725677858155,0.18867520876181731,5,4,13,76,247,0.8532195091247559,3,5,2,0.0,0,147,130,407,3692,12.850637674331665,3939,420,13.703857183456421,152,fits/tv2_m16_bottleneck_00__X__s9101/p018/FROZEN_LAYERWISE/WINNER.json,431a56309e558f58075856f2855e016f300eeea81481c328cacb6f98641bc979,7c5a613c7b7ad5addcc8d4e630779aaab16eb102eb976dd8851b44593700e8f8,False,,,230774,579,287847,31464,daafe6dfb57698983abafa581758e9f2e1af6e504c48fa31ced5a7fa03b6bbe8,True,True
tv2_m16_bottleneck_00__X__s9101,tv2_m16_bottleneck_00,X,9101,19,WARM_JOINT,BUDGET_EXHAUSTED,0.3050192719793572,0.3050192719793576,0.009711121430237757,0.06105615054153052,0.15905230421679192,26,25,76,76,1444,4.973874092102051,19,26,38,1.4042310239954623,0,356,339,1034,10826,37.44185400009155,12270,1110,42.4157280921936,382,fits/tv2_m16_bottleneck_00__X__s9101/p018/WARM_JOINT/WINNER.json,91d4b3d5d6a8762719f6cdacfc41b2d632c366602a7e8f23ab89fc760cecb73b,60fa87ff7d047fea9432ee4b21fd51e4608143f7e170708f052b77021017eadd,False,,,230774,579,287847,31464,4184bb9373d50cc9427676981a86ff225923b81105b1b21e05c3b243f02f8b2d,True,False
tv2_m16_bottleneck_00__X__s9101,tv2_m16_bottleneck_00,X,9101,20,FROZEN_LAYERWISE,CONVERGED,0.3727063688016159,0.3727063688016153,0.00018120213648634747,0.0009603909535530201,0.1886753887216243,4,3,10,80,200,0.695000410079956,2,4,2,0.0,0,152,134,420,3939,13.703857183456421,4139,430,14.398857593536377,156,fits/tv2_m16_bottleneck_00__X__s9101/p019/FROZEN_LAYERWISE/WINNER.json,7c5a613c7b7ad5addcc8d4e630779aaab16eb102eb976dd8851b44593700e8f8,d2726a22f9a2a8d4bad3588edd19edbc616d3f2e6884067a84f1433a7bf0f899,False,,,242920,579,302996,33120,ea2bde279fbae6cc033a46eb90644f02fd55ed2553b48e576c4f56ffe8102f92,True,True
tv2_m16_bottleneck_00__X__s9101,tv2_m16_bottleneck_00,X,9101,20,WARM_JOINT,BUDGET_EXHAUSTED,0.2456830162627064,0.24568301626270508,0.01766149846958765,0.11133073821921805,0.15863991160115115,27,26,79,80,1580,5.432738542556763,22,27,40,2.4001317213152626,0,382,364,1110,12270,42.4157280921936,13850,1189,47.848466634750366,409,fits/tv2_m16_bottleneck_00__X__s9101/p019/WARM_JOINT/WINNER.json,60fa87ff7d047fea9432ee4b21fd51e4608143f7e170708f052b77021017eadd,27daf6be344341b9a6c340e70e3b509229db7569a2d2ac6571e55288c63f31ee,False,,,242920,579,302996,33120,37f30de45cecaa7e473d96f23849ef58bc9a455edf29f7d5dd989710a45df0e4,True,False
tv2_m16_bottleneck_00__X__s9101,tv2_m16_bottleneck_00,X,9101,21,FROZEN_LAYERWISE,CONVERGED,0.3727063672295766,0.3727063672295764,0.00018115610052726167,0.0009601452954588842,0.1886757154193849,5,4,13,84,273,0.9171938896179199,3,5,2,0.0,0,156,137,430,4139,14.398857593536377,4412,443,15.316051483154297,161,fits/tv2_m16_bottleneck_00__X__s9101/p020/FROZEN_LAYERWISE/WINNER.json,d2726a22f9a2a8d4bad3588edd19edbc616d3f2e6884067a84f1433a7bf0f899,a4557de0943a9e9b955edcc9249d61ef00dfe4198b582ebec918371b3f15a566,False,,,255066,579,318145,34776,0d3987e4bcd875884bc61651ab4c43458dd8f3480a401bd4da0a97a99c14744e,True,True
tv2_m16_bottleneck_00__X__s9101,tv2_m16_bottleneck_00,X,9101,21,WARM_JOINT,BUDGET_EXHAUSTED,0.2228971569639255,0.2228971569639268,0.020875067471501856,0.136614249208642,0.15280300255956997,28,27,82,84,1722,5.905785083770752,25,28,42,1.170925840789283,0,409,390,1189,13850,47.848466634750366,15572,1271,53.75425171852112,437,fits/tv2_m16_bottleneck_00__X__s9101/p020/WARM_JOINT/WINNER.json,27daf6be344341b9a6c340e70e3b509229db7569a2d2ac6571e55288c63f31ee,0b016da26c0b7f2dd78dcb5e8171b988f263dd005cf23f6d9c5482827bf0b481,False,,,255066,579,318145,34776,a31423e9b285ac6af89df694b88a0046c5e9659c3d915ae48c8de9df6f13947d,True,False
tv2_m16_bottleneck_00__X__s9101,tv2_m16_bottleneck_00,X,9101,22,FROZEN_LAYERWISE,CONVERGED,0.3727063672295766,0.3727063672295764,0.00018115610052726167,0.000960145295458884,0.18867571541938494,4,3,10,88,220,0.7652907371520996,2,1,2,0.0,0,161,141,443,4412,15.316051483154297,4632,453,16.081342220306396,165,fits/tv2_m16_bottleneck_00__X__s9101/p021/FROZEN_LAYERWISE/WINNER.json,a4557de0943a9e9b955edcc9249d61ef00dfe4198b582ebec918371b3f15a566,42c0b4c8590760d3c62f6053083ac4d85a06ad19ce9a377b0627511462ea9f77,False,,,267212,579,333294,36432,58f04b4e854e1df16eb117c00faf06c4564d073cb9a3e640a8466fddd00c983a,True,True
tv2_m16_bottleneck_00__X__s9101,tv2_m16_bottleneck_00,X,9101,22,WARM_JOINT,BUDGET_EXHAUSTED,0.20810809365759317,0.20810809365759217,0.022360715944500568,0.14721975761948958,0.1518866509907931,30,29,88,88,1936,6.6351988315582275,26,30,44,1.6339681131317834,0,437,417,1271,15572,53.75425171852112,17508,1359,60.389450550079346,467,fits/tv2_m16_bottleneck_00__X__s9101/p021/WARM_JOINT/WINNER.json,0b016da26c0b7f2dd78dcb5e8171b988f263dd005cf23f6d9c5482827bf0b481,af325b5628c093af198028c532c6b9988bfd8e8986afd17cc47c695f7ed2cda2,False,,,267212,579,333294,36432,1d86555900a8d389aced726691df5ba747108cce49a745aff36c5751c53f2980,True,False
tv2_m16_bottleneck_00__X__s9101,tv2_m16_bottleneck_00,X,9101,23,FROZEN_LAYERWISE,CONVERGED,0.3727063666550933,0.37270636665509377,0.00018118465106216512,0.0009602966693801273,0.18867570495596953,5,4,13,92,299,1.0242083072662354,3,5,2,0.0,0,165,144,453,4632,16.081342220306396,4931,466,17.105550527572632,170,fits/tv2_m16_bottleneck_00__X__s9101/p022/FROZEN_LAYERWISE/WINNER.json,42c0b4c8590760d3c62f6053083ac4d85a06ad19ce9a377b0627511462ea9f77,122265c4921aa94e835231828680cd495c0fd4e3edf508a7e5fbc5a300c34785,False,,,279358,579,348443,38088,0e2a984331c4ab5d4c6769d45f3159fcbd2a123abc50b6334514f5ac24f0a9bf,True,True
tv2_m16_bottleneck_00__X__s9101,tv2_m16_bottleneck_00,X,9101,23,WARM_JOINT,BUDGET_EXHAUSTED,0.20170841930663602,0.20170841930663544,0.023282178607078517,0.1526982356872052,0.1524718245911558,31,30,91,92,2093,7.179359436035156,27,31,46,0.9751740165300746,0,467,446,1359,17508,60.389450550079346,19601,1450,67.5688099861145,498,fits/tv2_m16_bottleneck_00__X__s9101/p022/WARM_JOINT/WINNER.json,af325b5628c093af198028c532c6b9988bfd8e8986afd17cc47c695f7ed2cda2,3a8ed9c8e4840fb6204b8f86dc4065373dc6fd77d7604dd38120ab1962664bbc,False,,,279358,579,348443,38088,22d7d8dcd9c0dc3a8883c0fe6aab241524c9e0b8b3a7f756dff45fe9ecf8b4e1,True,False
tv2_m16_bottleneck_00__X__s9101,tv2_m16_bottleneck_00,X,9101,24,FROZEN_LAYERWISE,CONVERGED,0.3727063660501753,0.3727063660501718,0.00018115685071740868,0.00096014830464346,0.1886759054213809,4,3,10,96,240,0.8383541107177734,2,4,2,0.0,0,170,148,466,4931,17.105550527572632,5171,476,17.943904638290405,174,fits/tv2_m16_bottleneck_00__X__s9101/p023/FROZEN_LAYERWISE/WINNER.json,122265c4921aa94e835231828680cd495c0fd4e3edf508a7e5fbc5a300c34785,7ad756753d051a9f524a2c6adaffc14b2bcb2b4340083887d4fbdee1def2bb04,False,,,291504,579,363592,39744,5a1da5d6a85b8426124f0a7024a79b71d0da6ecf4a14a83a9122935b140a90b5,True,True
tv2_m16_bottleneck_00__X__s9101,tv2_m16_bottleneck_00,X,9101,24,WARM_JOINT,BUDGET_EXHAUSTED,0.20040898258169004,0.200408982581691,0.02349203831682675,0.15341932440552694,0.15312307238905065,32,31,94,96,2256,7.427736520767212,29,32,48,1.4106614137484983,0,498,476,1450,19601,67.5688099861145,21857,1544,74.99654650688171,530,fits/tv2_m16_bottleneck_00__X__s9101/p023/WARM_JOINT/WINNER.json,3a8ed9c8e4840fb6204b8f86dc4065373dc6fd77d7604dd38120ab1962664bbc,e03ae2d8c1840806a8b7e7ea694f55b900a67ad78844594f107983405b00ad3a,False,,,291504,579,363592,39744,2eb2d0f4e1e0d963cf7fbc226df78c042fd2a799c8af3a8d5e514dee939af35e,True,False
tv2_m16_bottleneck_00__X__s9101,tv2_m16_bottleneck_00,X,9101,25,FROZEN_LAYERWISE,CONVERGED,0.3727063657810687,0.3727063657810699,0.00018117591461548467,0.0009602496143477422,0.1886758525162751,5,4,13,100,325,1.1150708198547363,3,5,2,0.0,0,174,151,476,5171,17.943904638290405,5496,489,19.05897545814514,179,fits/tv2_m16_bottleneck_00__X__s9101/p024/FROZEN_LAYERWISE/WINNER.json,7ad756753d051a9f524a2c6adaffc14b2bcb2b4340083887d4fbdee1def2bb04,36ed8449436b6215eca2c8a3ae643f0de589257db1a5f7b13ba0f8296cd9ab1a,False,,,303650,579,378741,41400,1910371d21a8562b10cb1580f870b6cabf85ff10c6fc64c6bd7960d109d573bf,True,True
tv2_m16_bottleneck_00__X__s9101,tv2_m16_bottleneck_00,X,9101,25,WARM_JOINT,BUDGET_EXHAUSTED,0.20023068716474654,0.2002306871647469,0.023492617321362166,0.15328172704218196,0.1532643047197477,34,33,100,100,2500,8.005447149276733,31,34,50,0.3564303342583557,0,530,507,1544,21857,74.99654650688171,24357,1644,83.00199365615845,564,fits/tv2_m16_bottleneck_00__X__s9101/p024/WARM_JOINT/WINNER.json,e03ae2d8c1840806a8b7e7ea694f55b900a67ad78844594f107983405b00ad3a,f839f09d8f8678a16f16777a1b0c28004a4a8ef948e3705a8de5937b621be7e7,False,,,303650,579,378741,41400,2cd92430c1ce622c0d157ae0733246b9aef9421b926368ba23d89c75a2347160,True,False
tv2_m16_bottleneck_00__X__s9101,tv2_m16_bottleneck_00,X,9101,26,FROZEN_LAYERWISE,CONVERGED,0.37270636567673,0.37270636567672977,0.00018118827748302233,0.0009603151043363864,0.1886758592724939,4,3,10,104,260,0.8568787574768066,2,4,2,0.0,0,179,155,489,5496,19.05897545814514,5756,499,19.91585421562195,183,fits/tv2_m16_bottleneck_00__X__s9101/p025/FROZEN_LAYERWISE/WINNER.json,36ed8449436b6215eca2c8a3ae643f0de589257db1a5f7b13ba0f8296cd9ab1a,038aac997d5d20ba8ae5d39c2ef7731640922a91ad0b7692d256fefafaade9b1,False,,,315796,579,393890,43056,788792ef39909a0909fa4fa0dd07fdb7e0ff6399e1e7496afb6cab0be81e16f2,True,True
tv2_m16_bottleneck_00__X__s9101,tv2_m16_bottleneck_00,X,9101,26,WARM_JOINT,BUDGET_EXHAUSTED,0.20018946419903932,0.20018946419903927,0.023500538641302835,0.15332083458847523,0.1532768765861474,35,34,103,104,2678,8.814624071121216,31,35,52,0.12689905410329505,0,564,540,1644,24357,83.00199365615845,27035,1747,91.81661772727966,599,fits/tv2_m16_bottleneck_00__X__s9101/p025/WARM_JOINT/WINNER.json,f839f09d8f8678a16f16777a1b0c28004a4a8ef948e3705a8de5937b621be7e7,929d93af701aa92edf84f066793505fc11dee40f00c92f1744005fbe994e7984,False,,,315796,579,393890,43056,e7c978a1dbe70cc89d5dac0cc3c73e82cd65bfd4825de20bbd9f1295da096809,True,False
tv2_m16_bottleneck_00__X__s9101,tv2_m16_bottleneck_00,X,9101,27,FROZEN_LAYERWISE,CONVERGED,0.37270636567673,0.3727063656767299,0.00018118827748302233,0.0009603151043363864,0.1886758592724939,5,4,13,108,351,1.1746811866760254,3,1,2,0.0,0,183,158,499,5756,19.91585421562195,6107,512,21.090535402297974,188,fits/tv2_m16_bottleneck_00__X__s9101/p026/FROZEN_LAYERWISE/WINNER.json,038aac997d5d20ba8ae5d39c2ef7731640922a91ad0b7692d256fefafaade9b1,da4e05436bd9852d23b8121219bc733481dc520519b80ed28de48e961e979bc7,False,,,327942,579,409039,44712,3cd1df517f8f10f95cec1e35a8e5c976cb991c624a15a8278520d12665edf7ce,True,True
tv2_m16_bottleneck_00__X__s9101,tv2_m16_bottleneck_00,X,9101,27,WARM_JOINT,BUDGET_EXHAUSTED,0.20001121037830566,0.20001121037830638,0.023570877579861645,0.15420785820243066,0.15285133880090498,36,35,106,108,2862,9.578554630279541,31,36,54,0.6151797647656198,0,599,574,1747,27035,91.81661772727966,29897,1853,101.3951723575592,635,fits/tv2_m16_bottleneck_00__X__s9101/p026/WARM_JOINT/WINNER.json,929d93af701aa92edf84f066793505fc11dee40f00c92f1744005fbe994e7984,8fee63c139e2e05868b511a41adf72c663d020bfd094ca19c8bf2c8a2559986b,False,,,327942,579,409039,44712,063bc9ea1d8a88a0043ca83135de32e9650692fedf0f330c84f3b4efb5b49f83,True,False
tv2_m16_bottleneck_00__X__s9101,tv2_m16_bottleneck_00,X,9101,28,FROZEN_LAYERWISE,CONVERGED,0.37270636565187254,0.3727063656518728,0.00018118231385262203,0.000960283460462217,0.18867586635868208,5,4,13,112,364,1.2247624397277832,3,5,2,0.0,0,188,162,512,6107,21.090535402297974,6471,525,22.315297842025757,193,fits/tv2_m16_bottleneck_00__X__s9101/p027/FROZEN_LAYERWISE/WINNER.json,da4e05436bd9852d23b8121219bc733481dc520519b80ed28de48e961e979bc7,8b93e79ec6e9b7a4c69c837aa713080b729e7b517e8b4adebb4d0850289ab954,False,,,340088,579,424188,46368,074162b732342940e4e57f59a68278bec70afdea936b5454a990589a622326ca,True,True
tv2_m16_bottleneck_00__X__s9101,tv2_m16_bottleneck_00,X,9101,28,WARM_JOINT,BUDGET_EXHAUSTED,0.1800128632330156,0.18001286323301635,0.025977168861290926,0.16959442890121698,0.15317230070347268,38,37,112,112,3136,10.576867818832397,30,38,56,1.5417727760342004,0,635,609,1853,29897,101.3951723575592,33033,1965,111.9720401763916,673,fits/tv2_m16_bottleneck_00__X__s9101/p027/WARM_JOINT/WINNER.json,8fee63c139e2e05868b511a41adf72c663d020bfd094ca19c8bf2c8a2559986b,fefc3ee5e913438361c03cc344c790b1616f63b883db50d33c5401689814aa0d,False,,,340088,579,424188,46368,72f3be8f9daace8ef30be9b38dc22562d75cda6b1eba1dffdf52c3f385e04111,True,False
tv2_m16_bottleneck_00__X__s9101,tv2_m16_bottleneck_00,X,9101,29,FROZEN_LAYERWISE,CONVERGED,0.3727063656187177,0.3727063656187168,0.00018117552414158658,0.0009602473711175349,0.18867588664234997,5,4,13,116,377,1.3106005191802979,3,5,2,0.0,0,193,166,525,6471,22.315297842025757,6848,538,23.625898361206055,198,fits/tv2_m16_bottleneck_00__X__s9101/p028/FROZEN_LAYERWISE/WINNER.json,8b93e79ec6e9b7a4c69c837aa713080b729e7b517e8b4adebb4d0850289ab954,25472e5902cb346ce230c0d5edc4bcd44dfddb29ce51cdf16d3fa0cd72dd44b8,False,,,352234,579,439337,48024,beabd57a8a1e1634fdcc6fe12569cacc6d041e78b4555b38190bf247fcea711e,True,True
tv2_m16_bottleneck_00__X__s9101,tv2_m16_bottleneck_00,X,9101,29,WARM_JOINT,BUDGET_EXHAUSTED,0.17770424311350289,0.17770424311350258,0.026254998597866154,0.17206057860247476,0.152591597744915,39,38,115,116,3335,11.400799036026001,36,39,58,1.0719865948656917,0,673,646,1965,33033,111.9720401763916,36368,2080,123.3728392124176,712,fits/tv2_m16_bottleneck_00__X__s9101/p028/WARM_JOINT/WINNER.json,fefc3ee5e913438361c03cc344c790b1616f63b883db50d33c5401689814aa0d,0666f632d38f36ad3a44048d41f0fd9684b6621695558a41d238e10b92706565,False,,,352234,579,439337,48024,1319ddb092f1067cab7349d64884727f56aeb80c643ebdf14a0942d5a9527f51,True,False
tv2_m16_bottleneck_00__X__s9101,tv2_m16_bottleneck_00,X,9101,30,FROZEN_LAYERWISE,CONVERGED,0.37270636555938325,0.3727063655593845,0.000181166598489398,0.0009601998332246082,0.18867593205155228,5,4,13,120,390,1.3311481475830078,3,5,2,0.0,0,198,170,538,6848,23.625898361206055,7238,551,24.957046508789062,203,fits/tv2_m16_bottleneck_00__X__s9101/p029/FROZEN_LAYERWISE/WINNER.json,25472e5902cb346ce230c0d5edc4bcd44dfddb29ce51cdf16d3fa0cd72dd44b8,f8e05df6385c04e402f5861951af3b9865287251f9879df2bad5c356e6bdb7fc,False,,,364380,579,454486,49680,ca1df5960c7c46d7c619abb2da9d64edaa6bdfb5aebaa775b72870fe05a53935,True,True
tv2_m16_bottleneck_00__X__s9101,tv2_m16_bottleneck_00,X,9101,30,WARM_JOINT,BUDGET_EXHAUSTED,0.15855017260802257,0.15855017260802226,0.028555092139118117,0.19206078039300628,0.14867737223959507,40,39,118,120,3540,12.087493658065796,33,40,60,0.9702208553179434,0,712,684,2080,36368,123.3728392124176,39908,2198,135.4603328704834,752,fits/tv2_m16_bottleneck_00__X__s9101/p029/WARM_JOINT/WINNER.json,0666f632d38f36ad3a44048d41f0fd9684b6621695558a41d238e10b92706565,44eff7b7b13eff288dce014294da442f1e48e21451d8905513f4a1d8af309332,False,,,364380,579,454486,49680,0e9cd9f542ac4ab56b67399d95dd2fd2e9c34c847038b630407ee20f557bad67,True,False
tv2_m16_bottleneck_00__X__s9101,tv2_m16_bottleneck_00,X,9101,31,FROZEN_LAYERWISE,CONVERGED,0.3727063655452506,0.37270636554524983,0.00018116259024931263,0.0009601784666266142,0.1886759561332274,4,3,10,124,310,1.0564818382263184,2,4,2,0.0,0,203,174,551,7238,24.957046508789062,7548,561,26.01352834701538,207,fits/tv2_m16_bottleneck_00__X__s9101/p030/FROZEN_LAYERWISE/WINNER.json,f8e05df6385c04e402f5861951af3b9865287251f9879df2bad5c356e6bdb7fc,bebe04c44b804027877c4864a77aab1a95a1fbd82f6eaef60a8d8e9642540b9b,False,,,376526,579,469635,51336,d1a47bcee8df0b1d946369065a1fc924f4562c996112a7aa142635d99eb6a9ec,True,True
tv2_m16_bottleneck_00__X__s9101,tv2_m16_bottleneck_00,X,9101,31,WARM_JOINT,BUDGET_EXHAUSTED,0.10309573062367419,0.10309573062367394,0.03768911226055387,0.2605262250608693,0.14466532976382007,42,41,124,124,3844,12.993642807006836,38,42,62,1.543538564884194,0,752,723,2198,39908,135.4603328704834,43752,2322,148.45397567749023,794,fits/tv2_m16_bottleneck_00__X__s9101/p030/WARM_JOINT/WINNER.json,44eff7b7b13eff288dce014294da442f1e48e21451d8905513f4a1d8af309332,c5f6d9a10ee634fbaee6c066d8ac638fec24770fd1aeaf583b0aceb5fedec1d8,False,,,376526,579,469635,51336,6ce91929f83007527f0cd7950074f701981a02da2bbde766d0934f0674a5e2f3,True,False
tv2_m16_bottleneck_00__X__s9101,tv2_m16_bottleneck_00,X,9101,32,FROZEN_LAYERWISE,CONVERGED,0.37270636547589286,0.37270636547589076,0.0001811724643349161,0.00096023098873977,0.18867591908556414,5,4,13,128,416,1.4458732604980469,3,5,2,0.0,0,207,177,561,7548,26.01352834701538,7964,574,27.459401607513428,212,fits/tv2_m16_bottleneck_00__X__s9101/p031/FROZEN_LAYERWISE/WINNER.json,bebe04c44b804027877c4864a77aab1a95a1fbd82f6eaef60a8d8e9642540b9b,3b1032331a03fa06588e06251e5690035d685aacc315dbc21acbdace5855e7aa,True,f84323ccd2542f6be308dce11593d2bf1c9a943310c009aa1fbc6fec0fdb64e9,3.757789049102939e-16,388672,579,484784,52992,006bdf2ed6f978cb8aec2157866a4afc02e36650e6a5e317bde1bf82a87a5fbf,True,True
tv2_m16_bottleneck_00__X__s9101,tv2_m16_bottleneck_00,X,9101,32,WARM_JOINT,BUDGET_EXHAUSTED,0.07237673390956703,0.07237673390956781,0.043032772533530037,0.3014907467756459,0.14273331103442732,43,42,127,128,4064,13.875051259994507,38,43,64,1.580649962423085,0,794,764,2322,43752,148.45397567749023,47816,2449,162.32902693748474,837,fits/tv2_m16_bottleneck_00__X__s9101/p031/WARM_JOINT/WINNER.json,c5f6d9a10ee634fbaee6c066d8ac638fec24770fd1aeaf583b0aceb5fedec1d8,3488ca45e1c700d727b0336e82401562b4ec149da5e3010818c1856024e5b38f,True,e703161bd0125f19e6bd48a0ca04fd40b00b68767a8a8abd670c88d240fef584,2.242025235105681e-16,388672,579,484784,52992,0c02288399cf884c167b603ab633c55a2f0dce678046f8e60522bf9e94bd6f7f,True,False
tv2_m16_bottleneck_00__X__s9101,tv2_m16_bottleneck_00,X,9101,32,RANDOM_JOINT,BUDGET_EXHAUSTED,0.20933226920942258,0.20933226920942286,0.02166150569550088,0.15569748034292033,0.13912560208291028,42,42,126,128,4032,13.452054262161255,36,42,64,3.0599518672382464,0,0,0,0,0,0.0,4032,126,13.452054262161255,42,,,fa0fbef9926e4467bf353987672cad81cab12c57badd5b7145d44c6929a79b51,True,39e553c8836392810bec23f6e199ddf74ec836dc206dd80959b3abd53e824200,8.163159687020607e-16,388672,579,484784,52992,ac86042d4012470279a5569dcd317b214348a1b90b7537333626491841f18c24,False,False
tv2_m16_bottleneck_00__X__s9101,tv2_m16_bottleneck_00,X,9101,33,FROZEN_LAYERWISE,CONVERGED,0.37270636533485774,0.3727063653348568,0.00018118674840908992,0.0009603066945740211,0.1886759193004084,4,3,10,132,330,3.7630209922790527,2,4,2,0.0,0,212,181,574,7964,27.459401607513428,8294,584,31.22242259979248,216,fits/tv2_m16_bottleneck_00__X__s9101/p032/FROZEN_LAYERWISE/WINNER.json,3b1032331a03fa06588e06251e5690035d685aacc315dbc21acbdace5855e7aa,b7333fc08a80c971fe403710f6465ce37effe42bd3b7eb0185e964bdc26443b1,False,,,400818,579,499933,54648,142ec1580cb2ab4f3b95cc236c1a78a8ff0611d7fdf45e09e37a58c90e762946,True,True
tv2_m16_bottleneck_00__X__s9101,tv2_m16_bottleneck_00,X,9101,33,WARM_JOINT,BUDGET_EXHAUSTED,0.023731268948133974,0.02373126894813367,0.05000665597625712,0.34820533592702474,0.14361254931124112,44,43,130,132,4290,17.961055040359497,38,44,66,1.4042520663229388,0,837,806,2449,47816,162.32902693748474,52106,2579,180.29008197784424,881,fits/tv2_m16_bottleneck_00__X__s9101/p032/WARM_JOINT/WINNER.json,3488ca45e1c700d727b0336e82401562b4ec149da5e3010818c1856024e5b38f,3f04d181bb4b28b8eef2b013e823b306fa1013b4423152d79c861460ce17a9bf,False,,,400818,579,499933,54648,699a58cceb3e123c07711f4bdfb38f6a1189ee48247f9cd28b0292c2a363e77d,True,False
tv2_m16_bottleneck_00__X__s9101,tv2_m16_bottleneck_00,X,9101,34,FROZEN_LAYERWISE,CONVERGED,0.3727063651637442,0.3727063651637431,0.0001812031251579783,0.0009603928668097412,0.18867604229496593,4,3,10,136,340,1.3874716758728027,2,4,2,0.0,0,216,184,584,8294,31.22242259979248,8634,594,32.60989427566528,220,fits/tv2_m16_bottleneck_00__X__s9101/p033/FROZEN_LAYERWISE/WINNER.json,b7333fc08a80c971fe403710f6465ce37effe42bd3b7eb0185e964bdc26443b1,0da318361864a674268914669bacd9b992953f8a09db2e09dc5e3ff38a910e5d,False,,,412964,579,515082,56304,16d746ef8b5cd1b7ad6495100711ef745bb012258c82a9edfb72c93f70eef5f2,True,True
tv2_m16_bottleneck_00__X__s9101,tv2_m16_bottleneck_00,X,9101,34,WARM_JOINT,BUDGET_EXHAUSTED,0.0010128137403416781,0.001012813740341234,0.052391558187897175,0.3621177149738752,0.14468101399479155,46,45,136,136,4624,19.435271739959717,40,46,68,0.9962601416889565,0,881,849,2579,52106,180.29008197784424,56730,2715,199.72535371780396,927,fits/tv2_m16_bottleneck_00__X__s9101/p033/WARM_JOINT/WINNER.json,3f04d181bb4b28b8eef2b013e823b306fa1013b4423152d79c861460ce17a9bf,e464b44cb4bd70d4a6d4a9f8855bff0eaeab2b45d361139cb9d9dcb7622a6d7e,False,,,412964,579,515082,56304,de189ae2691f639fe10b8297e8fffc701213b70d5ea1a23a889304b0508eec48,True,False
tv2_m16_bottleneck_00__X__s9101,tv2_m16_bottleneck_00,X,9101,35,FROZEN_LAYERWISE,CONVERGED,0.3727063651637442,0.3727063651637431,0.0001812031251579783,0.0009603928668097414,0.18867604229496587,5,4,13,140,455,1.8904361724853516,3,1,2,0.0,0,220,187,594,8634,32.60989427566528,9089,607,34.500330448150635,225,fits/tv2_m16_bottleneck_00__X__s9101/p034/FROZEN_LAYERWISE/WINNER.json,0da318361864a674268914669bacd9b992953f8a09db2e09dc5e3ff38a910e5d,eb063dc25e28595164d76645a7fe7037b531680d889e4d4f4d5ae691d891ab32,False,,,425110,579,530231,57960,42b522dfaf49386db668f4d2b087ee25f7e14978edcccb418d6d846aacd69efd,True,True
tv2_m16_bottleneck_00__X__s9101,tv2_m16_bottleneck_00,X,9101,35,WARM_JOINT,BUDGET_EXHAUSTED,-0.06499453077729309,-0.06499453077729289,0.05932555062485115,0.40878931280202546,0.14512500392490008,47,46,139,140,4865,20.250760555267334,39,47,70,1.6627656693430244,0,927,894,2715,56730,199.72535371780396,61595,2854,219.9761142730713,974,fits/tv2_m16_bottleneck_00__X__s9101/p034/WARM_JOINT/WINNER.json,e464b44cb4bd70d4a6d4a9f8855bff0eaeab2b45d361139cb9d9dcb7622a6d7e,1aa3d580be4b2552bbc3979f2c08385f003ed75eb58cd74404029c8010c60ce1,False,,,425110,579,530231,57960,19e8a9b4931c9a9d7c501ebef725b315a26f119483404a168ccb62d6c3c7fabb,True,False
tv2_m16_bottleneck_00__X__s9101,tv2_m16_bottleneck_00,X,9101,36,FROZEN_LAYERWISE,CONVERGED,0.37270636515438604,0.3727063651543867,0.000181199462172537,0.0009603737349836358,0.18867598682884068,4,3,10,144,360,1.5349831581115723,2,4,2,0.0,0,225,191,607,9089,34.500330448150635,9449,617,36.03531360626221,229,fits/tv2_m16_bottleneck_00__X__s9101/p035/FROZEN_LAYERWISE/WINNER.json,eb063dc25e28595164d76645a7fe7037b531680d889e4d4f4d5ae691d891ab32,719b90988a9406fc09cd06b900f69b40dfe90c1751d267785ea9851041016935,False,,,437256,579,545380,59616,595ac01518b7613092dff28a5461190776cdf99c0098f1094634d84846d924d4,True,True
tv2_m16_bottleneck_00__X__s9101,tv2_m16_bottleneck_00,X,9101,36,WARM_JOINT,BUDGET_EXHAUSTED,-0.10586087639551223,-0.10586087639551281,0.06494093320803057,0.43427015915460193,0.14954039976970035,48,47,142,144,5112,21.526952981948853,42,48,72,0.534861429480533,0,974,940,2854,61595,219.9761142730713,66707,2996,241.50306725502014,1022,fits/tv2_m16_bottleneck_00__X__s9101/p035/WARM_JOINT/WINNER.json,1aa3d580be4b2552bbc3979f2c08385f003ed75eb58cd74404029c8010c60ce1,942e3425e7e77398ea0badf3dff082fdd6f162323e65846e9229867f65457118,False,,,437256,579,545380,59616,d890d85b29f95caaed1390dbb821a6e0aa2aa82750e45f7f17f628ffb3438d54,True,False
tv2_m16_bottleneck_00__X__s9101,tv2_m16_bottleneck_00,X,9101,37,FROZEN_LAYERWISE,CONVERGED,0.3727063648138367,0.37270636481383534,0.00018117668667404037,0.0009602555905778292,0.1886754822901038,5,4,13,148,481,2.004364490509033,3,5,2,0.0,0,229,194,617,9449,36.03531360626221,9930,630,38.03967809677124,234,fits/tv2_m16_bottleneck_00__X__s9101/p036/FROZEN_LAYERWISE/WINNER.json,719b90988a9406fc09cd06b900f69b40dfe90c1751d267785ea9851041016935,ee723e81d319bae49d7133e95df91a8f8c9a0861cf0ee23d087b425755a0fb05,False,,,449402,579,560529,61272,5b63a610234411ac4a01a973f077975e7e7377b6825633e53d3671c616841bf1,True,True
tv2_m16_bottleneck_00__X__s9101,tv2_m16_bottleneck_00,X,9101,37,WARM_JOINT,BUDGET_EXHAUSTED,-0.14235273747876676,-0.14235273747876825,0.06834231717730743,0.46008487753818167,0.14854284614393964,50,49,148,148,5476,22.835705041885376,45,50,74,1.5359785767406624,0,1022,987,2996,66707,241.50306725502014,72183,3144,264.3387722969055,1072,fits/tv2_m16_bottleneck_00__X__s9101/p036/WARM_JOINT/WINNER.json,942e3425e7e77398ea0badf3dff082fdd6f162323e65846e9229867f65457118,8eba450c07b68d3f9e95457e41e8b09e4919d5f3cc73cf2b60c77e4e9ad84194,False,,,449402,579,560529,61272,fc5535913a1bd7c2f2d90f55a0857205633e673d3a831a65b36a8980a9d96c79,True,False
tv2_m16_bottleneck_00__X__s9101,tv2_m16_bottleneck_00,X,9101,38,FROZEN_LAYERWISE,CONVERGED,0.37270636454469613,0.3727063645446953,0.00018119711378963442,0.0009603621806274634,0.18867581152690463,5,4,13,152,494,2.0866994857788086,3,5,2,0.0,0,234,198,630,9930,38.03967809677124,10424,643,40.12637758255005,239,fits/tv2_m16_bottleneck_00__X__s9101/p037/FROZEN_LAYERWISE/WINNER.json,ee723e81d319bae49d7133e95df91a8f8c9a0861cf0ee23d087b425755a0fb05,9b7e816cafc8c2741ccb158f4fdf62e929de04769f3d08ac62d3f583c6dcd6c5,False,,,461548,579,575678,62928,dc7be33057c75ebd38c4af1221881f37e09160cd3dc3e04ac56d065e440d1d36,True,True
tv2_m16_bottleneck_00__X__s9101,tv2_m16_bottleneck_00,X,9101,38,WARM_JOINT,BUDGET_EXHAUSTED,-0.14361500482336836,-0.1436150048233688,0.06867644264177848,0.46059088262185344,0.1491050848658723,51,50,151,152,5738,24.264795780181885,43,51,76,0.7710549529632433,0,1072,1036,3144,72183,264.3387722969055,77921,3295,288.6035680770874,1123,fits/tv2_m16_bottleneck_00__X__s9101/p037/WARM_JOINT/WINNER.json,8eba450c07b68d3f9e95457e41e8b09e4919d5f3cc73cf2b60c77e4e9ad84194,02f2795d1e1b4284102ba8b1fa18db3a03668a00f9708ee7e2bd4b33bf27f4dd,False,,,461548,579,575678,62928,82ce4ee68bab326f72ead475070ed746fc02cdcf21e0e0ad711e84a9a783af93,True,False
tv2_m16_bottleneck_00__X__s9101,tv2_m16_bottleneck_00,X,9101,39,FROZEN_LAYERWISE,CONVERGED,0.3727063642146283,0.37270636421462755,0.00018117410330198327,0.0009602428604476583,0.1886752932664568,5,4,13,156,507,2.1353771686553955,3,5,2,0.0,0,239,202,643,10424,40.12637758255005,10931,656,42.261754751205444,244,fits/tv2_m16_bottleneck_00__X__s9101/p038/FROZEN_LAYERWISE/WINNER.json,9b7e816cafc8c2741ccb158f4fdf62e929de04769f3d08ac62d3f583c6dcd6c5,23af0941c92e72b54e1430064efb1c42a1c37a1fe49957222d353b8aaba325af,False,,,473694,579,590827,64584,6807919188e66d65e76e5465f8199810961c3ebcc6d22eca5cac8c9f1d9fc11a,True,True
tv2_m16_bottleneck_00__X__s9101,tv2_m16_bottleneck_00,X,9101,39,WARM_JOINT,BUDGET_EXHAUSTED,-0.14368326910870247,-0.1436832691087032,0.06874621978442372,0.46061885173796296,0.14924751673761735,52,51,154,156,6006,24.90722942352295,46,52,78,0.09821168903553429,0,1123,1086,3295,77921,288.6035680770874,83927,3449,313.51079750061035,1175,fits/tv2_m16_bottleneck_00__X__s9101/p038/WARM_JOINT/WINNER.json,02f2795d1e1b4284102ba8b1fa18db3a03668a00f9708ee7e2bd4b33bf27f4dd,18af28ff065d5b3118091c4225662b33356bdccfd300308c7f05c2ca09789cca,False,,,473694,579,590827,64584,0337cdf79d275fe874591a172e04f4b4c593d7662d0f80f2977bb57f7cfc1de7,True,False
tv2_m16_bottleneck_00__X__s9101,tv2_m16_bottleneck_00,X,9101,40,FROZEN_LAYERWISE,CONVERGED,0.37270636404812174,0.37270636404812096,0.0001811577168267033,0.0009601581367868191,0.18867487540432643,5,4,13,160,520,2.1895198822021484,3,5,2,0.0,0,244,206,656,10931,42.261754751205444,11451,669,44.45127463340759,249,fits/tv2_m16_bottleneck_00__X__s9101/p039/FROZEN_LAYERWISE/WINNER.json,23af0941c92e72b54e1430064efb1c42a1c37a1fe49957222d353b8aaba325af,7c205667eb4fb646cf76f3ff1297941ac625d765e6d406ba904f7358ba3c3a5e,False,,,485840,579,605976,66240,bcfc5ab7787acd16d2149f9aecaa2ea9c7f98500b28bdfeb9baa698c86ad6e36,True,True
tv2_m16_bottleneck_00__X__s9101,tv2_m16_bottleneck_00,X,9101,40,WARM_JOINT,BUDGET_EXHAUSTED,-0.14546593989609952,-0.1454659398960994,0.0685503212098929,0.46184559860859065,0.14842692323238657,54,53,160,160,6400,26.967795372009277,42,54,80,0.9434057071810888,0,1175,1137,3449,83927,313.51079750061035,90327,3609,340.47859287261963,1229,fits/tv2_m16_bottleneck_00__X__s9101/p039/WARM_JOINT/WINNER.json,18af28ff065d5b3118091c4225662b33356bdccfd300308c7f05c2ca09789cca,d417d14c807b64b6b98ec7f56f9d8eb5796137c2234d79fb793db7cb356f1a76,False,,,485840,579,605976,66240,a3c47dab0d7f5883f7fd07446957dadecf8efb775777f1a9b6e19a1066e8dcd7,True,False
tv2_m16_bottleneck_00__X__s9101,tv2_m16_bottleneck_00,X,9101,41,FROZEN_LAYERWISE,CONVERGED,0.3727063637287553,0.3727063637287573,0.00018113503775205546,0.0009600412584944795,0.1886742222267701,5,4,13,164,533,2.2605483531951904,3,5,2,0.0,0,249,210,669,11451,44.45127463340759,11984,682,46.71182298660278,254,fits/tv2_m16_bottleneck_00__X__s9101/p040/FROZEN_LAYERWISE/WINNER.json,7c205667eb4fb646cf76f3ff1297941ac625d765e6d406ba904f7358ba3c3a5e,45ab9bd0d4e4ce88f06ecb2bf4ba8b6e57ccda322e70bfeef611e59befcc5920,False,,,497986,579,621125,67896,c01be1f24e95cdf91031893bf2dad22d0bb7360b8a4057fa90208d7c89b535b6,True,True
tv2_m16_bottleneck_00__X__s9101,tv2_m16_bottleneck_00,X,9101,41,WARM_JOINT,BUDGET_EXHAUSTED,-0.18016909957720367,-0.1801690995772018,0.07379159414418753,0.4916102040836567,0.15010183582688716,55,54,163,164,6683,27.80699324607849,49,55,82,2.1137549877694957,0,1229,1190,3609,90327,340.47859287261963,97010,3772,368.2855861186981,1284,fits/tv2_m16_bottleneck_00__X__s9101/p040/WARM_JOINT/WINNER.json,d417d14c807b64b6b98ec7f56f9d8eb5796137c2234d79fb793db7cb356f1a76,566cf1841234546b44cf677e58e5044b2cda9662639a544c256907369641a457,False,,,497986,579,621125,67896,a854ce36aabc2337250a3621d47d9f3e3590b3c53bf0f1c5beb7ea910e032388,True,False
tv2_m16_bottleneck_00__X__s9101,tv2_m16_bottleneck_00,X,9101,42,FROZEN_LAYERWISE,CONVERGED,0.37270636124502476,0.3727063612450246,0.00018119705303535678,0.0009603649843023939,0.1886751974479554,5,4,13,168,546,2.3085403442382812,3,5,2,0.0,0,254,214,682,11984,46.71182298660278,12530,695,49.020363330841064,259,fits/tv2_m16_bottleneck_00__X__s9101/p041/FROZEN_LAYERWISE/WINNER.json,45ab9bd0d4e4ce88f06ecb2bf4ba8b6e57ccda322e70bfeef611e59befcc5920,4d771666977bb6e4316a79a059b1bc72ba609b75adca15ee81ecd92d364636c5,False,,,510132,579,636274,69552,4f7172b7dbc50ad03d9e043fb49d8c2b62f820e2a44a7fe5a312927b4246a7a5,True,True
tv2_m16_bottleneck_00__X__s9101,tv2_m16_bottleneck_00,X,9101,42,WARM_JOINT,BUDGET_EXHAUSTED,-0.27496401608895177,-0.2749640160889497,0.085041957963148,0.5521007013467383,0.1540334177364841,56,55,166,168,6972,29.462793588638306,47,56,84,1.9433894053255851,0,1284,1244,3772,97010,368.2855861186981,103982,3938,397.7483797073364,1340,fits/tv2_m16_bottleneck_00__X__s9101/p041/WARM_JOINT/WINNER.json,566cf1841234546b44cf677e58e5044b2cda9662639a544c256907369641a457,77360d05365c1304451c7535a4ac2169faef83105d739e3ec5213368ab87de6d,False,,,510132,579,636274,69552,be74a45fe24f742426e74894d8bc9ccd49a9588fde512c95b83457f94b5a3344,True,False
tv2_m16_bottleneck_00__X__s9101,tv2_m16_bottleneck_00,X,9101,43,FROZEN_LAYERWISE,CONVERGED,0.3727063612421394,0.37270636124214296,0.00018120064653485808,0.0009603837676606757,0.18867524903740374,4,3,10,172,430,1.8097233772277832,2,4,2,0.0,0,259,218,695,12530,49.020363330841064,12960,705,50.83008670806885,263,fits/tv2_m16_bottleneck_00__X__s9101/p042/FROZEN_LAYERWISE/WINNER.json,4d771666977bb6e4316a79a059b1bc72ba609b75adca15ee81ecd92d364636c5,b90ba003ce8c71fab4a9156867bd12688dfb0cc76d20ab16240203cc323d110e,False,,,522278,579,651423,71208,9c006c28689f926e1ecd002eef66f66225349057ef372ef5e0c7bb637ea851a0,True,True
tv2_m16_bottleneck_00__X__s9101,tv2_m16_bottleneck_00,X,9101,43,WARM_JOINT,BUDGET_EXHAUSTED,-0.32406256611813206,-0.32406256611813244,0.09122047398935032,0.5897091122323563,0.1546872383301545,58,57,172,172,7396,31.029197216033936,52,58,86,1.1917091023129363,0,1340,1299,3938,103982,397.7483797073364,111378,4110,428.77757692337036,1398,fits/tv2_m16_bottleneck_00__X__s9101/p042/WARM_JOINT/WINNER.json,77360d05365c1304451c7535a4ac2169faef83105d739e3ec5213368ab87de6d,4d44dc3a859248ca2e23b0f39b8fef14143054e3ebeb8f36544c35f840fcad41,False,,,522278,579,651423,71208,36f483f55e6afaa1e786dfa5fb4c7fa668f3db828670dd89a9f58c98f08b87d6,True,False
tv2_m16_bottleneck_00__X__s9101,tv2_m16_bottleneck_00,X,9101,44,FROZEN_LAYERWISE,CONVERGED,0.3727063612408204,0.3727063612408197,0.00018120220224218013,0.0009603919179606452,0.18867526772503038,4,3,10,176,440,1.8936119079589844,2,4,2,0.0,0,263,221,705,12960,50.83008670806885,13400,715,52.72369861602783,267,fits/tv2_m16_bottleneck_00__X__s9101/p043/FROZEN_LAYERWISE/WINNER.json,b90ba003ce8c71fab4a9156867bd12688dfb0cc76d20ab16240203cc323d110e,0557caebee4ac64c3f33a009fa48c7d3cbf5f7459f83ae2636a085c9d414864d,False,,,534424,579,666572,72864,93bcf01be155d6c6cee3ad8e5be3f6fc3a6da3ad0278d0628c24abb338e6dd5a,True,True
tv2_m16_bottleneck_00__X__s9101,tv2_m16_bottleneck_00,X,9101,44,WARM_JOINT,BUDGET_EXHAUSTED,-0.3417787328270893,-0.34177873282709176,0.09302165298531573,0.6045132699240203,0.15387859557989086,59,58,175,176,7700,33.11641764640808,51,58,88,0.6528630048681316,0,1398,1356,4110,111378,428.77757692337036,119078,4285,461.89399456977844,1457,fits/tv2_m16_bottleneck_00__X__s9101/p043/WARM_JOINT/WINNER.json,4d44dc3a859248ca2e23b0f39b8fef14143054e3ebeb8f36544c35f840fcad41,f0ac9381577cde15d287f51fe3391d945a9863d22915ef1950aeddfdc0fb1a46,False,,,534424,579,666572,72864,435f7484e1954bacffc6e72aa949ac600aa07344b1a750f3b3e0020f0bc10982,True,False
tv2_m16_bottleneck_00__X__s9101,tv2_m16_bottleneck_00,X,9101,45,FROZEN_LAYERWISE,CONVERGED,0.3727063611718344,0.3727063611718356,0.0001811918894307468,0.0009603381912859577,0.18867508454299692,5,4,13,180,585,2.4306397438049316,3,5,2,0.0,0,267,224,715,13400,52.72369861602783,13985,728,55.154338359832764,272,fits/tv2_m16_bottleneck_00__X__s9101/p044/FROZEN_LAYERWISE/WINNER.json,0557caebee4ac64c3f33a009fa48c7d3cbf5f7459f83ae2636a085c9d414864d,af7a22a649725fc644a2fce896518c76018b4229c8877384d6a8592bf8e419a6,False,,,546570,579,681721,74520,f49c5fe4c5961db56511951ac4994e3dcfb87ea8087b5173b6ede751ade4e52d,True,True
tv2_m16_bottleneck_00__X__s9101,tv2_m16_bottleneck_00,X,9101,45,WARM_JOINT,BUDGET_EXHAUSTED,-0.36419175153742,-0.36419175153741984,0.09599574672987171,0.622996406475318,0.1540871596242103,60,59,178,180,8010,33.20993661880493,52,60,90,1.3476380885705237,0,1457,1414,4285,119078,461.89399456977844,127088,4463,495.1039311885834,1517,fits/tv2_m16_bottleneck_00__X__s9101/p044/WARM_JOINT/WINNER.json,f0ac9381577cde15d287f51fe3391d945a9863d22915ef1950aeddfdc0fb1a46,4e618f3bc90d5851912316ed2d327463e7ef10845aa419e077bad469805ce06b,False,,,546570,579,681721,74520,b184b14f594045a04fb010d77ba80d1fb321a87071934880a294a88be80b6853,True,False
tv2_m16_bottleneck_00__X__s9101,tv2_m16_bottleneck_00,X,9101,46,FROZEN_LAYERWISE,CONVERGED,0.3727063611413919,0.37270636114139066,0.00018119956868948008,0.0009603786773958115,0.1886751267539859,4,3,10,184,460,1.9578804969787598,2,4,2,0.0,0,272,228,728,13985,55.154338359832764,14445,738,57.11221885681152,276,fits/tv2_m16_bottleneck_00__X__s9101/p045/FROZEN_LAYERWISE/WINNER.json,af7a22a649725fc644a2fce896518c76018b4229c8877384d6a8592bf8e419a6,f1083f3bbac9bd0f670e392ded4ef13b6cdab2605f5979f4c5ec9a8dce1fb2c0,False,,,558716,579,696870,76176,08f874f77ff1a365612443fd9b18993bbb169eee3538ec1e41646d933aad21a9,True,True
tv2_m16_bottleneck_00__X__s9101,tv2_m16_bottleneck_00,X,9101,46,WARM_JOINT,BUDGET_EXHAUSTED,-0.36766159541062315,-0.3676615954106218,0.09620017600368073,0.6251766911792208,0.15387677973442362,62,61,184,184,8464,35.62386512756348,53,62,92,1.1091846978736424,0,1517,1473,4463,127088,495.1039311885834,135552,4647,530.7277963161469,1579,fits/tv2_m16_bottleneck_00__X__s9101/p045/WARM_JOINT/WINNER.json,4e618f3bc90d5851912316ed2d327463e7ef10845aa419e077bad469805ce06b,2afee28c2572f9b9fbad27d031135f38c253deb9263811ae26fb84ca89ce95da,False,,,558716,579,696870,76176,05e2897a4231780fcd8cd49d0109b87b39973f5ddb8363d362dae15356d98996,True,False
tv2_m16_bottleneck_00__X__s9101,tv2_m16_bottleneck_00,X,9101,47,FROZEN_LAYERWISE,CONVERGED,0.3727063609691724,0.37270636096917265,0.00018118372917384721,0.0009602946913586292,0.18867513358582425,5,4,13,188,611,2.584087371826172,3,5,2,0.0,0,276,231,738,14445,57.11221885681152,15056,751,59.696306228637695,281,fits/tv2_m16_bottleneck_00__X__s9101/p046/FROZEN_LAYERWISE/WINNER.json,f1083f3bbac9bd0f670e392ded4ef13b6cdab2605f5979f4c5ec9a8dce1fb2c0,3a1603a6038c0b03f53ab389d0f884de3c06897c8b91432d62942dde83dfde62,False,,,570862,579,712019,77832,2fdf521e839f9c6043de0bbd4b3daa2198431062d7a2ac7931b0f989e7d4451e,True,True
tv2_m16_bottleneck_00__X__s9101,tv2_m16_bottleneck_00,X,9101,47,WARM_JOINT,BUDGET_EXHAUSTED,-0.3678304940161938,-0.36783049401619516,0.09631428344174771,0.625411070566604,0.15400156469006823,63,62,187,188,8789,35.890671730041504,59,63,94,0.21141762970015998,0,1579,1534,4647,135552,530.7277963161469,144341,4834,566.6184680461884,1642,fits/tv2_m16_bottleneck_00__X__s9101/p046/WARM_JOINT/WINNER.json,2afee28c2572f9b9fbad27d031135f38c253deb9263811ae26fb84ca89ce95da,532fc4f15aba11e2301c08f1bea574731ac9ffc46f2e4944ff0f7929cf9c3b36,False,,,570862,579,712019,77832,04b02b56fcb79478fb39d98405c73bf2034c6c7f03da799ce8e1723bacc52af1,True,False
tv2_m16_bottleneck_00__X__s9101,tv2_m16_bottleneck_00,X,9101,48,FROZEN_LAYERWISE,CONVERGED,0.372706359270135,0.37270635927013385,0.00018113747770170377,0.0009600470077651946,0.18867563383521926,4,3,10,192,480,1.9235384464263916,2,4,2,0.0,0,281,235,751,15056,59.696306228637695,15536,761,61.61984467506409,285,fits/tv2_m16_bottleneck_00__X__s9101/p047/FROZEN_LAYERWISE/WINNER.json,3a1603a6038c0b03f53ab389d0f884de3c06897c8b91432d62942dde83dfde62,6f3fa6d130bd105fe19e89b4da868dfb338d8739866fe447a2a5fe6f859822e3,False,,,583008,579,727168,79488,5a921101260b86ef676ec12787dc1b05299800f6c923df97a674af2d2cbd763c,True,True
tv2_m16_bottleneck_00__X__s9101,tv2_m16_bottleneck_00,X,9101,48,WARM_JOINT,BUDGET_EXHAUSTED,-0.3678946429534423,-0.3678946429534439,0.09631674060289085,0.6254546058394205,0.15399477388710645,64,63,190,192,9120,37.33458375930786,56,64,96,0.22304210261477797,0,1642,1596,4834,144341,566.6184680461884,153461,5024,603.9530518054962,1706,fits/tv2_m16_bottleneck_00__X__s9101/p047/WARM_JOINT/WINNER.json,532fc4f15aba11e2301c08f1bea574731ac9ffc46f2e4944ff0f7929cf9c3b36,9f32e00ddcd7c847e4c188d2b8f93b0eda5098ed790202620247e5ad86176684,False,,,583008,579,727168,79488,79c0832c4209427d5fdd8494856fe1fc1859f28897d879da88b36816e90d57ae,True,False
tv2_m16_bottleneck_00__X__s9101,tv2_m16_bottleneck_00,X,9101,49,FROZEN_LAYERWISE,CONVERGED,0.3727063584314354,0.3727063584314346,0.00018110492434865832,0.0009598718408491877,0.18867615096244186,5,4,13,196,637,2.4879894256591797,3,5,2,0.0,0,285,238,761,15536,61.61984467506409,16173,774,64.10783410072327,290,fits/tv2_m16_bottleneck_00__X__s9101/p048/FROZEN_LAYERWISE/WINNER.json,6f3fa6d130bd105fe19e89b4da868dfb338d8739866fe447a2a5fe6f859822e3,48d9f85bca8cd2a1f694ac6f174384ff67d2ead069c48fa6b1a378c681e4403b,False,,,595154,579,742317,81144,57fa70755f7b31c39eed6a039193dc5c49de234c1cca320c515855f48e6b2f81,True,True
tv2_m16_bottleneck_00__X__s9101,tv2_m16_bottleneck_00,X,9101,49,WARM_JOINT,BUDGET_EXHAUSTED,-0.36790638109940266,-0.36790638109940205,0.09631581658567934,0.6254424387728624,0.1539962922481787,66,65,196,196,9604,37.150307416915894,58,66,98,0.052009903421706416,0,1706,1659,5024,153461,603.9530518054962,163065,5220,641.1033592224121,1772,fits/tv2_m16_bottleneck_00__X__s9101/p048/WARM_JOINT/WINNER.json,9f32e00ddcd7c847e4c188d2b8f93b0eda5098ed790202620247e5ad86176684,b88b2a4f309c3c9ca7c3e8332d57b087d05f3fd0dc1e0c5ff947e126b28c294c,False,,,595154,579,742317,81144,b1770869729b5c8e8e13607e8f9e09e304c56fa07a5abb561b8f7359d35b4a78,True,False
tv2_m16_bottleneck_00__X__s9101,tv2_m16_bottleneck_00,X,9101,50,FROZEN_LAYERWISE,CONVERGED,0.3727063580888854,0.3727063580888864,0.00018108451541658046,0.0009597617138079263,0.18867653586442212,4,3,10,200,500,1.9896018505096436,2,4,2,0.0,0,290,242,774,16173,64.10783410072327,16673,784,66.09743595123291,294,fits/tv2_m16_bottleneck_00__X__s9101/p049/FROZEN_LAYERWISE/WINNER.json,48d9f85bca8cd2a1f694ac6f174384ff67d2ead069c48fa6b1a378c681e4403b,fe55facba539c728c19ebd096b845c60b774f50ff437ff1ca15ae2a38ef0bf69,False,,,607300,579,757466,82800,82e51343b7c77a35bf761413c91c8cc3352c67d14018ec7e11b0028642c17701,True,True
tv2_m16_bottleneck_00__X__s9101,tv2_m16_bottleneck_00,X,9101,50,WARM_JOINT,BUDGET_EXHAUSTED,-0.36791799998617514,-0.36791799998617414,0.09632713592566564,0.625444205775434,0.15401395525958703,67,66,199,200,9950,39.37462615966797,60,67,100,0.11944376666653189,0,1772,1724,5220,163065,641.1033592224121,173015,5419,680.4779853820801,1839,fits/tv2_m16_bottleneck_00__X__s9101/p049/WARM_JOINT/WINNER.json,b88b2a4f309c3c9ca7c3e8332d57b087d05f3fd0dc1e0c5ff947e126b28c294c,a3602917cd2df848621e5d7ce252022de4142eaa2504fdba96819aa501f2cb80,False,,,607300,579,757466,82800,82d0165bf424f794f56d89c8a68c4af38c5a38e2f4b5d06e491050e017645872,True,False
tv2_m16_bottleneck_00__X__s9101,tv2_m16_bottleneck_00,X,9101,51,FROZEN_LAYERWISE,CONVERGED,0.37270635686969505,0.3727063568696938,0.00018112424960165522,0.00095997492165992,0.18867602216990015,5,4,13,204,663,2.588569402694702,3,5,2,0.0,0,294,245,784,16673,66.09743595123291,17336,797,68.68600535392761,299,fits/tv2_m16_bottleneck_00__X__s9101/p050/FROZEN_LAYERWISE/WINNER.json,fe55facba539c728c19ebd096b845c60b774f50ff437ff1ca15ae2a38ef0bf69,3e79932bcdb554d368c12485c46dc7f1eeda8b3f166341836bc384c5bc6fab81,False,,,619446,579,772615,84456,7f58cce71351ab3b408f22d4ea94249bf6219d962297969a5ea2e5f860fd4f24,True,True
tv2_m16_bottleneck_00__X__s9101,tv2_m16_bottleneck_00,X,9101,51,WARM_JOINT,BUDGET_EXHAUSTED,-0.3679239093468122,-0.3679239093468134,0.09632350699486664,0.6254456991816304,0.15400778536154605,68,67,202,204,10302,39.95505213737488,59,67,102,0.042397298944256534,0,1839,1790,5419,173015,680.4779853820801,183317,5621,720.433037519455,1907,fits/tv2_m16_bottleneck_00__X__s9101/p050/WARM_JOINT/WINNER.json,a3602917cd2df848621e5d7ce252022de4142eaa2504fdba96819aa501f2cb80,6ab1a88229e29d6c29839ac5112a96d016344be4285161c1ec97f85514dc064e,False,,,619446,579,772615,84456,91a60789c05d47f1e231785499807f7270c9577c5dc16294ba82c74cc67ce1cb,True,False
tv2_m16_bottleneck_00__X__s9101,tv2_m16_bottleneck_00,X,9101,52,FROZEN_LAYERWISE,CONVERGED,0.3727063566750484,0.3727063566750505,0.0001811085540295534,0.00095989050181376,0.18867626431071038,5,4,13,208,676,2.705664873123169,3,5,2,0.0,0,299,249,797,17336,68.68600535392761,18012,810,71.39167022705078,304,fits/tv2_m16_bottleneck_00__X__s9101/p051/FROZEN_LAYERWISE/WINNER.json,3e79932bcdb554d368c12485c46dc7f1eeda8b3f166341836bc384c5bc6fab81,0affa1c8b65602573946c8351e16561455d38663f091bd14976328f9f8582403,False,,,631592,579,787764,86112,fb5305d73c5e782accaffb1853d59399146948bccdc8b8a0e900949c640d6d80,True,True
tv2_m16_bottleneck_00__X__s9101,tv2_m16_bottleneck_00,X,9101,52,WARM_JOINT,BUDGET_EXHAUSTED,-0.36793264603635356,-0.3679326460363519,0.09632185712025913,0.6254584880881595,0.15400199846145887,70,69,208,208,10816,31.44630002975464,62,70,104,0.05853763145124874,0,1907,1857,5621,183317,720.433037519455,194133,5829,751.8793375492096,1977,fits/tv2_m16_bottleneck_00__X__s9101/p051/WARM_JOINT/WINNER.json,6ab1a88229e29d6c29839ac5112a96d016344be4285161c1ec97f85514dc064e,ec070e72081d660fe53436eaad4b0543f419a23a91e80b3ffe06dd1532ad6e62,False,,,631592,579,787764,86112,5d65f6f8840689078560245d4053b70b8c1c2f7e1afbe79ea61e84ada5b539f6,True,False
tv2_m16_bottleneck_00__X__s9101,tv2_m16_bottleneck_00,X,9101,53,FROZEN_LAYERWISE,CONVERGED,0.3726515243285707,0.37265152432856974,0.0001931209092673684,0.0010215159175366707,0.18905325502227005,20,19,58,212,3074,8.859536170959473,8,20,2,0.0,0,304,253,810,18012,71.39167022705078,21086,868,80.25120639801025,324,fits/tv2_m16_bottleneck_00__X__s9101/p052/FROZEN_LAYERWISE/WINNER.json,0affa1c8b65602573946c8351e16561455d38663f091bd14976328f9f8582403,f145cb3dd770efac24c25089ce8015be0e4cdd347a1b632fe5d85851ea67626a,False,,,643738,579,802913,87768,15b6d7a73291e22f855445bd8103a7ada6cd69a7a3eba1b376ae9b9de6cb34f4,True,True
tv2_m16_bottleneck_00__X__s9101,tv2_m16_bottleneck_00,X,9101,53,WARM_JOINT,BUDGET_EXHAUSTED,-0.367941943274121,-0.36794194327411983,0.09632385657567574,0.6254527614369926,0.15400660531799298,71,70,211,212,11183,40.43275856971741,64,71,106,0.08617974819974022,0,1977,1926,5829,194133,751.8793375492096,205316,6040,792.312096118927,2048,fits/tv2_m16_bottleneck_00__X__s9101/p052/WARM_JOINT/WINNER.json,ec070e72081d660fe53436eaad4b0543f419a23a91e80b3ffe06dd1532ad6e62,366a71d015a1a5cf4606a9c3ccc64117fb52c748b53acff070209cb61568fa0e,False,,,643738,579,802913,87768,5b0088a120c0444fe5da903f8a34dee0534c65ef36f22144e7a7e4c2ae7d33f1,True,False
tv2_m16_bottleneck_00__X__s9101,tv2_m16_bottleneck_00,X,9101,54,FROZEN_LAYERWISE,CONVERGED,0.37265152415335623,0.37265152415335717,0.0001931443400714599,0.0010216359095203537,0.1890539851542013,4,3,10,216,540,2.0730392932891846,2,4,2,0.0,0,324,272,868,21086,80.25120639801025,21626,878,82.32424569129944,328,fits/tv2_m16_bottleneck_00__X__s9101/p053/FROZEN_LAYERWISE/WINNER.json,f145cb3dd770efac24c25089ce8015be0e4cdd347a1b632fe5d85851ea67626a,32cb44aa7a3d2cbe172ec23b57ab293e41e64a1fcaf08f7d899fb86ace85e851,False,,,655884,579,818062,89424,e6d0a5047a031489a9a23c5685d927e8802c8bf542598e03c64f490bc1914f6b,True,True
tv2_m16_bottleneck_00__X__s9101,tv2_m16_bottleneck_00,X,9101,54,WARM_JOINT,BUDGET_EXHAUSTED,-0.36794926832670605,-0.36794926832670694,0.09632118607945912,0.6254600400128505,0.15400054346794104,72,71,214,216,11556,31.79564118385315,65,72,108,0.09620511064011805,0,2048,1996,6040,205316,792.312096118927,216872,6254,824.1077373027802,2120,fits/tv2_m16_bottleneck_00__X__s9101/p053/WARM_JOINT/WINNER.json,366a71d015a1a5cf4606a9c3ccc64117fb52c748b53acff070209cb61568fa0e,27f6a9d96351f57da01f7dadbf93efedce40ab7194613f1809966d9120e79631,False,,,655884,579,818062,89424,7f6178a4ab3d27298126fc3de40ff90c3505cc7b2d16343846c8fceffe9f930a,True,False
tv2_m16_bottleneck_00__X__s9101,tv2_m16_bottleneck_00,X,9101,55,FROZEN_LAYERWISE,CONVERGED,0.3726515241533563,0.3726515241533572,0.00019314434007145994,0.001021635909520354,0.18905398515420133,4,3,10,220,550,2.0932440757751465,2,1,2,0.0,0,328,275,878,21626,82.32424569129944,22176,888,84.41748976707458,332,fits/tv2_m16_bottleneck_00__X__s9101/p054/FROZEN_LAYERWISE/WINNER.json,32cb44aa7a3d2cbe172ec23b57ab293e41e64a1fcaf08f7d899fb86ace85e851,b09497810b4a65afcd3bbde0f79d3d6046d7b7366cb74d23655fdece00a7625e,False,,,668030,579,833211,91080,2c10d880ede4d1edeb800628d4bd9e4720ee96b4331df930d6994dafb120a84f,True,True
tv2_m16_bottleneck_00__X__s9101,tv2_m16_bottleneck_00,X,9101,55,WARM_JOINT,BUDGET_EXHAUSTED,-0.3679568801162142,-0.3679568801162141,0.09631910841670155,0.6254449384206288,0.154000939970713,74,73,220,220,12100,27.79792046546936,68,74,110,0.12083056987357266,0,2120,2067,6254,216872,824.1077373027802,228972,6474,851.9056577682495,2194,fits/tv2_m16_bottleneck_00__X__s9101/p054/WARM_JOINT/WINNER.json,27f6a9d96351f57da01f7dadbf93efedce40ab7194613f1809966d9120e79631,7cde74ea60a7822c3bcb908d08c6afdf61e1dcb41bc81e9856e0de240fb3d83f,False,,,668030,579,833211,91080,0ea25ed3e0a46d1fed3fe7566a563a6536d69cca260652f918fe66c0c479115b,True,False
tv2_m16_bottleneck_00__X__s9101,tv2_m16_bottleneck_00,X,9101,56,FROZEN_LAYERWISE,CONVERGED,0.372651524146896,0.37265152414689523,0.0001931400043630751,0.0010216137320980452,0.1890538452007997,5,4,13,224,728,1.6548793315887451,3,5,2,0.0,0,332,278,888,22176,84.41748976707458,22904,901,86.07236909866333,337,fits/tv2_m16_bottleneck_00__X__s9101/p055/FROZEN_LAYERWISE/WINNER.json,b09497810b4a65afcd3bbde0f79d3d6046d7b7366cb74d23655fdece00a7625e,81e0f2ee86da4bacb3f2db2655d72547d6e5272e3d1a0e57af775f6659c1ba04,False,,,680176,579,848360,92736,308bdc2d07eb6c5577b117ad099391574f7aa010d2b151410bb3e04a0245a9ac,True,True
tv2_m16_bottleneck_00__X__s9101,tv2_m16_bottleneck_00,X,9101,56,WARM_JOINT,BUDGET_EXHAUSTED,-0.36796085879794327,-0.36796085879794704,0.09632103063529625,0.6254639102793852,0.1539993420120293,75,74,223,224,12488,46.736279010772705,66,75,112,0.03055009026606692,0,2194,2140,6474,228972,851.9056577682495,241460,6697,898.6419367790222,2269,fits/tv2_m16_bottleneck_00__X__s9101/p055/WARM_JOINT/WINNER.json,7cde74ea60a7822c3bcb908d08c6afdf61e1dcb41bc81e9856e0de240fb3d83f,c8373b35a45db10e3b0b4a5bf743f2165b7f3844620b2761ff9f7e45c4f4b553,False,,,680176,579,848360,92736,5733a6453740f9c4984c1de43915f857d1093d01fa701a191a42751eadeb2f89,True,False
tv2_m16_bottleneck_00__X__s9101,tv2_m16_bottleneck_00,X,9101,57,FROZEN_LAYERWISE,CONVERGED,0.37265152401111956,0.3726515240111193,0.00019312870724033475,0.001021556184443556,0.1890534364935908,3,2,7,228,399,0.873950719833374,1,2,2,0.0,0,337,282,901,22904,86.07236909866333,23303,908,86.9463198184967,340,fits/tv2_m16_bottleneck_00__X__s9101/p056/FROZEN_LAYERWISE/WINNER.json,81e0f2ee86da4bacb3f2db2655d72547d6e5272e3d1a0e57af775f6659c1ba04,d2178adb80e16ff9e33805cef866983b3c80680e2b9c1f52e17b36cbee82cb70,False,,,692322,579,863509,94392,0580c4b72338dc084009f5ad13cf9706d91fa9bbd017de6375fdbbcb1a0be9dc,True,True
tv2_m16_bottleneck_00__X__s9101,tv2_m16_bottleneck_00,X,9101,57,WARM_JOINT,BUDGET_EXHAUSTED,-0.36797811640984757,-0.367978116409847,0.09635819433303026,0.6254766328717336,0.15405562617203386,76,75,226,228,12882,28.254503965377808,69,76,114,0.5772794288375168,0,2269,2214,6697,241460,898.6419367790222,254342,6923,926.8964407444,2345,fits/tv2_m16_bottleneck_00__X__s9101/p056/WARM_JOINT/WINNER.json,c8373b35a45db10e3b0b4a5bf743f2165b7f3844620b2761ff9f7e45c4f4b553,405a83764d6b697594106e77e94346c5bd81e798b9a969f6a90838294894ac86,False,,,692322,579,863509,94392,f46a6987fb2836368e2e61b18a2bdcd47c60fcec9407bf41a8efe0d39cefd429,True,False
tv2_m16_bottleneck_00__X__s9101,tv2_m16_bottleneck_00,X,9101,58,FROZEN_LAYERWISE,CONVERGED,0.37265152272362145,0.37265152272362184,0.00019307078428747467,0.0010212625533247914,0.18905107570910074,4,3,10,232,580,1.2979109287261963,2,4,2,0.0,0,340,284,908,23303,86.9463198184967,23883,918,88.2442307472229,344,fits/tv2_m16_bottleneck_00__X__s9101/p057/FROZEN_LAYERWISE/WINNER.json,d2178adb80e16ff9e33805cef866983b3c80680e2b9c1f52e17b36cbee82cb70,60cd7235fa651c27f2aec636e69bb33150b680888328d5a6175685b25fc2df65,False,,,704468,579,878658,96048,ece7f9e7a5bbde9b467942734be91c9a7d5fbc0bc2bffd63498407a351644967,True,True
tv2_m16_bottleneck_00__X__s9101,tv2_m16_bottleneck_00,X,9101,58,WARM_JOINT,BUDGET_EXHAUSTED,-0.38939320280646983,-0.3893932028064696,0.0994388796533326,0.6448585290002233,0.1542026276794397,78,77,232,232,13456,29.649449825286865,68,78,116,2.0225660774996737,0,2345,2289,6923,254342,926.8964407444,267798,7155,956.5458905696869,2423,fits/tv2_m16_bottleneck_00__X__s9101/p057/WARM_JOINT/WINNER.json,405a83764d6b697594106e77e94346c5bd81e798b9a969f6a90838294894ac86,ff77043c9b702abfca13b2d8355aeda613ff58f5e246cc194b7d72739babe689,False,,,704468,579,878658,96048,fc791fa84b67ee8db54ee7e136029f9baaa6d89f430ddf645a5b3ba9b64f70d7,True,False
tv2_m16_bottleneck_00__X__s9101,tv2_m16_bottleneck_00,X,9101,59,FROZEN_LAYERWISE,CONVERGED,0.37265152218325126,0.37265152218325126,0.00019303255032523673,0.001021069255340589,0.18904941982691328,5,4,13,236,767,1.697749376296997,3,5,2,0.0,0,344,287,918,23883,88.2442307472229,24650,931,89.9419801235199,349,fits/tv2_m16_bottleneck_00__X__s9101/p058/FROZEN_LAYERWISE/WINNER.json,60cd7235fa651c27f2aec636e69bb33150b680888328d5a6175685b25fc2df65,d866cb3261ccd60c6312a9d77481ca041a1b5e1d3a630ac0d00bfe0459466afe,False,,,716614,579,893807,97704,c0ab38599d636ca2891c41c758f10baafab498628d3c060b3314322af55f467c,True,True
tv2_m16_bottleneck_00__X__s9101,tv2_m16_bottleneck_00,X,9101,59,WARM_JOINT,BUDGET_EXHAUSTED,-0.3917765645186639,-0.39177656451866383,0.09977278831652805,0.646767686741308,0.15426371842914108,79,78,235,236,13865,30.33347725868225,71,79,118,0.29848784255665084,0,2423,2366,7155,267798,956.5458905696869,281663,7390,986.8793678283691,2502,fits/tv2_m16_bottleneck_00__X__s9101/p058/WARM_JOINT/WINNER.json,ff77043c9b702abfca13b2d8355aeda613ff58f5e246cc194b7d72739babe689,e66ac7ecbaecc092fc1b9cf70ce4d06a3e0a37a4cd520e941abb400da201e52f,False,,,716614,579,893807,97704,62ba2fc71727123c76769ba5d8999fac436dbad1e9573d74040848318cf55de7,True,False
tv2_m16_bottleneck_00__X__s9101,tv2_m16_bottleneck_00,X,9101,60,FROZEN_LAYERWISE,CONVERGED,0.37265151911550326,0.37265151911550254,0.00019312521686958885,0.0010215417801375589,0.18905268548446738,5,4,13,240,780,1.7285466194152832,3,5,2,0.0,0,349,291,931,24650,89.9419801235199,25430,944,91.67052674293518,354,fits/tv2_m16_bottleneck_00__X__s9101/p059/FROZEN_LAYERWISE/WINNER.json,d866cb3261ccd60c6312a9d77481ca041a1b5e1d3a630ac0d00bfe0459466afe,cd5086e79de9cc3d4818913d4b6f0304844cb8ec640b7ecb8e8a8609b4115e97,False,,,728760,579,908956,99360,2d6a6d132a4555db2299768ba9a53d8f0e08b94818f53d63a9e3b36b32cc2393,True,True
tv2_m16_bottleneck_00__X__s9101,tv2_m16_bottleneck_00,X,9101,60,WARM_JOINT,BUDGET_EXHAUSTED,-0.42588893002840605,-0.42588893002840905,0.10506243756738147,0.6732437802347774,0.15605407825786893,80,79,238,240,14280,31.657782316207886,71,80,120,1.4501669186345536,0,2502,2444,7390,281663,986.8793678283691,295943,7628,1018.537150144577,2582,fits/tv2_m16_bottleneck_00__X__s9101/p059/WARM_JOINT/WINNER.json,e66ac7ecbaecc092fc1b9cf70ce4d06a3e0a37a4cd520e941abb400da201e52f,029dc9dfe45f22d81c11d8385dd9200032febef16867f1fc013803c3cb976f8e,False,,,728760,579,908956,99360,20cc91a6b3c13f26db933011bc01cc5462623bca4576f9771dd1197c1b212830,True,False
tv2_m16_bottleneck_00__X__s9101,tv2_m16_bottleneck_00,X,9101,61,FROZEN_LAYERWISE,CONVERGED,0.37265151908467353,0.37265151908467353,0.00019313484347898636,0.0010215909453222822,0.18905301027120786,4,3,10,244,610,1.330489158630371,2,4,2,0.0,0,354,295,944,25430,91.67052674293518,26040,954,93.00101590156555,358,fits/tv2_m16_bottleneck_00__X__s9101/p060/FROZEN_LAYERWISE/WINNER.json,cd5086e79de9cc3d4818913d4b6f0304844cb8ec640b7ecb8e8a8609b4115e97,364b900d223282a877da066778e7a279f845ef77241f6a97ec05da2d56ab4b7c,False,,,740906,579,924105,101016,966a4f8b73206aabe1c596c1e2bfa9cb97806d75a04451025488b59cdacc7e38,True,True
tv2_m16_bottleneck_00__X__s9101,tv2_m16_bottleneck_00,X,9101,61,WARM_JOINT,BUDGET_EXHAUSTED,-0.4695546704547866,-0.4695546704547862,0.10964814802314139,0.7091386888732417,0.15462158495027614,82,81,244,244,14884,33.51914048194885,75,82,122,1.584731239364018,0,2582,2523,7628,295943,1018.537150144577,310827,7872,1052.0562906265259,2664,fits/tv2_m16_bottleneck_00__X__s9101/p060/WARM_JOINT/WINNER.json,029dc9dfe45f22d81c11d8385dd9200032febef16867f1fc013803c3cb976f8e,c836c1f390f1c974bf5ac741adcff932451cccb7a48de51d0c45ea2205f13658,False,,,740906,579,924105,101016,0046585a7a82692f05d0b6eef182edcc665e4493ebc025ccc7ee6a2d8e7d521f,True,False
tv2_m16_bottleneck_00__X__s9101,tv2_m16_bottleneck_00,X,9101,62,FROZEN_LAYERWISE,CONVERGED,0.37265151894394505,0.3726515189439455,0.00019311554126225862,0.0010214911756433718,0.18905257907943013,4,3,10,248,620,1.3747949600219727,2,4,2,0.0,0,358,298,954,26040,93.00101590156555,26660,964,94.37581086158752,362,fits/tv2_m16_bottleneck_00__X__s9101/p061/FROZEN_LAYERWISE/WINNER.json,364b900d223282a877da066778e7a279f845ef77241f6a97ec05da2d56ab4b7c,b8d3a62f8fd17e429c0efdeaefd657e166fdf59b45057b9a65b5113008d7cb18,False,,,753052,579,939254,102672,5e3bbb11f3ea18e2c8bd03ebc44db76b0d7699e147aca56b8046498784d007d5,True,True
tv2_m16_bottleneck_00__X__s9101,tv2_m16_bottleneck_00,X,9101,62,WARM_JOINT,BUDGET_EXHAUSTED,-0.4924091119252312,-0.4924091119252331,0.1122029942485223,0.7273044808454272,0.15427238138021127,83,82,247,248,15314,33.87299299240112,74,83,124,1.7694107486103163,0,2664,2604,7872,310827,1052.0562906265259,326141,8119,1085.929283618927,2747,fits/tv2_m16_bottleneck_00__X__s9101/p061/WARM_JOINT/WINNER.json,c836c1f390f1c974bf5ac741adcff932451cccb7a48de51d0c45ea2205f13658,694ec3d51aa8484e9b546025191a18ca7719e88bee5e921b78c8aa53e7de310b,False,,,753052,579,939254,102672,73998f84ccbf89384b971313b016922f04fe029713dc2b8334cf553e2a8b42e2,True,False
tv2_m16_bottleneck_00__X__s9101,tv2_m16_bottleneck_00,X,9101,63,FROZEN_LAYERWISE,CONVERGED,0.372651518720884,0.3726515187208829,0.00019314171421776864,0.0010216258668172924,0.1890532733078401,4,3,10,252,630,1.3812239170074463,2,4,2,0.0,0,362,301,964,26660,94.37581086158752,27290,974,95.75703477859497,366,fits/tv2_m16_bottleneck_00__X__s9101/p062/FROZEN_LAYERWISE/WINNER.json,b8d3a62f8fd17e429c0efdeaefd657e166fdf59b45057b9a65b5113008d7cb18,11bb72afd5df22b7f1a4c968effdbc0f059fbc01e906d5a426bf1e5d839dbc1d,False,,,765198,579,954403,104328,7760c8d3410573655ab7859153d1cbf1ae76c252fca8c9f950e308edd9d6cba5,True,True
tv2_m16_bottleneck_00__X__s9101,tv2_m16_bottleneck_00,X,9101,63,WARM_JOINT,BUDGET_EXHAUSTED,-0.5307584411205839,-0.530758441120585,0.11860605529403026,0.7591914327311415,0.15622680944561337,84,83,250,252,15750,34.793856143951416,73,84,126,1.0593033468233712,0,2747,2686,8119,326141,1085.929283618927,341891,8369,1120.7231397628784,2831,fits/tv2_m16_bottleneck_00__X__s9101/p062/WARM_JOINT/WINNER.json,694ec3d51aa8484e9b546025191a18ca7719e88bee5e921b78c8aa53e7de310b,f8d457cfeb4edcd5c5485b053016f9f0c4790ee6fa34c1553c5bb3ed8399510f,False,,,765198,579,954403,104328,73d183425e679aa48d3e99df9453479a63244dcc795c2a18bfa9c0351d645e8f,True,False
tv2_m16_bottleneck_00__X__s9101,tv2_m16_bottleneck_00,X,9101,64,FROZEN_LAYERWISE,CONVERGED,0.3726515183923053,0.3726515183923062,0.00019311128559667404,0.0010214709975055534,0.1890521474111889,5,4,13,256,832,1.8994059562683105,3,5,2,0.0,0,366,304,974,27290,95.75703477859497,28122,987,97.65644073486328,371,fits/tv2_m16_bottleneck_00__X__s9101/p063/FROZEN_LAYERWISE/WINNER.json,11bb72afd5df22b7f1a4c968effdbc0f059fbc01e906d5a426bf1e5d839dbc1d,7fe99d4156eb570f0f505858ebf1ca823d96aa3d0cb0c95116006b5491a3e733,True,02463d322b0fcfcacbea449924757f614c294bd2159214493a156738f01f6023,4.3822631007876554e-16,777344,579,969552,105984,ffb90c9ae2eaceb2346b8e377fd59ec381e0fabbaad15c7630975bd6d5f18533,True,True
tv2_m16_bottleneck_00__X__s9101,tv2_m16_bottleneck_00,X,9101,64,WARM_JOINT,BUDGET_EXHAUSTED,-0.5749957251018726,-0.5749957251018744,0.12471524807452972,0.78907176771097,0.15805311148860138,86,85,256,256,16384,37.81136631965637,76,85,128,1.4512725876654404,0,2831,2769,8369,341891,1120.7231397628784,358275,8625,1158.5345060825348,2917,fits/tv2_m16_bottleneck_00__X__s9101/p063/WARM_JOINT/WINNER.json,f8d457cfeb4edcd5c5485b053016f9f0c4790ee6fa34c1553c5bb3ed8399510f,1bca4698d757381b1fef0dbd65d1538592662095791a7d1a75ae45cbe86cd92e,True,5a1735873f256608e859dd120266181c82122b3d3d57a7b31de38c01534b4b62,7.802476885071851e-16,777344,579,969552,105984,fdb2d6e05d2b2fa8077f74dcf1a5f3d161536bafbb0b214a8024c28a91d7d87a,True,False
tv2_m16_bottleneck_00__X__s9101,tv2_m16_bottleneck_00,X,9101,64,RANDOM_JOINT,BUDGET_EXHAUSTED,-0.067930642570795,-0.06793064257079395,0.052949403955158944,0.37175622320202567,0.14243044406652566,85,85,255,256,16320,36.965675592422485,79,85,128,4.595938522317294,0,0,0,0,0,0.0,16320,255,36.965675592422485,85,,,d816d5d0277b8106b61cb378d40e544d897f9b860863134920e98d0cf2eefb0f,True,5ac52ba52d115a256c55a7040ca66382fa021c688e921d12c71b2e33e8e42b46,1.4835608313937563e-15,777344,579,969552,105984,290ad856959d8a433df85e8c6c21c0e8707545d306bc9b46a162296682a31cf5,False,False
tv2_m16_bottleneck_00__X__s9101,tv2_m16_bottleneck_00,X,9101,65,FROZEN_LAYERWISE,CONVERGED,0.3726515182773403,0.37265151827733994,0.00019312939195160098,0.0010215633793730539,0.18905277523762343,4,3,10,260,650,4.283689975738525,2,4,2,0.0,0,371,308,987,28122,97.65644073486328,28772,997,101.9401307106018,375,fits/tv2_m16_bottleneck_00__X__s9101/p064/FROZEN_LAYERWISE/WINNER.json,7fe99d4156eb570f0f505858ebf1ca823d96aa3d0cb0c95116006b5491a3e733,4ad990c7ba4606b96d972ddea79bfd0a28d5d598c4e1083056ef2f6e8095316d,False,,,789490,579,984701,107640,70564ca633e22290fd469ad9d8f3ed0124c2b2205fcbf753cee9134dbce4efe4,True,True
tv2_m16_bottleneck_00__X__s9101,tv2_m16_bottleneck_00,X,9101,65,WARM_JOINT,BUDGET_EXHAUSTED,-0.5857665471233066,-0.5857665471233079,0.12590747882800443,0.7982300311529809,0.15773332737950352,87,86,259,260,16835,55.124595403671265,79,87,130,1.101274791059119,0,2917,2854,8625,358275,1158.5345060825348,375110,8884,1213.659101486206,3004,fits/tv2_m16_bottleneck_00__X__s9101/p064/WARM_JOINT/WINNER.json,1bca4698d757381b1fef0dbd65d1538592662095791a7d1a75ae45cbe86cd92e,f0ee0c8176ad5ee57c7e69bd17f544b6359896bdda2024fb5426ba17d02e8015,False,,,789490,579,984701,107640,cea498420b136fccb0081a6d0862b9d33508d4966b4e780fc5b50255c003781f,True,False
tv2_m16_bottleneck_00__X__s9101,tv2_m16_bottleneck_00,X,9101,66,FROZEN_LAYERWISE,CONVERGED,0.37265151728134777,0.3726515172813465,0.00019307688658921278,0.0010212970582380398,0.18905066359665473,5,4,13,264,858,1.9390430450439453,3,5,2,0.0,0,375,311,997,28772,101.9401307106018,29630,1010,103.87917375564575,380,fits/tv2_m16_bottleneck_00__X__s9101/p065/FROZEN_LAYERWISE/WINNER.json,4ad990c7ba4606b96d972ddea79bfd0a28d5d598c4e1083056ef2f6e8095316d,23fc65fe4f7fbd80660e14876dc54bb1ee2bc9f3893fc5670473d9aa33f8aed2,False,,,801636,579,999850,109296,d5ef48b22e4e1886ef23fbf2d455d36086cf01ae5a766d1125a03bdde912659d,True,True
tv2_m16_bottleneck_00__X__s9101,tv2_m16_bottleneck_00,X,9101,66,WARM_JOINT,BUDGET_EXHAUSTED,-0.5916953256463249,-0.5916953256463239,0.12619589897729222,0.8023582291368301,0.15728124221154016,88,87,262,264,17292,39.401535749435425,78,87,132,1.0920351169914762,0,3004,2940,8884,375110,1213.659101486206,392402,9146,1253.0606372356415,3092,fits/tv2_m16_bottleneck_00__X__s9101/p065/WARM_JOINT/WINNER.json,f0ee0c8176ad5ee57c7e69bd17f544b6359896bdda2024fb5426ba17d02e8015,85f964ef25857a86a4c2b788a72af3647c8dba8aed6822e15fc8dddab136ef9a,False,,,801636,579,999850,109296,4b0263c713f56e978105b67d9fce91125c5383fbc08be445618456587cb564be,True,False
tv2_m16_bottleneck_00__X__s9101,tv2_m16_bottleneck_00,X,9101,67,FROZEN_LAYERWISE,CONVERGED,0.3725987986150674,0.37259879861506745,0.0002017974865393886,0.0010673249440393434,0.18906846285787732,19,18,55,268,3685,8.076448678970337,10,19,2,0.0,0,380,315,1010,29630,103.87917375564575,33315,1065,111.95562243461609,399,fits/tv2_m16_bottleneck_00__X__s9101/p066/FROZEN_LAYERWISE/WINNER.json,23fc65fe4f7fbd80660e14876dc54bb1ee2bc9f3893fc5670473d9aa33f8aed2,0336929016432d7d3beb7dd912b592dd984ea5f6b764741686b869a048ec3b98,False,,,813782,579,1014999,110952,4592aefef11b6922e696a47b841034d54f853be2bdc0a9d30ff00d724ab15fe2,True,True
tv2_m16_bottleneck_00__X__s9101,tv2_m16_bottleneck_00,X,9101,67,WARM_JOINT,BUDGET_EXHAUSTED,-0.5943162640437766,-0.5943162640437767,0.12625982724588447,0.8038314194558979,0.15707252066776384,90,89,268,268,17956,40.46388578414917,81,90,134,0.9846375668414628,0,3092,3027,9146,392402,1253.0606372356415,410358,9414,1293.5245230197906,3182,fits/tv2_m16_bottleneck_00__X__s9101/p066/WARM_JOINT/WINNER.json,85f964ef25857a86a4c2b788a72af3647c8dba8aed6822e15fc8dddab136ef9a,08ba073f3e58aa0870d88d1bdb161e6896b83acc71d4f8bb13f78cfb47c47a66,False,,,813782,579,1014999,110952,5e4a7e6897d760e98040337faab002f1e0da12d881035a36f242f24b526797d5,True,False
tv2_m16_bottleneck_00__X__s9101,tv2_m16_bottleneck_00,X,9101,68,FROZEN_LAYERWISE,CONVERGED,0.37259879860592615,0.372598798605925,0.00020180091447636263,0.0010673428979161355,0.18906849417404262,5,4,13,272,884,2.0744340419769287,3,5,2,0.0,0,399,333,1065,33315,111.95562243461609,34199,1078,114.03005647659302,404,fits/tv2_m16_bottleneck_00__X__s9101/p067/FROZEN_LAYERWISE/WINNER.json,0336929016432d7d3beb7dd912b592dd984ea5f6b764741686b869a048ec3b98,b36f8c80f6926d0c2035e88fea195a3c1c32ee7e14c1cee39fdce7e11c4ccd73,False,,,825928,579,1030148,112608,b3d6d0f6579eab3f7c33a9fa09a5ab0d0f3bab86c131a050bdf501242ceeb216,True,True
tv2_m16_bottleneck_00__X__s9101,tv2_m16_bottleneck_00,X,9101,68,WARM_JOINT,BUDGET_EXHAUSTED,-0.5946662847280176,-0.5946662847280179,0.12633958950043764,0.8041913509444799,0.15710140298333042,91,90,271,272,18428,42.9562201499939,85,91,136,0.3189755074544194,0,3182,3116,9414,410358,1293.5245230197906,428786,9685,1336.4807431697845,3273,fits/tv2_m16_bottleneck_00__X__s9101/p067/WARM_JOINT/WINNER.json,08ba073f3e58aa0870d88d1bdb161e6896b83acc71d4f8bb13f78cfb47c47a66,d4e395749a78f339b2f2a214038fe37c190e068fae74594306632859c2c29f79,False,,,825928,579,1030148,112608,f7b28d7aa0a2a410f35256a195097d70254f1919b5c44d9e799194bc1e0e9bbe,True,False
tv2_m16_bottleneck_00__X__s9101,tv2_m16_bottleneck_00,X,9101,69,FROZEN_LAYERWISE,CONVERGED,0.37259879860592615,0.37259879860592504,0.00020180091447636263,0.0010673428979161355,0.18906849417404262,5,4,13,276,897,2.0144355297088623,3,1,2,0.0,0,404,337,1078,34199,114.03005647659302,35096,1091,116.04449200630188,409,fits/tv2_m16_bottleneck_00__X__s9101/p068/FROZEN_LAYERWISE/WINNER.json,b36f8c80f6926d0c2035e88fea195a3c1c32ee7e14c1cee39fdce7e11c4ccd73,c88a28d6df82541361a368d498f0718dd17b0accc60b4bb8b956754bfbc74818,False,,,838074,579,1045297,114264,851f11103dfdf841fc3357be7f58c78d239dddd96f3a98b09ab76d6dc29f46f3,True,True
tv2_m16_bottleneck_00__X__s9101,tv2_m16_bottleneck_00,X,9101,69,WARM_JOINT,BUDGET_EXHAUSTED,-0.6051841400154963,-0.6051841400154943,0.12787767389994167,0.8125542821501721,0.15737739214364016,92,91,274,276,18906,42.20397734642029,81,92,138,1.1146854414773835,0,3273,3206,9685,428786,1336.4807431697845,447692,9959,1378.6847205162048,3365,fits/tv2_m16_bottleneck_00__X__s9101/p068/WARM_JOINT/WINNER.json,d4e395749a78f339b2f2a214038fe37c190e068fae74594306632859c2c29f79,b1bb7076d515697751144f515070e5ff2bcb85be803d58332eed38070d01f6af,False,,,838074,579,1045297,114264,dc5fb3c276acda1c169c20c8f8535f8768b17930c01594a3e041f60396ddc1c7,True,False
tv2_m16_bottleneck_00__X__s9101,tv2_m16_bottleneck_00,X,9101,70,FROZEN_LAYERWISE,CONVERGED,0.37253298119349576,0.3725329811934963,0.00021080586531996046,0.0011138777395874285,0.18925404272648566,37,36,109,280,7630,17.32966661453247,19,37,2,0.0,0,409,341,1091,35096,116.04449200630188,42726,1200,133.37415862083435,446,fits/tv2_m16_bottleneck_00__X__s9101/p069/FROZEN_LAYERWISE/WINNER.json,c88a28d6df82541361a368d498f0718dd17b0accc60b4bb8b956754bfbc74818,51f562291248a4e0bf06e09ba4049075a90a6ba820695bf6a9608769d9f5eba4,False,,,850220,579,1060446,115920,7ace104bb262508b85fc6b3c860a00da9e8bf013c146bb3cd7ed51eb3d0bc8e7,True,True
tv2_m16_bottleneck_00__X__s9101,tv2_m16_bottleneck_00,X,9101,70,WARM_JOINT,BUDGET_EXHAUSTED,-0.6226621581302338,-0.6226621581302361,0.13067475005997664,0.8265575593492159,0.15809516056312212,94,93,280,280,19600,44.82009482383728,85,94,140,1.752472646695687,0,3365,3297,9959,447692,1378.6847205162048,467292,10239,1423.5048153400421,3459,fits/tv2_m16_bottleneck_00__X__s9101/p069/WARM_JOINT/WINNER.json,b1bb7076d515697751144f515070e5ff2bcb85be803d58332eed38070d01f6af,a6a80518ff8238eaa0dcbc48c6137ffbde785af289158c85e912325ba64a2b87,False,,,850220,579,1060446,115920,158a4deea72a27bf954772b67cb46981c2cfc31cd3a504ecda6bda6911684d32,True,False
tv2_m16_bottleneck_00__X__s9101,tv2_m16_bottleneck_00,X,9101,71,FROZEN_LAYERWISE,CONVERGED,0.3723953164070902,0.37239531640709045,0.00021330595254943048,0.0011194450109767845,0.19054616390965728,17,16,49,284,3479,7.662342071533203,11,17,2,0.0,0,446,377,1200,42726,133.37415862083435,46205,1249,141.03650069236755,463,fits/tv2_m16_bottleneck_00__X__s9101/p070/FROZEN_LAYERWISE/WINNER.json,51f562291248a4e0bf06e09ba4049075a90a6ba820695bf6a9608769d9f5eba4,dab7f28883411f1c35ea1be38aaad72eeb7cc2976358151cbc424954f97f183e,False,,,862366,579,1075595,117576,ed870083be5451de2aa9af717a2ce8276fbb9f91ea0ea9f5b93ca543811167e2,True,True
tv2_m16_bottleneck_00__X__s9101,tv2_m16_bottleneck_00,X,9101,71,WARM_JOINT,BUDGET_EXHAUSTED,-0.6451302987520986,-0.645130298752099,0.13455861177727974,0.8422133498109259,0.1597678448192346,95,94,283,284,20093,44.88005828857422,84,95,142,1.6485570867533843,0,3459,3390,10239,467292,1423.5048153400421,487385,10522,1468.3848736286163,3554,fits/tv2_m16_bottleneck_00__X__s9101/p070/WARM_JOINT/WINNER.json,a6a80518ff8238eaa0dcbc48c6137ffbde785af289158c85e912325ba64a2b87,345e01aaba29a484363f9b82daffe25a6afa045efb707fa87a26bceef67f4d96,False,,,862366,579,1075595,117576,c91f4aeee23e0acc199c5f732b959133af0831aa7d2361a7a7b3352a98a2df11,True,False
tv2_m16_bottleneck_00__X__s9101,tv2_m16_bottleneck_00,X,9101,72,FROZEN_LAYERWISE,CONVERGED,0.3723953155393908,0.3723953155393921,0.00021329579612882957,0.0011194126664309028,0.19054259660013909,5,4,13,288,936,2.0659728050231934,3,5,2,0.0,0,463,393,1249,46205,141.03650069236755,47141,1262,143.10247349739075,468,fits/tv2_m16_bottleneck_00__X__s9101/p071/FROZEN_LAYERWISE/WINNER.json,dab7f28883411f1c35ea1be38aaad72eeb7cc2976358151cbc424954f97f183e,1ca9009e606842595b825491b88fe7a4f215e9a1f27ac341fb15291579706db2,False,,,874512,579,1090744,119232,5737b103695f1da552ce67e65400311e8a4d0a3aaf69fdac9171545c3a3d8f7e,True,True
tv2_m16_bottleneck_00__X__s9101,tv2_m16_bottleneck_00,X,9101,72,WARM_JOINT,BUDGET_EXHAUSTED,-0.6656335284802681,-0.6656335284802695,0.14096169335052364,0.8568794172594557,0.1645058692171172,96,95,286,288,20592,45.71597719192505,81,96,144,1.2732106564140493,0,3554,3484,10522,487385,1468.3848736286163,507977,10808,1514.1008508205414,3650,fits/tv2_m16_bottleneck_00__X__s9101/p071/WARM_JOINT/WINNER.json,345e01aaba29a484363f9b82daffe25a6afa045efb707fa87a26bceef67f4d96,81ecc16181857032ac55307ca3c74f0c489ca77464e31c466911f0ee704cdf38,False,,,874512,579,1090744,119232,adcbd7c052afa5edc83a4f8a22e90ceca48846b9f126f8f5cc32c168d195b1ef,True,False
tv2_m16_bottleneck_00__X__s9101,tv2_m16_bottleneck_00,X,9101,73,FROZEN_LAYERWISE,CONVERGED,0.37187549255190305,0.37187549255190366,0.00022102336592328697,0.0011500617643206686,0.19218390940406888,17,16,49,292,3577,7.78214430809021,9,17,2,0.0,0,468,397,1262,47141,143.10247349739075,50718,1311,150.88461780548096,485,fits/tv2_m16_bottleneck_00__X__s9101/p072/FROZEN_LAYERWISE/WINNER.json,1ca9009e606842595b825491b88fe7a4f215e9a1f27ac341fb15291579706db2,293ad71863ecd52264878800208e62f3c6bf7dacd9b98a15f0910d13475e2edc,False,,,886658,579,1105893,120888,4466736ff7769f16b6d0afa6b7e0d46b5534b59afc3402a913d7f20bee860974,True,True
tv2_m16_bottleneck_00__X__s9101,tv2_m16_bottleneck_00,X,9101,73,WARM_JOINT,BUDGET_EXHAUSTED,-0.6714209477808843,-0.6714209477808837,0.14087791581838424,0.8609495695297141,0.16363085690993204,98,97,292,292,21316,47.42526650428772,87,98,146,0.8604004301114814,0,3650,3579,10808,507977,1514.1008508205414,529293,11100,1561.526117324829,3748,fits/tv2_m16_bottleneck_00__X__s9101/p072/WARM_JOINT/WINNER.json,81ecc16181857032ac55307ca3c74f0c489ca77464e31c466911f0ee704cdf38,8339f6457bd34b91f18cfbd203cc713759f53744d12ae48386664402cfd6446e,False,,,886658,579,1105893,120888,278212206621bac591391228e83817dcea2209ac0d337bf26de42ffd9a320c16,True,False
tv2_m16_bottleneck_00__X__s9101,tv2_m16_bottleneck_00,X,9101,74,FROZEN_LAYERWISE,CONVERGED,0.37074651691256927,0.37074651691256755,0.00017863196803286167,0.0009517289532380498,0.18769206025003804,14,13,40,296,2960,6.748603820800781,6,14,2,0.0,0,485,413,1311,50718,150.88461780548096,53678,1351,157.63322162628174,499,fits/tv2_m16_bottleneck_00__X__s9101/p073/FROZEN_LAYERWISE/WINNER.json,293ad71863ecd52264878800208e62f3c6bf7dacd9b98a15f0910d13475e2edc,77f19b8bbfd9222213e6aef856ccacce45c9656ab6a16618c3fd1d25f5b5ffb9,False,,,898804,579,1121042,122544,eb9ca353d33d6ba72a55bff403cb9f8b9fa37410520df28e754b357a2a893010,True,True
tv2_m16_bottleneck_00__X__s9101,tv2_m16_bottleneck_00,X,9101,74,WARM_JOINT,BUDGET_EXHAUSTED,-0.6725556862094229,-0.6725556862094224,0.14046140083570238,0.8619742296490478,0.16295313247693163,99,98,295,296,21830,49.48775839805603,88,99,148,0.6633305770763682,0,3748,3676,11100,529293,1561.526117324829,551123,11395,1611.0138757228851,3847,fits/tv2_m16_bottleneck_00__X__s9101/p073/WARM_JOINT/WINNER.json,8339f6457bd34b91f18cfbd203cc713759f53744d12ae48386664402cfd6446e,0d45ee9bdf601fe95a709c288a08c9b0c8d095ae0623bee118082d4c28709072,False,,,898804,579,1121042,122544,410be330f4fee1e3e1b4a5f94a2bee975b08d8a632e123fd9244c35b10dcb3b2,True,False
tv2_m16_bottleneck_00__X__s9101,tv2_m16_bottleneck_00,X,9101,75,FROZEN_LAYERWISE,CONVERGED,0.36813469964476553,0.368134699644764,0.00019837126450141692,0.0010592933417727006,0.18726754589946504,14,13,40,300,3000,6.702807664871216,9,14,2,0.0,0,499,426,1351,53678,157.63322162628174,56678,1391,164.33602929115295,513,fits/tv2_m16_bottleneck_00__X__s9101/p074/FROZEN_LAYERWISE/WINNER.json,77f19b8bbfd9222213e6aef856ccacce45c9656ab6a16618c3fd1d25f5b5ffb9,2e7c9dba8973b6b9d3787b85980631e98f06d4e90e9ac5fbc4244029c77705ee,False,,,910950,579,1136191,124200,c99f554371516c7c3adf61e83fda605e7b8ac6dbc0aacd0ea1ad4ce50cd4c26c,True,True
tv2_m16_bottleneck_00__X__s9101,tv2_m16_bottleneck_00,X,9101,75,WARM_JOINT,BUDGET_EXHAUSTED,-0.6732792464600411,-0.6732792464600419,0.13976093270264714,0.8628546627196375,0.16197505645056573,100,99,298,300,22350,49.870357275009155,92,100,150,0.5303010292802361,0,3847,3774,11395,551123,1611.0138757228851,573473,11693,1660.8842329978943,3947,fits/tv2_m16_bottleneck_00__X__s9101/p074/WARM_JOINT/WINNER.json,0d45ee9bdf601fe95a709c288a08c9b0c8d095ae0623bee118082d4c28709072,fd455d0f6fd3e79e722da1085f0aefbf15f5c6e71012810c67ccd622628aac8b,False,,,910950,579,1136191,124200,1f05e7c6fe9340123ef66597922c23504613ac28b993483b750dc785ab3a9857,True,False
tv2_m16_bottleneck_00__X__s9101,tv2_m16_bottleneck_00,X,9101,76,FROZEN_LAYERWISE,CONVERGED,0.36624833922586125,0.3662483392258613,0.0002494866678677406,0.001281752556591774,0.19464495435151274,17,16,49,304,3724,8.471158742904663,9,17,2,0.0,0,513,439,1391,56678,164.33602929115295,60402,1440,172.80718803405762,530,fits/tv2_m16_bottleneck_00__X__s9101/p075/FROZEN_LAYERWISE/WINNER.json,2e7c9dba8973b6b9d3787b85980631e98f06d4e90e9ac5fbc4244029c77705ee,f3b68c7270e3321b846f22e3e209c4e91b41f8051fd106d5b252d571cd5dc6a3,False,,,923096,579,1151340,125856,0f5bb6a7f069b1acec341ec00ea13bcd1907d3cd0aeaaa73c5a88edd8caae8d9,True,True
tv2_m16_bottleneck_00__X__s9101,tv2_m16_bottleneck_00,X,9101,76,WARM_JOINT,BUDGET_EXHAUSTED,-0.6794411663677222,-0.6794411663677249,0.14189253614559233,0.869060972454251,0.16327109448360577,102,101,304,304,23104,52.38594889640808,90,102,152,1.0591319089788138,0,3947,3873,11693,573473,1660.8842329978943,596577,11997,1713.2701818943024,4049,fits/tv2_m16_bottleneck_00__X__s9101/p075/WARM_JOINT/WINNER.json,fd455d0f6fd3e79e722da1085f0aefbf15f5c6e71012810c67ccd622628aac8b,27dc09e7a63f78cd76c463449786755add2fb69ae8e1d6e1cfc0bfca8aa950f8,False,,,923096,579,1151340,125856,33817c54407d06dc163e1af1a729fcf5d36bb5c474d9155656526a405dd800cf,True,False
tv2_m16_bottleneck_00__X__s9101,tv2_m16_bottleneck_00,X,9101,77,FROZEN_LAYERWISE,CONVERGED,0.3649314517646294,0.3649314517646286,0.00026478804313049404,0.0013492383592899901,0.19625001120619895,13,12,37,308,2849,6.332094192504883,8,13,2,0.0,0,530,455,1440,60402,172.80718803405762,63251,1477,179.1392822265625,543,fits/tv2_m16_bottleneck_00__X__s9101/p076/FROZEN_LAYERWISE/WINNER.json,f3b68c7270e3321b846f22e3e209c4e91b41f8051fd106d5b252d571cd5dc6a3,d258ad0c13bd83b34335a6ec43eedf19cd1b6999f3b47f47c4a0ea47f6aaec8e,False,,,935242,579,1166489,127512,16eac94a4ea40e24443fb65a89096958aa7f5956308ee24e81f1124a58bdd02b,True,True
tv2_m16_bottleneck_00__X__s9101,tv2_m16_bottleneck_00,X,9101,77,WARM_JOINT,BUDGET_EXHAUSTED,-0.6797644606055271,-0.6797644606055263,0.1421423147921641,0.8692877935663161,0.16351582967594075,103,102,307,308,23639,51.78043866157532,94,103,154,0.19879939979509098,0,4049,3974,11997,596577,1713.2701818943024,620216,12304,1765.0506205558777,4152,fits/tv2_m16_bottleneck_00__X__s9101/p076/WARM_JOINT/WINNER.json,27dc09e7a63f78cd76c463449786755add2fb69ae8e1d6e1cfc0bfca8aa950f8,15a2ac0d819337a201e695de82dc2e0cd069f5c4d68065edd169bfbc11a9a6c0,False,,,935242,579,1166489,127512,9484608e743624a2c45fb9ebfb4f64fa8c3b2746653989b95c45c877d11ef941,True,False
tv2_m16_bottleneck_00__X__s9101,tv2_m16_bottleneck_00,X,9101,78,FROZEN_LAYERWISE,CONVERGED,0.3638483405600563,0.3638483405600572,0.00027286940783205547,0.0013494837661214188,0.20220280872019342,14,13,40,312,3120,6.8369951248168945,5,14,2,0.0,0,543,467,1477,63251,179.1392822265625,66371,1517,185.9762773513794,557,fits/tv2_m16_bottleneck_00__X__s9101/p077/FROZEN_LAYERWISE/WINNER.json,d258ad0c13bd83b34335a6ec43eedf19cd1b6999f3b47f47c4a0ea47f6aaec8e,b5e62c0173142382b43d94a2f4fef320419f82afc342055aedc5dba820ddc2f4,False,,,947388,579,1181638,129168,f0945f31ba164167f999421d0134828103a352313e3ae75dfa49881fbe2a1588,True,True
tv2_m16_bottleneck_00__X__s9101,tv2_m16_bottleneck_00,X,9101,78,WARM_JOINT,BUDGET_EXHAUSTED,-0.6798286626717176,-0.6798286626717163,0.14218280107626402,0.8693335905044299,0.1635537872104569,104,103,310,312,24180,54.13804888725281,96,104,156,0.17505032971856416,0,4152,4076,12304,620216,1765.0506205558777,644396,12614,1819.1886694431305,4256,fits/tv2_m16_bottleneck_00__X__s9101/p077/WARM_JOINT/WINNER.json,15a2ac0d819337a201e695de82dc2e0cd069f5c4d68065edd169bfbc11a9a6c0,54d79bdfd36c5f53fd41d6de5ae3eab8aa58e4231c36b389cd23bb7de4d3dbb3,False,,,947388,579,1181638,129168,4af47c67c08668bc4276a24d14aa5740864d2c9e07eb542d64a6b679d88f84a4,True,False
tv2_m16_bottleneck_00__X__s9101,tv2_m16_bottleneck_00,X,9101,79,FROZEN_LAYERWISE,CONVERGED,0.36315027261522315,0.36315027261522465,0.0002864224843440684,0.0014476710767440813,0.1978505262315896,20,19,58,316,4582,10.371310710906982,11,20,2,0.0,0,557,480,1517,66371,185.9762773513794,70953,1575,196.34758806228638,577,fits/tv2_m16_bottleneck_00__X__s9101/p078/FROZEN_LAYERWISE/WINNER.json,b5e62c0173142382b43d94a2f4fef320419f82afc342055aedc5dba820ddc2f4,38e007f1c7cedd2d9872a9f15e34b1d9867c6b8a30df57ca2abd3079ee6fdfba,False,,,959534,579,1196787,130824,be928086becb417a4efa43045ad3def59f11c6fd958e482a9b74ad5610d8ef18,True,True
tv2_m16_bottleneck_00__X__s9101,tv2_m16_bottleneck_00,X,9101,79,WARM_JOINT,BUDGET_EXHAUSTED,-0.6798750557098479,-0.6798750557098466,0.14219548543664942,0.8693787774496733,0.16355987646004028,106,105,316,316,24964,54.159204721450806,98,106,158,0.17918307257833133,0,4256,4179,12614,644396,1819.1886694431305,669360,12930,1873.3478741645813,4362,fits/tv2_m16_bottleneck_00__X__s9101/p078/WARM_JOINT/WINNER.json,54d79bdfd36c5f53fd41d6de5ae3eab8aa58e4231c36b389cd23bb7de4d3dbb3,4f56e104c84cf5dea94597431ff800c9232f79e3404416b977097f51c6ff5627,False,,,959534,579,1196787,130824,e9c02265d0c8e5fe776adbca36dfce990c3bfabc8689a1b680d7398e681d4027,True,False
tv2_m16_bottleneck_00__X__s9101,tv2_m16_bottleneck_00,X,9101,80,FROZEN_LAYERWISE,CONVERGED,0.3631502698255742,0.3631502698255751,0.0002863855734554471,0.0014474394073020088,0.19785669231519867,4,3,10,320,800,1.799006462097168,2,4,2,0.0,0,577,499,1575,70953,196.34758806228638,71753,1585,198.14659452438354,581,fits/tv2_m16_bottleneck_00__X__s9101/p079/FROZEN_LAYERWISE/WINNER.json,38e007f1c7cedd2d9872a9f15e34b1d9867c6b8a30df57ca2abd3079ee6fdfba,8e9d81a63c00a69949503b8c5838750fd854de5e074a7599ebe807890e1f9efb,False,,,971680,579,1211936,132480,0c1f067a70893129c1e4d482e0c51450413385105252ac487879f521cb127dc7,True,True
tv2_m16_bottleneck_00__X__s9101,tv2_m16_bottleneck_00,X,9101,80,WARM_JOINT,BUDGET_EXHAUSTED,-0.6798971641254665,-0.6798971641254675,0.142197769398705,0.869406174969299,0.16355734924901627,107,106,319,320,25520,56.573466539382935,94,107,160,0.05264262381884954,0,4362,4284,12930,669360,1873.3478741645813,694880,13249,1929.9213407039642,4469,fits/tv2_m16_bottleneck_00__X__s9101/p079/WARM_JOINT/WINNER.json,4f56e104c84cf5dea94597431ff800c9232f79e3404416b977097f51c6ff5627,61a75b41ef558a72f36515fe67b8f5732e1233844b778b668445b64d07ad308a,False,,,971680,579,1211936,132480,0550079709290d81ab2f56e0a50b053fd74e86d6999e9b73fbf8fe231f5f658e,True,False
tv2_m16_bottleneck_00__X__s9101,tv2_m16_bottleneck_00,X,9101,81,FROZEN_LAYERWISE,CONVERGED,0.3631488947702962,0.36314889477029566,0.00028878854860670455,0.0014561573631076124,0.19832234889119096,21,20,61,324,4941,10.619626760482788,18,21,2,0.0,0,581,502,1585,71753,198.14659452438354,76694,1646,208.76622128486633,602,fits/tv2_m16_bottleneck_00__X__s9101/p080/FROZEN_LAYERWISE/WINNER.json,8e9d81a63c00a69949503b8c5838750fd854de5e074a7599ebe807890e1f9efb,a3f489abd76118fbe21121c2c42667e9321768b79abe0e4e179c8e953dd9ea67,False,,,983826,579,1227085,134136,b9deff207cbea774ce04c9370012f4ea880ebfd9a116a23574319dade1bba68a,True,True
tv2_m16_bottleneck_00__X__s9101,tv2_m16_bottleneck_00,X,9101,81,WARM_JOINT,BUDGET_EXHAUSTED,-0.6799062760344146,-0.6799062760344163,0.14221417771554046,0.869405323550838,0.16357638245727232,108,107,322,324,26082,56.07470917701721,99,108,162,0.052630591603836596,0,4469,4390,13249,694880,1929.9213407039642,720962,13571,1985.9960498809814,4577,fits/tv2_m16_bottleneck_00__X__s9101/p080/WARM_JOINT/WINNER.json,61a75b41ef558a72f36515fe67b8f5732e1233844b778b668445b64d07ad308a,faa6d74eb217845f651da9b0c79490bd8dd350321e8650d118ae7934bbcfaac7,False,,,983826,579,1227085,134136,c169ba709155534d267f6891891c9dd6956cbc20580c57f94e33713629f550bd,True,False
tv2_m16_bottleneck_00__X__s9101,tv2_m16_bottleneck_00,X,9101,82,FROZEN_LAYERWISE,CONVERGED,0.3631488947702961,0.3631488947702956,0.00028878854860670455,0.0014561573631076124,0.19832234889119096,5,4,13,328,1066,2.322209358215332,3,1,2,0.0,0,602,522,1646,76694,208.76622128486633,77760,1659,211.08843064308167,607,fits/tv2_m16_bottleneck_00__X__s9101/p081/FROZEN_LAYERWISE/WINNER.json,a3f489abd76118fbe21121c2c42667e9321768b79abe0e4e179c8e953dd9ea67,96dc83edcf60653cf043dd01f43992e3db8c4f781c826655156eb8f0c173c0f3,False,,,995972,579,1242234,135792,a357b517774ef26026b852aa69d42958817e9082789e66893628bd92b6e775d9,True,True
tv2_m16_bottleneck_00__X__s9101,tv2_m16_bottleneck_00,X,9101,82,WARM_JOINT,BUDGET_EXHAUSTED,-0.6799113518089778,-0.6799113518089761,0.1422078516810248,0.8694113980659394,0.16356796333401558,110,109,328,328,26896,58.80212950706482,98,110,164,0.03145484575914553,0,4577,4497,13571,720962,1985.9960498809814,747858,13899,2044.7981793880463,4687,fits/tv2_m16_bottleneck_00__X__s9101/p081/WARM_JOINT/WINNER.json,faa6d74eb217845f651da9b0c79490bd8dd350321e8650d118ae7934bbcfaac7,2f53dc805947c28baa593772f49903031916d7175fceb52881c636eaee8269d7,False,,,995972,579,1242234,135792,20b75927dd848a3befafa3d33ca29dbb3eb9267ee8160282af51e47b6da35cd6,True,False
tv2_m16_bottleneck_00__X__s9101,tv2_m16_bottleneck_00,X,9101,83,FROZEN_LAYERWISE,CONVERGED,0.36174364013224636,0.36174364013224497,0.00037477198635439533,0.0018102591034944277,0.20702670995050126,23,22,67,332,5561,12.035003185272217,13,23,2,0.0,0,607,526,1659,77760,211.08843064308167,83321,1726,223.12343382835388,630,fits/tv2_m16_bottleneck_00__X__s9101/p082/FROZEN_LAYERWISE/WINNER.json,96dc83edcf60653cf043dd01f43992e3db8c4f781c826655156eb8f0c173c0f3,3c02cffdcec0a912c4b60455d15ef1dfa6f68785682ce1cec8cb267e77b386df,False,,,1008118,579,1257383,137448,1c56352edda533a12097c94533c6ea4997c6a86ec735c75204bf6730ea8c58f6,True,True
tv2_m16_bottleneck_00__X__s9101,tv2_m16_bottleneck_00,X,9101,83,WARM_JOINT,BUDGET_EXHAUSTED,-0.6799151845387412,-0.6799151845387414,0.1422215632012172,0.8694076357282514,0.16358444227613275,111,110,331,332,27473,58.99535369873047,99,111,166,0.034208261100551196,0,4687,4606,13899,747858,2044.7981793880463,775331,14230,2103.7935330867767,4798,fits/tv2_m16_bottleneck_00__X__s9101/p082/WARM_JOINT/WINNER.json,2f53dc805947c28baa593772f49903031916d7175fceb52881c636eaee8269d7,3da84837174d60056ce640c18e84fe7bf943a1b471eba698db95d3f1be6fe2bd,False,,,1008118,579,1257383,137448,1558038e94de711c195f5044a5e6b81e83f4448945c9360b839d7761c1c0a180,True,False
tv2_m16_bottleneck_00__X__s9101,tv2_m16_bottleneck_00,X,9101,84,FROZEN_LAYERWISE,CONVERGED,0.3607529099341696,0.3607529099341702,0.00044408161753777296,0.002044540989620501,0.21720357762071646,23,22,67,336,5628,12.41587781906128,13,23,2,0.0,0,630,548,1726,83321,223.12343382835388,88949,1793,235.53931164741516,653,fits/tv2_m16_bottleneck_00__X__s9101/p083/FROZEN_LAYERWISE/WINNER.json,3c02cffdcec0a912c4b60455d15ef1dfa6f68785682ce1cec8cb267e77b386df,ea92d85db776b3776b2c8fe004e9adb3fed8505169d117d27834a363b9f2d977,False,,,1020264,579,1272532,139104,4b8b4baf8763ebad2bdf907ab92e15586e73d31a170c3dc8a1cd96192447dd81,True,True
tv2_m16_bottleneck_00__X__s9101,tv2_m16_bottleneck_00,X,9101,84,WARM_JOINT,BUDGET_EXHAUSTED,-0.6882027156533257,-0.6882027156533281,0.14386152546360356,0.8744043682770253,0.1645251678546349,112,111,334,336,28056,63.54173946380615,99,112,168,0.5072434482850533,0,4798,4716,14230,775331,2103.7935330867767,803387,14564,2167.335272550583,4910,fits/tv2_m16_bottleneck_00__X__s9101/p083/WARM_JOINT/WINNER.json,3da84837174d60056ce640c18e84fe7bf943a1b471eba698db95d3f1be6fe2bd,7d9508e69d913d61ad9f0abf53179c4e0e4610a68a7b2eb5f2177890c4d5f8ee,False,,,1020264,579,1272532,139104,f4c2746133b07ee089d7a0f5689a90c0502db331b0997d9f912e645d23e0d5b0,True,False
tv2_m16_bottleneck_00__X__s9101,tv2_m16_bottleneck_00,X,9101,85,FROZEN_LAYERWISE,CONVERGED,0.3607526344218588,0.36075263442185845,0.0004449093086698656,0.0020471728436397513,0.2173286491427091,20,19,58,340,4930,10.776448726654053,9,20,2,0.0,0,653,570,1793,88949,235.53931164741516,93879,1851,246.3157603740692,673,fits/tv2_m16_bottleneck_00__X__s9101/p084/FROZEN_LAYERWISE/WINNER.json,ea92d85db776b3776b2c8fe004e9adb3fed8505169d117d27834a363b9f2d977,a297a91130ddb311fbb7a2efd21552509c20b92fc6abc211542cdfd139674e12,False,,,1032410,579,1287681,140760,f7a7f483a69cc08d530a45624c5d4c4d07607f5bd0b0993d29026c38b0d545e3,True,True
tv2_m16_bottleneck_00__X__s9101,tv2_m16_bottleneck_00,X,9101,85,WARM_JOINT,BUDGET_EXHAUSTED,-0.6985475387727766,-0.6985475387727744,0.14460796533363168,0.883142535603874,0.16374249852516937,114,113,340,340,28900,64.06418371200562,105,114,170,1.1242375065605685,0,4910,4827,14564,803387,2167.335272550583,832287,14904,2231.3994562625885,5024,fits/tv2_m16_bottleneck_00__X__s9101/p084/WARM_JOINT/WINNER.json,7d9508e69d913d61ad9f0abf53179c4e0e4610a68a7b2eb5f2177890c4d5f8ee,6d3e634324737c7f882b9bf1aa6b540fccc1f099a8cb75576262ca8f732915b3,False,,,1032410,579,1287681,140760,0fef2d30a29240222113cbcae33eb89456d651c711c877b876485454a7399de7,True,False
tv2_m16_bottleneck_00__X__s9101,tv2_m16_bottleneck_00,X,9101,86,FROZEN_LAYERWISE,CONVERGED,0.3607526344218588,0.36075263442185845,0.0004449093086698656,0.0020471728436397513,0.2173286491427091,5,4,13,344,1118,2.504164218902588,3,1,2,0.0,0,673,589,1851,93879,246.3157603740692,94997,1864,248.8199245929718,678,fits/tv2_m16_bottleneck_00__X__s9101/p085/FROZEN_LAYERWISE/WINNER.json,a297a91130ddb311fbb7a2efd21552509c20b92fc6abc211542cdfd139674e12,532ac01a638444c2501940c65dad21e4aa006689007c3d374341bd6159c57da1,False,,,1044556,579,1302830,142416,e200885d9fa984bbdcddedfd52e061d28773758e26da254acbc642fcffdd1dd3,True,True
tv2_m16_bottleneck_00__X__s9101,tv2_m16_bottleneck_00,X,9101,86,WARM_JOINT,BUDGET_EXHAUSTED,-0.7125233204386807,-0.7125233204386822,0.15141960179657718,0.8934110989068723,0.1694848004259693,115,114,343,344,29498,64.77987408638,108,115,172,1.0395594770101528,0,5024,4940,14904,832287,2231.3994562625885,861785,15247,2296.1793303489685,5139,fits/tv2_m16_bottleneck_00__X__s9101/p085/WARM_JOINT/WINNER.json,6d3e634324737c7f882b9bf1aa6b540fccc1f099a8cb75576262ca8f732915b3,30860302ecbd1c74a8d6e6ef34af1836326f2cf9422a8c0fd3cbaa41a6072485,False,,,1044556,579,1302830,142416,73ce955faec38aec3a83114a88d698f92f083c5ff384ab821597004650a7137b,True,False
tv2_m16_bottleneck_00__X__s9101,tv2_m16_bottleneck_00,X,9101,87,FROZEN_LAYERWISE,CONVERGED,0.36075263428987436,0.3607526342898757,0.00044489304627494576,0.0020471225024417078,0.2173260494886354,5,4,13,348,1131,2.448763608932495,3,5,2,0.0,0,678,593,1864,94997,248.8199245929718,96128,1877,251.2686882019043,683,fits/tv2_m16_bottleneck_00__X__s9101/p086/FROZEN_LAYERWISE/WINNER.json,532ac01a638444c2501940c65dad21e4aa006689007c3d374341bd6159c57da1,5f9ceba4215f6dca76334cec5569e9cdf4c169ec1a3ad508978f570b7d86d112,False,,,1056702,579,1317979,144072,b1782044d3c0f6b55b60be90316c8c48fdd1bd647b3188c101ed5925f240ae82,True,True
tv2_m16_bottleneck_00__X__s9101,tv2_m16_bottleneck_00,X,9101,87,WARM_JOINT,BUDGET_EXHAUSTED,-0.7282247648359368,-0.7282247648359373,0.15570029877441519,0.9046398077586492,0.17211303044488047,116,115,346,348,30102,64.83823776245117,104,116,174,1.0565276799898982,0,5139,5054,15247,861785,2296.1793303489685,891887,15593,2361.0175681114197,5255,fits/tv2_m16_bottleneck_00__X__s9101/p086/WARM_JOINT/WINNER.json,30860302ecbd1c74a8d6e6ef34af1836326f2cf9422a8c0fd3cbaa41a6072485,2c236cc17ca0cb5042bf0932f367d4cca22242898910913cbdf2e7de0a58bf46,False,,,1056702,579,1317979,144072,d3207d73c8f6b3c80a3b9704a08e83cee4d418cbfcf13afec3b3cbd95f53ef53,True,False
tv2_m16_bottleneck_00__X__s9101,tv2_m16_bottleneck_00,X,9101,88,FROZEN_LAYERWISE,CONVERGED,0.36075263428987436,0.3607526342898756,0.00044489304627494576,0.0020471225024417078,0.2173260494886354,5,4,13,352,1144,2.5497171878814697,3,1,2,0.0,0,683,597,1877,96128,251.2686882019043,97272,1890,253.81840538978577,688,fits/tv2_m16_bottleneck_00__X__s9101/p087/FROZEN_LAYERWISE/WINNER.json,5f9ceba4215f6dca76334cec5569e9cdf4c169ec1a3ad508978f570b7d86d112,f12e5744fe55ebfec240424b05a965e42825f76f7a5ccf4000742964538b34d2,False,,,1068848,579,1333128,145728,5eb995482f87d0f1cf2787df86a72782ce6ab7bd6c8d140dc8d813f2f944af2c,True,True
tv2_m16_bottleneck_00__X__s9101,tv2_m16_bottleneck_00,X,9101,88,WARM_JOINT,BUDGET_EXHAUSTED,-0.7597327865349153,-0.7597327865349163,0.1615885957865863,0.9295804491743329,0.17382959799779749,118,117,352,352,30976,68.22404098510742,110,118,176,1.6382528332806303,0,5255,5169,15593,891887,2361.0175681114197,922863,15945,2429.241609096527,5373,fits/tv2_m16_bottleneck_00__X__s9101/p087/WARM_JOINT/WINNER.json,2c236cc17ca0cb5042bf0932f367d4cca22242898910913cbdf2e7de0a58bf46,13c2250e180793fdd1190bee4d28c4cf979fb4fe77c3f76243334968131bb0fa,False,,,1068848,579,1333128,145728,8ea4460fd25d519f7690448a5876b9dfd67e55d711aa9df3c1c46307a5ef2158,True,False
tv2_m16_bottleneck_00__X__s9101,tv2_m16_bottleneck_00,X,9101,89,FROZEN_LAYERWISE,CONVERGED,0.36075263428816906,0.36075263428816984,0.000444891372586077,0.0020471173300328563,0.21732578101858796,5,4,13,356,1157,2.5617191791534424,3,5,2,0.0,0,688,601,1890,97272,253.81840538978577,98429,1903,256.3801245689392,693,fits/tv2_m16_bottleneck_00__X__s9101/p088/FROZEN_LAYERWISE/WINNER.json,f12e5744fe55ebfec240424b05a965e42825f76f7a5ccf4000742964538b34d2,7ddeafc712fbf079c7126d5245d08de9fae4b9eefe6c5e3c44f5520450ebcd99,False,,,1080994,579,1348277,147384,884487f7841cfc63d080cf701f70ec743b059fbc58068d29569b161b35aa13c8,True,True
tv2_m16_bottleneck_00__X__s9101,tv2_m16_bottleneck_00,X,9101,89,WARM_JOINT,BUDGET_EXHAUSTED,-0.7789233788773328,-0.7789233788773345,0.16628537103343644,0.9447076611295094,0.1760178072808499,119,118,355,356,31595,68.82395911216736,110,119,178,1.2580725922389155,0,5373,5286,15945,922863,2429.241609096527,954458,16300,2498.0655682086945,5492,fits/tv2_m16_bottleneck_00__X__s9101/p088/WARM_JOINT/WINNER.json,13c2250e180793fdd1190bee4d28c4cf979fb4fe77c3f76243334968131bb0fa,4cdc73e90dd2f7a4b03d2a353e1471718f964c4d10462ae49a68c91d9d75c3d9,False,,,1080994,579,1348277,147384,b3a4a3a2e88b4884d0c3314126f5448560723746c8db6a89b0b0e5d61031f510,True,False
tv2_m16_bottleneck_00__X__s9101,tv2_m16_bottleneck_00,X,9101,90,FROZEN_LAYERWISE,CONVERGED,0.36075263428627646,0.36075263428627574,0.00044489382771001416,0.002047124931737547,0.217326173313907,4,3,10,360,900,2.045990467071533,2,4,2,0.0,0,693,605,1903,98429,256.3801245689392,99329,1913,258.42611503601074,697,fits/tv2_m16_bottleneck_00__X__s9101/p089/FROZEN_LAYERWISE/WINNER.json,7ddeafc712fbf079c7126d5245d08de9fae4b9eefe6c5e3c44f5520450ebcd99,d5a360dbc46870a040c48f8f31ff9d07470dc476a7a9fd5675de5e18165fb806,False,,,1093140,579,1363426,149040,f5037a2ce2c98b941ebdf276c4963a9fa99d8668400be90551c540018da9c487,True,True
tv2_m16_bottleneck_00__X__s9101,tv2_m16_bottleneck_00,X,9101,90,WARM_JOINT,BUDGET_EXHAUSTED,-0.7971338196599096,-0.7971338196599113,0.1694481230282778,0.9588263739198415,0.17672451200476028,120,119,358,360,32220,71.0449607372284,108,120,180,1.5709915930766076,0,5492,5404,16300,954458,2498.0655682086945,986678,16658,2569.110528945923,5612,fits/tv2_m16_bottleneck_00__X__s9101/p089/WARM_JOINT/WINNER.json,4cdc73e90dd2f7a4b03d2a353e1471718f964c4d10462ae49a68c91d9d75c3d9,f526c5be48baf63df1a26fb79cc91a64d76fadc4ddcab4816751a9c13f99df1f,False,,,1093140,579,1363426,149040,6f4006c8cf8ab3188deeee2f21d2ccc3b74840b1d75ad7dc16877c8e789143aa,True,False
tv2_m16_bottleneck_00__X__s9101,tv2_m16_bottleneck_00,X,9101,91,FROZEN_LAYERWISE,CONVERGED,0.36075230123629387,0.360752301236293,0.0004452943831345889,0.0020490168618042225,0.21732099497829094,22,21,64,364,5824,12.425838232040405,14,22,2,0.0,0,697,608,1913,99329,258.42611503601074,105153,1977,270.85195326805115,719,fits/tv2_m16_bottleneck_00__X__s9101/p090/FROZEN_LAYERWISE/WINNER.json,d5a360dbc46870a040c48f8f31ff9d07470dc476a7a9fd5675de5e18165fb806,ce92287d6ea50cab8a4305b12578b62c19a72ac788d8a760259f661b805ec282,False,,,1105286,579,1378575,150696,22a0b1692d15536bca1ea6ff73442c79700e50b39596ab79222807fae63b70b6,True,True
tv2_m16_bottleneck_00__X__s9101,tv2_m16_bottleneck_00,X,9101,91,WARM_JOINT,BUDGET_EXHAUSTED,-0.801504057867986,-0.8015040578679863,0.17102567162798446,0.961860815932654,0.17780708892081434,122,121,364,364,33124,71.2201681137085,113,121,182,0.9120161295630742,0,5612,5523,16658,986678,2569.110528945923,1019802,17022,2640.3306970596313,5734,fits/tv2_m16_bottleneck_00__X__s9101/p090/WARM_JOINT/WINNER.json,f526c5be48baf63df1a26fb79cc91a64d76fadc4ddcab4816751a9c13f99df1f,6d8f40eb6d5e627c2170413e3cf87bd3bca406c017e8d1f3915939caaf388da7,False,,,1105286,579,1378575,150696,99139787d0e60beb88a102d0d1327a22f88b83798025558eccdd01f33cd1dc33,True,False
tv2_m16_bottleneck_00__X__s9101,tv2_m16_bottleneck_00,X,9101,92,FROZEN_LAYERWISE,CONVERGED,0.36075230123261787,0.3607523012326175,0.00044529317412828084,0.0020490113225164626,0.2173209924391246,4,3,10,368,920,2.0395660400390625,2,4,2,0.0,0,719,629,1977,105153,270.85195326805115,106073,1987,272.8915193080902,723,fits/tv2_m16_bottleneck_00__X__s9101/p091/FROZEN_LAYERWISE/WINNER.json,ce92287d6ea50cab8a4305b12578b62c19a72ac788d8a760259f661b805ec282,fb7d5fed85f1322f40ad16caebcef4c53f503b41801b7ccfa730ccf99eff0485,False,,,1117432,579,1393724,152352,31f0f4e791f98555f743093f812fb525963d62d66de7211504b4a34c6d9a93f0,True,True
tv2_m16_bottleneck_00__X__s9101,tv2_m16_bottleneck_00,X,9101,92,WARM_JOINT,BUDGET_EXHAUSTED,-0.8062552964431956,-0.8062552964431962,0.17235839956972843,0.9651303032182178,0.17858562620508442,123,122,367,368,33764,74.1137638092041,117,123,184,0.9680387900471843,0,5734,5644,17022,1019802,2640.3306970596313,1053566,17389,2714.4444608688354,5857,fits/tv2_m16_bottleneck_00__X__s9101/p091/WARM_JOINT/WINNER.json,6d8f40eb6d5e627c2170413e3cf87bd3bca406c017e8d1f3915939caaf388da7,9fedeb617c9a52ad23fda312eef93be6635c3da0a1422ad6a4e01581cee55e09,False,,,1117432,579,1393724,152352,756c9d736cb07c2626bfbb437322a408de29f05da6a74b96293e17ecf95d01e5,True,False
tv2_m16_bottleneck_00__X__s9101,tv2_m16_bottleneck_00,X,9101,93,FROZEN_LAYERWISE,CONVERGED,0.3607523012264274,0.36075230122642715,0.0004452911627111757,0.002049002202346662,0.21732097808445341,5,4,13,372,1209,2.615886688232422,3,5,2,0.0,0,723,632,1987,106073,272.8915193080902,107282,2000,275.50740599632263,728,fits/tv2_m16_bottleneck_00__X__s9101/p092/FROZEN_LAYERWISE/WINNER.json,fb7d5fed85f1322f40ad16caebcef4c53f503b41801b7ccfa730ccf99eff0485,63ffb5e7dc788b3121e6cc0790ac3d397f01732c4b9243eb6d6226fff00cd42e,False,,,1129578,579,1408873,154008,e3da97c46c19e12abb00f57ea233eca2676117c607606ebdaff261fa3c5de53a,True,True
tv2_m16_bottleneck_00__X__s9101,tv2_m16_bottleneck_00,X,9101,93,WARM_JOINT,BUDGET_EXHAUSTED,-0.8104980660358682,-0.8104980660358686,0.1731667568336398,0.9680640580600055,0.17887944025177935,124,123,370,372,34410,74.05890774726868,113,124,186,0.7602860340665838,0,5857,5766,17389,1053566,2714.4444608688354,1087976,17759,2788.503368616104,5981,fits/tv2_m16_bottleneck_00__X__s9101/p092/WARM_JOINT/WINNER.json,9fedeb617c9a52ad23fda312eef93be6635c3da0a1422ad6a4e01581cee55e09,cbb2f97debd0e3cee15b8a521b957b00e31a978ce1844e14f00e12c9ca67affd,False,,,1129578,579,1408873,154008,2b964b3c0e4bd81872e8aa631e04a7adc8b1b987167a13a2c9772cfdcd7ee5ed,True,False
tv2_m16_bottleneck_00__X__s9101,tv2_m16_bottleneck_00,X,9101,94,FROZEN_LAYERWISE,CONVERGED,0.360752301221392,0.3607523012213916,0.0004452932557968588,0.002049011804742061,0.21732098115116247,4,3,10,376,940,2.0912413597106934,2,4,2,0.0,0,728,636,2000,107282,275.50740599632263,108222,2010,277.5986473560333,732,fits/tv2_m16_bottleneck_00__X__s9101/p093/FROZEN_LAYERWISE/WINNER.json,63ffb5e7dc788b3121e6cc0790ac3d397f01732c4b9243eb6d6226fff00cd42e,952dbe4b9a4049969ff8a78039b20559f8be4d511879c3f5c31e3f3e306f5741,False,,,1141724,579,1424022,155664,c2703990eb2daf0aef020fe5b0bc963db8634cfb93318fdd72913cccc5569678,True,True
tv2_m16_bottleneck_00__X__s9101,tv2_m16_bottleneck_00,X,9101,94,WARM_JOINT,BUDGET_EXHAUSTED,-0.8195527820984752,-0.8195527820984726,0.17428567415153834,0.9743568562563382,0.17887252810143564,126,125,376,376,35344,78.47571969032288,115,126,188,1.2824069399856448,0,5981,5889,17759,1087976,2788.503368616104,1123320,18135,2866.979088306427,6107,fits/tv2_m16_bottleneck_00__X__s9101/p093/WARM_JOINT/WINNER.json,cbb2f97debd0e3cee15b8a521b957b00e31a978ce1844e14f00e12c9ca67affd,f054ae71e5676b429f5ff4414fd35637abb62c24063f6ec3dd79d3fcd2eb1914,False,,,1141724,579,1424022,155664,934327941afb95147fb7242ff688d44709b86f0252a0974db2f9bf5434d80b32,True,False
tv2_m16_bottleneck_00__X__s9101,tv2_m16_bottleneck_00,X,9101,95,FROZEN_LAYERWISE,CONVERGED,0.36075230121286317,0.36075230121286184,0.00044529093863690365,0.0020490013071232296,0.21732096367575585,4,3,10,380,950,2.0906405448913574,2,4,2,0.0,0,732,639,2010,108222,277.5986473560333,109172,2020,279.6892879009247,736,fits/tv2_m16_bottleneck_00__X__s9101/p094/FROZEN_LAYERWISE/WINNER.json,952dbe4b9a4049969ff8a78039b20559f8be4d511879c3f5c31e3f3e306f5741,d11df4739d310a4b5278f43fe69506b9c042d041960bc47bd85528cbce2d086d,False,,,1153870,579,1439171,157320,826bfd5f96f50c1504ccc1c1eb5f08265a3872b0c15dff17fcb5f5697f9e5227,True,True
tv2_m16_bottleneck_00__X__s9101,tv2_m16_bottleneck_00,X,9101,95,WARM_JOINT,BUDGET_EXHAUSTED,-0.8237142231218245,-0.8237142231218239,0.17710137440001364,0.9770012834333118,0.18127036003233893,127,126,379,380,36005,78.01409029960632,116,127,190,1.0329223500221663,0,6107,6014,18135,1123320,2866.979088306427,1159325,18514,2944.9931786060333,6234,fits/tv2_m16_bottleneck_00__X__s9101/p094/WARM_JOINT/WINNER.json,f054ae71e5676b429f5ff4414fd35637abb62c24063f6ec3dd79d3fcd2eb1914,7991ca3a870b891963b47ab052537f3aa9679631feae8de2647ce5c22b57f5ad,False,,,1153870,579,1439171,157320,b3722208a8ce7cff550b01adb9256f496fb1e8e9784a9a50fcdc015591510deb,True,False
tv2_m16_bottleneck_00__X__s9101,tv2_m16_bottleneck_00,X,9101,96,FROZEN_LAYERWISE,CONVERGED,0.36075230121286317,0.3607523012128617,0.0004452909386369038,0.00204900130712323,0.2173209636757559,5,4,13,384,1248,2.758875608444214,3,1,2,0.0,0,736,642,2020,109172,279.6892879009247,110420,2033,282.4481635093689,741,fits/tv2_m16_bottleneck_00__X__s9101/p095/FROZEN_LAYERWISE/WINNER.json,d11df4739d310a4b5278f43fe69506b9c042d041960bc47bd85528cbce2d086d,def09493c16a96d5a205913a93618ad3b4b11a18d3df3d04a515fa7320d7c65c,False,,,1166016,579,1454320,158976,1fa20de62fe6b9e22a92af255ac81e860ee8ebeb2ba6c19733ad75788da035d6,True,True
tv2_m16_bottleneck_00__X__s9101,tv2_m16_bottleneck_00,X,9101,96,WARM_JOINT,BUDGET_EXHAUSTED,-0.8281997607006679,-0.8281997607006654,0.1772971381650145,0.9800173831025091,0.18091223811125945,128,127,382,384,36672,80.23204112052917,119,128,192,0.641234877260029,0,6234,6140,18514,1159325,2944.9931786060333,1195997,18896,3025.2252197265625,6362,fits/tv2_m16_bottleneck_00__X__s9101/p095/WARM_JOINT/WINNER.json,7991ca3a870b891963b47ab052537f3aa9679631feae8de2647ce5c22b57f5ad,6725d12866884e73ab19e8053a1dbad5a4de0a6cdde3278fcf81cf05192be4a6,False,,,1166016,579,1454320,158976,d9ffd565f4ee4983729ff95b0337fe8a7aa64eb7669aa83bfa6c977a792d9c73,True,False
tv2_m16_bottleneck_00__X__s9101,tv2_m16_bottleneck_00,X,9101,97,FROZEN_LAYERWISE,CONVERGED,0.36075230116540824,0.36075230116540813,0.0004452850559580945,0.002048975156391486,0.21732086627262964,4,3,10,388,970,2.0883164405822754,2,4,2,0.0,0,741,646,2033,110420,282.4481635093689,111390,2043,284.5364799499512,745,fits/tv2_m16_bottleneck_00__X__s9101/p096/FROZEN_LAYERWISE/WINNER.json,def09493c16a96d5a205913a93618ad3b4b11a18d3df3d04a515fa7320d7c65c,1e67b87ca4ba1777596e32c40f6d19c24f4fe71148d0a1333e1b91442a281b8b,False,,,1178162,579,1469469,160632,111801a9bdebd38b3e3e99591e93750fdfc56839977e0599d3064b3d70447960,True,True
tv2_m16_bottleneck_00__X__s9101,tv2_m16_bottleneck_00,X,9101,97,WARM_JOINT,BUDGET_EXHAUSTED,-0.8303098036785518,-0.83030980367855,0.17838896820897823,0.9813688807421089,0.1817756520607021,130,129,388,388,37636,80.99470448493958,115,129,194,0.7632831011778878,0,6362,6267,18896,1195997,3025.2252197265625,1233633,19284,3106.219924211502,6492,fits/tv2_m16_bottleneck_00__X__s9101/p096/WARM_JOINT/WINNER.json,6725d12866884e73ab19e8053a1dbad5a4de0a6cdde3278fcf81cf05192be4a6,66cbb2a6a27367254c34a6c68e3b1798527722f3d80d881e1f025529e4e9ffd3,False,,,1178162,579,1469469,160632,495dc7192de149114e07e2763b327929e8b15917ded2def2da9eab3772ce70aa,True,False
tv2_m16_bottleneck_00__X__s9101,tv2_m16_bottleneck_00,X,9101,98,FROZEN_LAYERWISE,CONVERGED,0.3607523011492735,0.3607523011492728,0.0004452819015134511,0.0020489612347140236,0.2173208033267646,4,3,10,392,980,2.1278278827667236,2,4,2,0.0,0,745,649,2043,111390,284.5364799499512,112370,2053,286.6643078327179,749,fits/tv2_m16_bottleneck_00__X__s9101/p097/FROZEN_LAYERWISE/WINNER.json,1e67b87ca4ba1777596e32c40f6d19c24f4fe71148d0a1333e1b91442a281b8b,b67844fc8023643b937a81fbc42cbf9ea8d3ca27120631b3fe6f8efa60e9972a,False,,,1190308,579,1484618,162288,b76d3ea2afa1c078810ad23a73e7b2d5b3dc5296a30412fb9039b8c0563602dd,True,True
tv2_m16_bottleneck_00__X__s9101,tv2_m16_bottleneck_00,X,9101,98,WARM_JOINT,BUDGET_EXHAUSTED,-0.831206107763353,-0.831206107763353,0.17731163229579533,0.9821027007598117,0.1805428619212805,131,130,391,392,38318,85.7594108581543,116,131,196,0.3831666011471183,0,6492,6396,19284,1233633,3106.219924211502,1271951,19675,3191.9793350696564,6623,fits/tv2_m16_bottleneck_00__X__s9101/p097/WARM_JOINT/WINNER.json,66cbb2a6a27367254c34a6c68e3b1798527722f3d80d881e1f025529e4e9ffd3,a93e1ab8645413dd4db462a6a93e1593d4cb3840587e3f29d4086f9fb5971a8c,False,,,1190308,579,1484618,162288,65b8412c784f24bd16b8e7aa4a5987b9ccbedf3fbc3739cda77999504009807b,True,False
tv2_m16_bottleneck_00__X__s9101,tv2_m16_bottleneck_00,X,9101,99,FROZEN_LAYERWISE,CONVERGED,0.3607523009484457,0.36075230094844585,0.0004452921717157689,0.0020490091535936192,0.2173207332601716,5,4,13,396,1287,3.0389792919158936,3,5,2,0.0,0,749,652,2053,112370,286.6643078327179,113657,2066,289.7032871246338,754,fits/tv2_m16_bottleneck_00__X__s9101/p098/FROZEN_LAYERWISE/WINNER.json,b67844fc8023643b937a81fbc42cbf9ea8d3ca27120631b3fe6f8efa60e9972a,37563643cbbe3472b3764dd39353b4c2c0ce4ee3ebeb190a0e3471053e70d7bd,False,,,1202454,579,1499767,163944,4c74f09708e13ae2cd3964c4a0b050f230c666903503abac4b70bc5128c445b3,True,True
tv2_m16_bottleneck_00__X__s9101,tv2_m16_bottleneck_00,X,9101,99,WARM_JOINT,BUDGET_EXHAUSTED,-0.8330147477155027,-0.8330147477155038,0.17922099769957428,0.9832200354987776,0.1822796436493051,132,131,394,396,39006,84.05715250968933,122,132,198,1.0940856959333134,0,6623,6526,19675,1271951,3191.9793350696564,1310957,20069,3276.0364875793457,6755,fits/tv2_m16_bottleneck_00__X__s9101/p098/WARM_JOINT/WINNER.json,a93e1ab8645413dd4db462a6a93e1593d4cb3840587e3f29d4086f9fb5971a8c,ef142c01532bd2787bcdba3f9ed20ecd30b1d031ffb56c2bea913e43340d61c5,False,,,1202454,579,1499767,163944,94ea1d7d53e473f5a24053ac045bdbac1e5770d79f05ab93c04dfd4292b5b76c,True,False
tv2_m16_bottleneck_00__X__s9101,tv2_m16_bottleneck_00,X,9101,100,FROZEN_LAYERWISE,CONVERGED,0.3607523009484457,0.36075230094844585,0.0004452921717157689,0.00204900915359362,0.2173207332601715,4,3,10,400,1000,2.2128846645355225,2,1,2,0.0,0,754,656,2066,113657,289.7032871246338,114657,2076,291.9161717891693,758,fits/tv2_m16_bottleneck_00__X__s9101/p099/FROZEN_LAYERWISE/WINNER.json,37563643cbbe3472b3764dd39353b4c2c0ce4ee3ebeb190a0e3471053e70d7bd,f4b675fc358fd9dfbfedd819d1a052fd1ef3c104620d7cb77530ddfda5a9f425,False,,,1214600,579,1514916,165600,fa92430044d64a24ca3a183c1ec9a3f36cb1257de537550415daa427bbef8aff,True,True
tv2_m16_bottleneck_00__X__s9101,tv2_m16_bottleneck_00,X,9101,100,WARM_JOINT,BUDGET_EXHAUSTED,-0.8348650219080401,-0.8348650219080423,0.18139799061847775,0.9842855363553045,0.18429407313062177,134,133,400,400,40000,87.67703413963318,120,134,200,0.7363833317525209,0,6755,6657,20069,1310957,3276.0364875793457,1350957,20469,3363.713521718979,6889,fits/tv2_m16_bottleneck_00__X__s9101/p099/WARM_JOINT/WINNER.json,ef142c01532bd2787bcdba3f9ed20ecd30b1d031ffb56c2bea913e43340d61c5,2ff9cf1429e27d6d09457e4198e41ab2fcfeee31920063551c505f196b33ca68,False,,,1214600,579,1514916,165600,cc671c65fae16ef0597478128b9b1ffe142c81d18347a94807834fe044eaa0e4,True,False
tv2_m16_bottleneck_00__X__s9101,tv2_m16_bottleneck_00,X,9101,101,FROZEN_LAYERWISE,CONVERGED,0.36075230090142846,0.3607523009014281,0.0004452884021961784,0.0020489901166990446,0.21732091266186537,4,3,10,404,1010,2.1999661922454834,2,4,2,0.0,0,758,659,2076,114657,291.9161717891693,115667,2086,294.1161379814148,762,fits/tv2_m16_bottleneck_00__X__s9101/p100/FROZEN_LAYERWISE/WINNER.json,f4b675fc358fd9dfbfedd819d1a052fd1ef3c104620d7cb77530ddfda5a9f425,b39ce809844c28a2647f0181911a903fa3ad90d43a34f5d5a2853f68c4ccab69,False,,,1226746,579,1530065,167256,7878a55b3d8db11f19ae0cb49e5e6c7a4f460eea0bc809a93f04f3e530147311,True,True
tv2_m16_bottleneck_00__X__s9101,tv2_m16_bottleneck_00,X,9101,101,WARM_JOINT,BUDGET_EXHAUSTED,-0.8363593665521041,-0.8363593665521051,0.1819160405100231,0.9853282911746122,0.18462480184463248,135,134,403,404,40703,87.14431595802307,119,135,202,0.5923490964037963,0,6889,6790,20469,1350957,3363.713521718979,1391660,20872,3450.857837677002,7024,fits/tv2_m16_bottleneck_00__X__s9101/p100/WARM_JOINT/WINNER.json,2ff9cf1429e27d6d09457e4198e41ab2fcfeee31920063551c505f196b33ca68,8a750b9032b884011bce2b6fc46f3fed4a0c181ee9a513f5b9d2951d908ab4c9,False,,,1226746,579,1530065,167256,6f0944908aac2e7a142a3adf0f7169443d025bc3baeade9dd4dbeb91a8e70063,True,False
tv2_m16_bottleneck_00__X__s9101,tv2_m16_bottleneck_00,X,9101,102,FROZEN_LAYERWISE,CONVERGED,0.36075230090142846,0.3607523009014281,0.0004452884021961784,0.002048990116699045,0.21732091266186532,4,3,10,408,1020,2.2288355827331543,2,1,2,0.0,0,762,662,2086,115667,294.1161379814148,116687,2096,296.34497356414795,766,fits/tv2_m16_bottleneck_00__X__s9101/p101/FROZEN_LAYERWISE/WINNER.json,b39ce809844c28a2647f0181911a903fa3ad90d43a34f5d5a2853f68c4ccab69,18b0afce28d4671bed32ab16ea32a597c2213f70df459dfec542300253782b68,False,,,1238892,579,1545214,168912,e76b25c6f61d8b6faf5c8552f40a5d2f5764950f2ae071c025e70ddba8e4333e,True,True
tv2_m16_bottleneck_00__X__s9101,tv2_m16_bottleneck_00,X,9101,102,WARM_JOINT,BUDGET_EXHAUSTED,-0.839192912143353,-0.8391929121433533,0.18401963803982935,0.9872000489215217,0.18640562086768914,136,135,406,408,41412,90.15377593040466,122,136,204,0.7401349724056997,0,7024,6924,20872,1391660,3450.857837677002,1433072,21278,3541.0116136074066,7160,fits/tv2_m16_bottleneck_00__X__s9101/p101/WARM_JOINT/WINNER.json,8a750b9032b884011bce2b6fc46f3fed4a0c181ee9a513f5b9d2951d908ab4c9,505a85bab842d94e1e0e366890ad50cdb01eeb28da4e687eec4ec3f3fd8ed181,False,,,1238892,579,1545214,168912,ab29419a9dce7a8b70a504724aa050bba0b74bcdd24ea7669ea2a84204bef4f4,True,False
tv2_m16_bottleneck_00__X__s9101,tv2_m16_bottleneck_00,X,9101,103,FROZEN_LAYERWISE,CONVERGED,0.3607523008532518,0.3607523008532505,0.00044529374574249985,0.0020490153052425174,0.21732084899668222,4,3,10,412,1030,2.203248977661133,2,4,2,0.0,0,766,665,2096,116687,296.34497356414795,117717,2106,298.5482225418091,770,fits/tv2_m16_bottleneck_00__X__s9101/p102/FROZEN_LAYERWISE/WINNER.json,18b0afce28d4671bed32ab16ea32a597c2213f70df459dfec542300253782b68,9001c77b49c7d6679ba30f77bd3f7bc7b0ae4ca58970fe7e8de611f78c3ad881,False,,,1251038,579,1560363,170568,98c81b3450fd6ca7ef39e7c42bce5026ee04358563c5f37aa1ad711230c3019b,True,True
tv2_m16_bottleneck_00__X__s9101,tv2_m16_bottleneck_00,X,9101,103,WARM_JOINT,BUDGET_EXHAUSTED,-0.8414690397150897,-0.8414690397150866,0.1882952811876004,0.9885254593466456,0.1904809627382303,138,137,412,412,42436,89.89397358894348,123,138,206,0.5523132833499605,0,7160,7059,21278,1433072,3541.0116136074066,1475508,21690,3630.90558719635,7298,fits/tv2_m16_bottleneck_00__X__s9101/p102/WARM_JOINT/WINNER.json,505a85bab842d94e1e0e366890ad50cdb01eeb28da4e687eec4ec3f3fd8ed181,9101bc01482e2c0647eb88050611c7ecf39768946469963f7a1e66269f4e7d57,False,,,1251038,579,1560363,170568,f4c4dc690d0f2a69e404d8a5d0d0b45e1cee3500aa948391d7a463bffae0724b,True,False
tv2_m16_bottleneck_00__X__s9101,tv2_m16_bottleneck_00,X,9101,104,FROZEN_LAYERWISE,CONVERGED,0.36075230085161814,0.3607523008516177,0.0004452929294170965,0.0020490113960703535,0.21732086520899332,4,3,10,416,1040,2.2538628578186035,2,4,2,0.0,0,770,668,2106,117717,298.5482225418091,118757,2116,300.8020853996277,774,fits/tv2_m16_bottleneck_00__X__s9101/p103/FROZEN_LAYERWISE/WINNER.json,9001c77b49c7d6679ba30f77bd3f7bc7b0ae4ca58970fe7e8de611f78c3ad881,8420f17aa180c465cb8ab9fb67e81618e1a95f9ecb756e5d3eef16a221390592,False,,,1263184,579,1575512,172224,6825b10860aa11f1d37bb2ed45aade39892d7ad5c2747304d4a50f740f91dd8e,True,True
tv2_m16_bottleneck_00__X__s9101,tv2_m16_bottleneck_00,X,9101,104,WARM_JOINT,BUDGET_EXHAUSTED,-0.8438166376010984,-0.8438166376010977,0.19205253045845472,0.9899109159217386,0.19400991278051347,139,138,415,416,43160,93.35467505455017,126,139,208,1.2044755212050278,0,7298,7196,21690,1475508,3630.90558719635,1518668,22105,3724.2602622509003,7437,fits/tv2_m16_bottleneck_00__X__s9101/p103/WARM_JOINT/WINNER.json,9101bc01482e2c0647eb88050611c7ecf39768946469963f7a1e66269f4e7d57,cd34903a66563fe334de34ed1e8fe10b880b08c83b2482aa5775206cea4d6aa4,False,,,1263184,579,1575512,172224,ecd81e6d0a03123d215ce30c32718f4f09fd18cf1de12ed574e545697a9c8d57,True,False
tv2_m16_bottleneck_00__X__s9101,tv2_m16_bottleneck_00,X,9101,105,FROZEN_LAYERWISE,CONVERGED,0.3607523008411409,0.36075230084114324,0.0004452905391979703,0.0020490005505846894,0.21732084897239537,4,3,10,420,1050,2.222019672393799,2,4,2,0.0,0,774,671,2116,118757,300.8020853996277,119807,2126,303.0241050720215,778,fits/tv2_m16_bottleneck_00__X__s9101/p104/FROZEN_LAYERWISE/WINNER.json,8420f17aa180c465cb8ab9fb67e81618e1a95f9ecb756e5d3eef16a221390592,2bf7e9d596a2445ed16280ceeafb6b3cc69c636d6202605ad24e2a92f10e2038,False,,,1275330,579,1590661,173880,e8b6229b4e6f1855e0e381d31cf78972ef6b3108a991e117e5b3815518c960b4,True,True
tv2_m16_bottleneck_00__X__s9101,tv2_m16_bottleneck_00,X,9101,105,WARM_JOINT,BUDGET_EXHAUSTED,-0.844987757155071,-0.8449877571550715,0.1939559435596899,0.9905434749939249,0.19580760305435302,140,139,418,420,43890,94.70986843109131,126,140,210,0.5677143516098782,0,7437,7334,22105,1518668,3724.2602622509003,1562558,22523,3818.9701306819916,7577,fits/tv2_m16_bottleneck_00__X__s9101/p104/WARM_JOINT/WINNER.json,cd34903a66563fe334de34ed1e8fe10b880b08c83b2482aa5775206cea4d6aa4,61c652e3ac427d6af653dda49f4aaecf3a339e47a1aa3f6a9f789c51d74a2718,False,,,1275330,579,1590661,173880,e21cbe128c998917334939b4667accaa78f15f5645d62b8dccf557ae5869bdb1,True,False
tv2_m16_bottleneck_00__X__s9101,tv2_m16_bottleneck_00,X,9101,106,FROZEN_LAYERWISE,CONVERGED,0.3607523008148258,0.3607523008148267,0.0004452861650985432,0.002048981002139288,0.21732078756886056,4,3,10,424,1060,2.297532558441162,2,4,2,0.0,0,778,674,2126,119807,303.0241050720215,120867,2136,305.32163763046265,782,fits/tv2_m16_bottleneck_00__X__s9101/p105/FROZEN_LAYERWISE/WINNER.json,2bf7e9d596a2445ed16280ceeafb6b3cc69c636d6202605ad24e2a92f10e2038,84bd39421986e62ba1d890576b57756527ba767d0d0252ef883a9b503be6f895,False,,,1287476,579,1605810,175536,ff1331c021865204c80273ac11eff8383e685937289ab5842a0f19f4a24d9c6f,True,True
tv2_m16_bottleneck_00__X__s9101,tv2_m16_bottleneck_00,X,9101,106,WARM_JOINT,BUDGET_EXHAUSTED,-0.845809932745919,-0.8458099327459201,0.19810648610174383,0.9906876226698573,0.19996866980921393,142,141,424,424,44944,97.20650172233582,129,142,212,0.7894160594647244,0,7577,7473,22523,1562558,3818.9701306819916,1607502,22947,3916.1766324043274,7719,fits/tv2_m16_bottleneck_00__X__s9101/p105/WARM_JOINT/WINNER.json,61c652e3ac427d6af653dda49f4aaecf3a339e47a1aa3f6a9f789c51d74a2718,05370cbcaf7853cd04c7b07bc3830e704765c94f4258febea5c8548c682a5c2f,False,,,1287476,579,1605810,175536,1c2db84a7e695939951782c0feb8af332d5f5ba596f654146db2925fcde7f604,True,False
tv2_m16_bottleneck_00__X__s9101,tv2_m16_bottleneck_00,X,9101,107,FROZEN_LAYERWISE,CONVERGED,0.3607522994959915,0.36075229949599347,0.0004452486259983126,0.00204882055765193,0.21731948380515761,5,4,13,428,1391,2.961975574493408,3,5,2,0.0,0,782,677,2136,120867,305.32163763046265,122258,2149,308.28361320495605,787,fits/tv2_m16_bottleneck_00__X__s9101/p106/FROZEN_LAYERWISE/WINNER.json,84bd39421986e62ba1d890576b57756527ba767d0d0252ef883a9b503be6f895,a199481f42603be7136158304dd53deec92a908c13f8e7aa92a51c877f1f31d3,False,,,1299622,579,1620959,177192,8f4dd9b2ef8e3a2c18232ce0beffccbb5454b3960369efa6dfe7b5879239a130,True,True
tv2_m16_bottleneck_00__X__s9101,tv2_m16_bottleneck_00,X,9101,107,WARM_JOINT,BUDGET_EXHAUSTED,-0.846130793354207,-0.8461307933542097,0.1985997242577262,0.9908419111681651,0.20043532880395082,143,142,427,428,45689,97.26102066040039,131,143,214,0.237722067274726,0,7719,7614,22947,1607502,3916.1766324043274,1653191,23374,4013.437653064728,7862,fits/tv2_m16_bottleneck_00__X__s9101/p106/WARM_JOINT/WINNER.json,05370cbcaf7853cd04c7b07bc3830e704765c94f4258febea5c8548c682a5c2f,bae25b2fe5d650505753556458543b63dc82eecc3d994d088a8492ae81af24b7,False,,,1299622,579,1620959,177192,aed8ccf991a2611814caa2f7d895600aa224f484f49aa0b08f0cca021e0abd5e,True,False
tv2_m16_bottleneck_00__X__s9101,tv2_m16_bottleneck_00,X,9101,108,FROZEN_LAYERWISE,CONVERGED,0.36075229875481196,0.36075229875481346,0.00044527444471751727,0.002048934036017793,0.21732004881081027,4,3,10,432,1080,2.3917059898376465,2,4,2,0.0,0,787,681,2149,122258,308.28361320495605,123338,2159,310.6753191947937,791,fits/tv2_m16_bottleneck_00__X__s9101/p107/FROZEN_LAYERWISE/WINNER.json,a199481f42603be7136158304dd53deec92a908c13f8e7aa92a51c877f1f31d3,f21e5a13eea68bff55b36ea1aef369e185575dda484e71d1fdde0e4f06861b14,False,,,1311768,579,1636108,178848,9d50c85af615a1ba2df9172b9665f2eb3d18f181917632fb8dd4ef9d4f654719,True,True
tv2_m16_bottleneck_00__X__s9101,tv2_m16_bottleneck_00,X,9101,108,WARM_JOINT,BUDGET_EXHAUSTED,-0.8462793597509577,-0.8462793597509598,0.1992081477864406,0.9908981554327413,0.20103796408768485,144,143,430,432,46440,102.76020979881287,132,144,216,0.1232431221691761,0,7862,7756,23374,1653191,4013.437653064728,1699631,23804,4116.197862863541,8006,fits/tv2_m16_bottleneck_00__X__s9101/p107/WARM_JOINT/WINNER.json,bae25b2fe5d650505753556458543b63dc82eecc3d994d088a8492ae81af24b7,05897475cb6bf79b5fbfa44cd7e7709b6f344a575e83a844260a58227a6b3c3e,False,,,1311768,579,1636108,178848,9fe2f315cac7f210fe314b7f1501a08fea5ed0768aee2b3fcf07029098906800,True,False
tv2_m16_bottleneck_00__X__s9101,tv2_m16_bottleneck_00,X,9101,109,FROZEN_LAYERWISE,CONVERGED,0.360752298704708,0.36075229870471004,0.0004452681885693968,0.0020489067686896433,0.21731988754869672,4,3,10,436,1090,2.395097017288208,2,4,2,0.0,0,791,684,2159,123338,310.6753191947937,124428,2169,313.0704162120819,795,fits/tv2_m16_bottleneck_00__X__s9101/p108/FROZEN_LAYERWISE/WINNER.json,f21e5a13eea68bff55b36ea1aef369e185575dda484e71d1fdde0e4f06861b14,2aa8f0267b989cd3aad237c195aab3cf5159ffddc21a44ec617b0a3f6d3cf9e0,False,,,1323914,579,1651257,180504,3fd30bf7ed8b359f92c5b4fd6598567f55f80f7c501613d8b45662457c96ce87,True,True
tv2_m16_bottleneck_00__X__s9101,tv2_m16_bottleneck_00,X,9101,109,WARM_JOINT,BUDGET_EXHAUSTED,-0.8463977214084062,-0.8463977214084039,0.1994970886876696,0.9909126837492208,0.20132660723733165,146,145,436,436,47524,103.00085234642029,133,146,218,0.19946541800724393,0,8006,7899,23804,1699631,4116.197862863541,1747155,24240,4219.198715209961,8152,fits/tv2_m16_bottleneck_00__X__s9101/p108/WARM_JOINT/WINNER.json,05897475cb6bf79b5fbfa44cd7e7709b6f344a575e83a844260a58227a6b3c3e,a867274bc5f759bf5cf3ec55a36c86abc079d58683f4ebc51ef59d7ff2173e63,False,,,1323914,579,1651257,180504,51d0a7123342c44e12fc070ace4b8a4539ded7538c0dbd6008154a008df6e973,True,False
tv2_m16_bottleneck_00__X__s9101,tv2_m16_bottleneck_00,X,9101,110,FROZEN_LAYERWISE,CONVERGED,0.36075229867244196,0.36075229867244174,0.0004452626655445413,0.0020488828337255054,0.217319730643121,5,4,13,440,1430,3.1771960258483887,3,5,2,0.0,0,795,687,2169,124428,313.0704162120819,125858,2182,316.2476122379303,800,fits/tv2_m16_bottleneck_00__X__s9101/p109/FROZEN_LAYERWISE/WINNER.json,2aa8f0267b989cd3aad237c195aab3cf5159ffddc21a44ec617b0a3f6d3cf9e0,f7dc7ed9529697790a1996057310cb78bddadcde551f92a2ade6dd01fea90802,False,,,1336060,579,1666406,182160,f7bd15fc43a4eedc6788b8e1d475b51bd9846b674683f3b4f1fac886523f3016,True,True
tv2_m16_bottleneck_00__X__s9101,tv2_m16_bottleneck_00,X,9101,110,WARM_JOINT,BUDGET_EXHAUSTED,-0.8464582864032373,-0.846458286403236,0.19972971565756006,0.9909517225630986,0.20155342698326287,147,146,439,440,48290,105.58396577835083,133,147,220,0.10022441939790294,0,8152,8044,24240,1747155,4219.198715209961,1795445,24679,4324.782680988312,8299,fits/tv2_m16_bottleneck_00__X__s9101/p109/WARM_JOINT/WINNER.json,a867274bc5f759bf5cf3ec55a36c86abc079d58683f4ebc51ef59d7ff2173e63,f610ad7bcb984ae9cb6f6e29ac6a8931b86ac2066b452d641becb9f57938039b,False,,,1336060,579,1666406,182160,1f5db64edc868cba25193c34f20f9e125b0de62b814209bcaac6117fe0d36a29,True,False
tv2_m16_bottleneck_00__X__s9101,tv2_m16_bottleneck_00,X,9101,111,FROZEN_LAYERWISE,CONVERGED,0.3607522985528463,0.3607522985528464,0.00044527271286027794,0.0020489269642940218,0.21731995362445783,5,4,13,444,1443,3.321641445159912,3,5,2,0.0,0,800,691,2182,125858,316.2476122379303,127301,2195,319.5692536830902,805,fits/tv2_m16_bottleneck_00__X__s9101/p110/FROZEN_LAYERWISE/WINNER.json,f7dc7ed9529697790a1996057310cb78bddadcde551f92a2ade6dd01fea90802,b8231850ab62b02c89d2cbe0cb52a10b7215f314d3add2bf722cffc290ed2a59,False,,,1348206,579,1681555,183816,cff0684643834c269096e44c4425d7a76c77e268e529e1fc4202178ab1c675d6,True,True
tv2_m16_bottleneck_00__X__s9101,tv2_m16_bottleneck_00,X,9101,111,WARM_JOINT,BUDGET_EXHAUSTED,-0.8465181289727082,-0.8465181289727053,0.19961861540978648,0.9909638802617728,0.2014388408960529,148,147,442,444,49062,109.21323490142822,132,148,222,0.1527425721997544,0,8299,8190,24679,1795445,4324.782680988312,1844507,25121,4433.99591588974,8447,fits/tv2_m16_bottleneck_00__X__s9101/p110/WARM_JOINT/WINNER.json,f610ad7bcb984ae9cb6f6e29ac6a8931b86ac2066b452d641becb9f57938039b,dd599211bced4bc0f735bba9aaf24a894848eacf82ce1517418a70cbe103166c,False,,,1348206,579,1681555,183816,8f58448f19c4e4022acccddb8bf02dee5443ef70f7551b9f1e5533b231e3b400,True,False
tv2_m16_bottleneck_00__X__s9101,tv2_m16_bottleneck_00,X,9101,112,FROZEN_LAYERWISE,CONVERGED,0.3607522977716998,0.36075229777169915,0.0004452437333304682,0.002048803192785107,0.21731893765999638,5,4,13,448,1456,3.1660549640655518,3,5,2,0.0,0,805,695,2195,127301,319.5692536830902,128757,2208,322.73530864715576,810,fits/tv2_m16_bottleneck_00__X__s9101/p111/FROZEN_LAYERWISE/WINNER.json,b8231850ab62b02c89d2cbe0cb52a10b7215f314d3add2bf722cffc290ed2a59,4dad992329b0e8155a64cb205a4c055a9982b4b63e9646da06ca0acfa1158d97,False,,,1360352,579,1696704,185472,82ae9fc60bab6d874ac0ad83304e51b5f1d7bd6891cadaae3034595874b65080,True,True
tv2_m16_bottleneck_00__X__s9101,tv2_m16_bottleneck_00,X,9101,112,WARM_JOINT,BUDGET_EXHAUSTED,-0.8466040753489544,-0.8466040753489525,0.2001232896670796,0.99098659862056,0.2019434873747521,150,149,448,448,50176,109.27073740959167,133,150,224,0.27700234462445206,0,8447,8337,25121,1844507,4433.99591588974,1894683,25569,4543.266653299332,8597,fits/tv2_m16_bottleneck_00__X__s9101/p111/WARM_JOINT/WINNER.json,dd599211bced4bc0f735bba9aaf24a894848eacf82ce1517418a70cbe103166c,4959e8928df0a261c00ca0e7bfa02ea8c8cd7f1fce3c2dc441172de6d5fcc151,False,,,1360352,579,1696704,185472,39f29bfd7f4ee26956e31b4a4e22e002fd9e0e0ce554fa7b7ca4800c47c6cdb8,True,False
tv2_m16_bottleneck_00__X__s9101,tv2_m16_bottleneck_00,X,9101,113,FROZEN_LAYERWISE,CONVERGED,0.36013529360113716,0.3601352936011363,0.00046377409737773784,0.0020930949641260257,0.22157336639113615,18,17,52,452,5876,12.582779884338379,10,18,2,0.0,0,810,699,2208,128757,322.73530864715576,134633,2260,335.31808853149414,828,fits/tv2_m16_bottleneck_00__X__s9101/p112/FROZEN_LAYERWISE/WINNER.json,4dad992329b0e8155a64cb205a4c055a9982b4b63e9646da06ca0acfa1158d97,5d9a18a9563bad0cb78af62c80a3cf5bfdb4c42e476d66ccf406c6697fe11141,False,,,1372498,579,1711853,187128,0315f8c8be2e67ed0836c7aec8076c6539646fae7982b3e5ec4c33418cf0ab21,True,True
tv2_m16_bottleneck_00__X__s9101,tv2_m16_bottleneck_00,X,9101,113,WARM_JOINT,BUDGET_EXHAUSTED,-0.8467024467089338,-0.8467024467089306,0.2000821394601786,0.9910243512626653,0.2018942715234532,151,150,451,452,50963,113.44760203361511,139,151,226,0.21026352341077004,0,8597,8486,25569,1894683,4543.266653299332,1945646,26020,4656.714255332947,8748,fits/tv2_m16_bottleneck_00__X__s9101/p112/WARM_JOINT/WINNER.json,4959e8928df0a261c00ca0e7bfa02ea8c8cd7f1fce3c2dc441172de6d5fcc151,f15212bd80da4b94f3da8ddb2cd4837400545331b2f540af621282b898805f37,False,,,1372498,579,1711853,187128,c1b52ad491ffb344d146d7c3a155edc41c557d55a27ca1a9fd96c28fef611671,True,False
tv2_m16_bottleneck_00__X__s9101,tv2_m16_bottleneck_00,X,9101,114,FROZEN_LAYERWISE,CONVERGED,0.3597378438251905,0.3597378438251901,0.00047484540642246784,0.002143793802642742,0.22149770460065074,15,14,43,456,4902,11.173701286315918,10,15,2,0.0,0,828,716,2260,134633,335.31808853149414,139535,2303,346.49178981781006,843,fits/tv2_m16_bottleneck_00__X__s9101/p113/FROZEN_LAYERWISE/WINNER.json,5d9a18a9563bad0cb78af62c80a3cf5bfdb4c42e476d66ccf406c6697fe11141,472f3172264fc1b144bb67076b66e2503bb5be024b2d63e9a5d3589439a30eda,False,,,1384644,579,1727002,188784,10df320fe5d417f550053821107a36753c2c66ecb11e3c1eea3990ed9fd85335,True,True
tv2_m16_bottleneck_00__X__s9101,tv2_m16_bottleneck_00,X,9101,114,WARM_JOINT,BUDGET_EXHAUSTED,-0.8467716928328843,-0.8467716928328852,0.2006790543568862,0.9910407216550216,0.2024932477262443,152,151,454,456,51756,118.67676186561584,135,152,228,0.2031999808207237,0,8748,8636,26020,1945646,4656.714255332947,1997402,26474,4775.391017198563,8900,fits/tv2_m16_bottleneck_00__X__s9101/p113/WARM_JOINT/WINNER.json,f15212bd80da4b94f3da8ddb2cd4837400545331b2f540af621282b898805f37,718bac44020e372981a4a53286acb4791e348e68ab0b18cebfb342e6252717c6,False,,,1384644,579,1727002,188784,500c630f7f6c2b9b6ec3ec948d1b02eec88c45ba1d5d1e841c7db95ec8ef01c5,True,False
tv2_m16_bottleneck_00__X__s9101,tv2_m16_bottleneck_00,X,9101,115,FROZEN_LAYERWISE,CONVERGED,0.3597378438195478,0.3597378438195491,0.0004748474516998753,0.002143802170132298,0.22149779411342396,5,4,13,460,1495,3.452834367752075,3,5,2,0.0,0,843,730,2303,139535,346.49178981781006,141030,2316,349.94462418556213,848,fits/tv2_m16_bottleneck_00__X__s9101/p114/FROZEN_LAYERWISE/WINNER.json,472f3172264fc1b144bb67076b66e2503bb5be024b2d63e9a5d3589439a30eda,8221e9cf835d97e24bda84cd615f5284e67c78556e6417221817a6be39ec1a1c,False,,,1396790,579,1742151,190440,fb9f616699aae37c781127f221ac09ab721b804cbb91a0cf52cd6c92242ef4bc,True,True
tv2_m16_bottleneck_00__X__s9101,tv2_m16_bottleneck_00,X,9101,115,WARM_JOINT,BUDGET_EXHAUSTED,-0.8469600877056807,-0.8469600877056795,0.2005979418935257,0.991163444155572,0.20238634008987932,154,153,460,460,52900,120.16426658630371,142,154,230,0.29813742843897034,0,8900,8787,26474,1997402,4775.391017198563,2050302,26934,4895.555283784866,9054,fits/tv2_m16_bottleneck_00__X__s9101/p114/WARM_JOINT/WINNER.json,718bac44020e372981a4a53286acb4791e348e68ab0b18cebfb342e6252717c6,ba23d79a4db58ac6cdcf986fedba11e57bbf090d54a25f10655fab05134e24e1,False,,,1396790,579,1742151,190440,9095b990360bef18e427b80671aa6a30fdb195aa44fddfa4a780c33867fa3bf7,True,False
tv2_m16_bottleneck_00__X__s9101,tv2_m16_bottleneck_00,X,9101,116,FROZEN_LAYERWISE,CONVERGED,0.35973781347372974,0.35973781347373057,0.00047490429363595117,0.0021441392970700784,0.2214894779853613,19,18,55,464,6380,14.78342080116272,14,19,2,0.0,0,848,734,2316,141030,349.94462418556213,147410,2371,364.72804498672485,867,fits/tv2_m16_bottleneck_00__X__s9101/p115/FROZEN_LAYERWISE/WINNER.json,8221e9cf835d97e24bda84cd615f5284e67c78556e6417221817a6be39ec1a1c,2097cb9e71ce50a8eeb13f99d35a04798bc94088ccc7f9ace2575cecd1055a88,False,,,1408936,579,1757300,192096,bce501b45e74f482cbdc223efc753555d948c8128713164a2270d311412f9abc,True,True
tv2_m16_bottleneck_00__X__s9101,tv2_m16_bottleneck_00,X,9101,116,WARM_JOINT,BUDGET_EXHAUSTED,-0.8475163378148384,-0.8475163378148396,0.20253853286010332,0.9914410321704664,0.20428701888271175,155,154,463,464,53708,125.39240717887878,146,155,232,0.8140178195918839,0,9054,8940,26934,2050302,4895.555283784866,2104010,27397,5020.947690963745,9209,fits/tv2_m16_bottleneck_00__X__s9101/p115/WARM_JOINT/WINNER.json,ba23d79a4db58ac6cdcf986fedba11e57bbf090d54a25f10655fab05134e24e1,b8a6e19082c8dfe5470085c44eee43cccc49f0f1329a45614d1414268d7c2980,False,,,1408936,579,1757300,192096,be1c5a3e5d54ab0c19d3ac5ac88e4fbe4ecc292743b26275106062f13ccbe447,True,False
tv2_m16_bottleneck_00__X__s9101,tv2_m16_bottleneck_00,X,9101,117,FROZEN_LAYERWISE,CONVERGED,0.35973781347372974,0.35973781347373057,0.00047490429363595117,0.0021441392970700784,0.2214894779853613,5,4,13,468,1521,3.4399774074554443,3,1,2,0.0,0,867,752,2371,147410,364.72804498672485,148931,2384,368.1680223941803,872,fits/tv2_m16_bottleneck_00__X__s9101/p116/FROZEN_LAYERWISE/WINNER.json,2097cb9e71ce50a8eeb13f99d35a04798bc94088ccc7f9ace2575cecd1055a88,9f40fdcb58d2b5dae2c9b6bcfde48fd29fe1b0acf67ce34eafaf6d2b7cd96e24,False,,,1421082,579,1772449,193752,d38e1dfb8d4c9bad8a5f417f3ba28aa9cb3410f4c9c77d2cdaf3de90e153f92a,True,True
tv2_m16_bottleneck_00__X__s9101,tv2_m16_bottleneck_00,X,9101,117,WARM_JOINT,BUDGET_EXHAUSTED,-0.8483480981416632,-0.8483480981416629,0.20283951574043985,0.9919928690855031,0.20447678815214995,156,155,466,468,54522,121.9263231754303,142,156,234,0.5905691866933777,0,9209,9094,27397,2104010,5020.947690963745,2158532,27863,5142.874014139175,9365,fits/tv2_m16_bottleneck_00__X__s9101/p116/WARM_JOINT/WINNER.json,b8a6e19082c8dfe5470085c44eee43cccc49f0f1329a45614d1414268d7c2980,2ea89f1cbfba001fb86b2d879eae03f36d58aeb46d8921fbc8cd7bb935dbd594,False,,,1421082,579,1772449,193752,eb192aaf7941afc19f84586c87fe5abc0bf68c8b22b66086dba5ba0bd3529736,True,False
tv2_m16_bottleneck_00__X__s9101,tv2_m16_bottleneck_00,X,9101,118,FROZEN_LAYERWISE,CONVERGED,0.3597378134616008,0.35973781346160133,0.0004749028047282213,0.002144131398927587,0.2214895994554017,4,3,10,472,1180,2.7246735095977783,2,4,2,0.0,0,872,756,2384,148931,368.1680223941803,150111,2394,370.8926959037781,876,fits/tv2_m16_bottleneck_00__X__s9101/p117/FROZEN_LAYERWISE/WINNER.json,9f40fdcb58d2b5dae2c9b6bcfde48fd29fe1b0acf67ce34eafaf6d2b7cd96e24,5da57fc7efc7c2435c49924e5387d3eb09d8b2c6189f6e7d96bd0744afdec52c,False,,,1433228,579,1787598,195408,cd34632bd2177034c5c782b61c56c913e5195ae30346a66fa7e3fe70b1de8738,True,True
tv2_m16_bottleneck_00__X__s9101,tv2_m16_bottleneck_00,X,9101,118,WARM_JOINT,BUDGET_EXHAUSTED,-0.849349697876969,-0.849349697876969,0.2047385496094329,0.9926130946822735,0.20626218886923697,158,157,472,472,55696,127.13535451889038,142,157,236,0.8021079524176347,0,9365,9249,27863,2158532,5142.874014139175,2214228,28335,5270.009368658066,9523,fits/tv2_m16_bottleneck_00__X__s9101/p117/WARM_JOINT/WINNER.json,2ea89f1cbfba001fb86b2d879eae03f36d58aeb46d8921fbc8cd7bb935dbd594,a294af8f72db13cfa604bf248f894a706c9170411743b0bc177b0523ff1290f7,False,,,1433228,579,1787598,195408,fd41dbfc5c648e09b8008d6902c932493a01b18439a2825732a88b345bd5bd13,True,False
tv2_m16_bottleneck_00__X__s9101,tv2_m16_bottleneck_00,X,9101,119,FROZEN_LAYERWISE,CONVERGED,0.3597378124215487,0.3597378124215477,0.0004748835115527399,0.0021440422060471694,0.2214898149921459,4,3,10,476,1190,2.6409943103790283,2,4,2,0.0,0,876,759,2394,150111,370.8926959037781,151301,2404,373.5336902141571,880,fits/tv2_m16_bottleneck_00__X__s9101/p118/FROZEN_LAYERWISE/WINNER.json,5da57fc7efc7c2435c49924e5387d3eb09d8b2c6189f6e7d96bd0744afdec52c,d3bf39452cc6211d8cedd7d2a4624bc6be1f5df77440b737353cdcc9b1e9d4e1,False,,,1445374,579,1802747,197064,e9d46e189256d454348f02c4b2c8d8d37f2331755bab978f515df238e44a68ec,True,True
tv2_m16_bottleneck_00__X__s9101,tv2_m16_bottleneck_00,X,9101,119,WARM_JOINT,BUDGET_EXHAUSTED,-0.850169624767346,-0.8501696247673449,0.20518713117141238,0.9931006526994138,0.20661262341705183,159,158,475,476,56525,126.18955278396606,147,159,238,0.4654374414685052,0,9523,9406,28335,2214228,5270.009368658066,2270753,28810,5396.198921442032,9682,fits/tv2_m16_bottleneck_00__X__s9101/p118/WARM_JOINT/WINNER.json,a294af8f72db13cfa604bf248f894a706c9170411743b0bc177b0523ff1290f7,e41c14c0cafb3f552e621aad999d1b0ba8d9ba2c4bc8958a828848dbffc2846f,False,,,1445374,579,1802747,197064,0318e2a8b2789d659f9c6fc920c06970d480307bdd2f0d8022bc08807da57fa9,True,False
tv2_m16_bottleneck_00__X__s9101,tv2_m16_bottleneck_00,X,9101,120,FROZEN_LAYERWISE,CONVERGED,0.359452445493443,0.3594524454934438,0.0004827659853258259,0.0021524238876833414,0.2242894571502958,17,16,49,480,5880,13.203977108001709,10,17,2,0.0,0,880,762,2404,151301,373.5336902141571,157181,2453,386.7376673221588,897,fits/tv2_m16_bottleneck_00__X__s9101/p119/FROZEN_LAYERWISE/WINNER.json,d3bf39452cc6211d8cedd7d2a4624bc6be1f5df77440b737353cdcc9b1e9d4e1,6b42e0a0ecf655739230c0a3f6aa563c92626e59ab015cc660bbdf48453a13e1,True,e6302e3f8f822fa982df7cbb71fecc8bd80f5924b28b9717ab7c263a7503a0ea,5.131632307759027e-16,1457520,579,1817896,198720,c9f4be08f32541e12b5b9c958ec57213a377e824884f16ccf8ba5f9b388b3553,True,True
tv2_m16_bottleneck_00__X__s9101,tv2_m16_bottleneck_00,X,9101,120,WARM_JOINT,BUDGET_EXHAUSTED,-0.8506646043055299,-0.8506646043055294,0.20785227597441477,0.9932613744857688,0.2092624170370302,160,159,478,480,57360,128.90127897262573,145,160,240,0.26838045627629503,0,9682,9564,28810,2270753,5396.198921442032,2328113,29288,5525.100200414658,9842,fits/tv2_m16_bottleneck_00__X__s9101/p119/WARM_JOINT/WINNER.json,e41c14c0cafb3f552e621aad999d1b0ba8d9ba2c4bc8958a828848dbffc2846f,dffc7b4c0990977ad66d160752df51aeed05b3d0a201ef201895bdcafba1235b,True,d0f6778f9b431b5be41ae9d5c65ec08a3e5e22f361e15c5bc4f6ef1386275b00,1.8256017552473245e-15,1457520,579,1817896,198720,a4eeaebcec93e502f1be6222cdce77dd2294e37389e8ccf0c746d92d8b141511,True,False
tv2_m16_bottleneck_00__X__s9101,tv2_m16_bottleneck_00,X,9101,120,RANDOM_JOINT,BUDGET_EXHAUSTED,-0.3624375886721963,-0.3624375886721942,0.08641385062318556,0.6258192913282741,0.13808115508835775,160,160,480,480,57600,130.8032581806183,147,160,240,3.817972087454733,0,0,0,0,0,0.0,57600,480,130.8032581806183,160,,,3d5dda9f5e7e7b0ff975c3f487cb162a0e120f599540a2e2c674d0a0b6577155,True,c7d97f1349ddf0eb65ad89ed0a265d6a41fc1916b421c6800f8587dbf6afbf8a,2.198129442157285e-15,1457520,579,1817896,198720,37403f9a9013c2d488cd1976ece7665efb972938a288ea753ea8a7f3e072b6e6,False,False
tv2_m16_bottleneck_00__MULTI__s9101,tv2_m16_bottleneck_00,MULTI,9101,1,SHARED_P1,CONVERGED,0.5765710469427955,0.5765710469427958,6.408048229160189e-05,0.0005541861349791616,0.11562989083805107,11,11,33,64,33,0.17771267890930176,3,11,2,,0,0,0,0,0,0.0,33,33,0.17771267890930176,11,,,7aca9df9bb5946928f5a965ce8b7d9eca9c423324fb31eafaf8d9fcc71ddd02e,True,8d924a280ed58ef5250b949f8e64af8db414c783b5170ccf3fbf32cda1e350a5,2.2767213025282562e-17,12228,579,15343,1656,9bf118d0638b1cef2e05315091e5fadcf70c990422694a9eb82141f5b1e49cea,False,False
tv2_m16_bottleneck_00__MULTI__s9101,tv2_m16_bottleneck_00,MULTI,9101,2,FROZEN_LAYERWISE,CONVERGED,0.46553917414032076,0.46553917414032087,7.196091480548117e-05,0.0005601739646114929,0.12846172680551027,7,6,19,64,38,0.17481422424316406,4,7,2,0.0,0,11,11,33,33,0.17771267890930176,71,52,0.3525269031524658,18,fits/tv2_m16_bottleneck_00__MULTI__s9101/p001/SHARED_P1/WINNER.json,7aca9df9bb5946928f5a965ce8b7d9eca9c423324fb31eafaf8d9fcc71ddd02e,de0b8792c80a001be1a8c8d4c5ea085fdcdec36c395f6aa9729a6534204b9fbb,False,,,24456,579,30670,3312,fd45f0604f8d5f585a90f12dc1ec9f938a2d92af0e1f09894ed09d974077e365,True,True
tv2_m16_bottleneck_00__MULTI__s9101,tv2_m16_bottleneck_00,MULTI,9101,2,WARM_JOINT,CONVERGED,0.46553917414032076,0.46553917414032087,7.196091480548117e-05,0.0005601739646114929,0.12846172680551027,7,6,19,64,38,0.17614126205444336,4,7,4,0.0,0,11,11,33,33,0.17771267890930176,71,52,0.3538539409637451,18,fits/tv2_m16_bottleneck_00__MULTI__s9101/p001/SHARED_P1/WINNER.json,7aca9df9bb5946928f5a965ce8b7d9eca9c423324fb31eafaf8d9fcc71ddd02e,0312411272b3923bd6660fba8ab3f2741710885d51ca602dc52dab6506eb1716,False,,,24456,579,30670,3312,fd45f0604f8d5f585a90f12dc1ec9f938a2d92af0e1f09894ed09d974077e365,True,False
tv2_m16_bottleneck_00__MULTI__s9101,tv2_m16_bottleneck_00,MULTI,9101,3,FROZEN_LAYERWISE,CONVERGED,0.41061105051147284,0.4106110505114726,3.864725551028167e-05,0.00028321957512793147,0.13645686564152404,8,7,22,64,66,0.2701914310455322,6,8,2,0.0,0,18,17,52,71,0.3525269031524658,137,74,0.622718334197998,26,fits/tv2_m16_bottleneck_00__MULTI__s9101/p002/FROZEN_LAYERWISE/WINNER.json,de0b8792c80a001be1a8c8d4c5ea085fdcdec36c395f6aa9729a6534204b9fbb,9a8f486966f24a2529c0b08c6ce680a3d028d4e1589fbe6f0bb4dec824f77187,False,,,36684,579,45997,4968,0fd35c897e9aeafbc2c4f2d7e3b98d3fdb0edea66e608d80e2ac8cd4af0e94c0,True,True
tv2_m16_bottleneck_00__MULTI__s9101,tv2_m16_bottleneck_00,MULTI,9101,3,WARM_JOINT,CONVERGED,0.4056037069695213,0.40560370696952075,7.029378700291202e-05,0.0003942138947876199,0.17831382387163783,11,10,31,64,93,0.37021899223327637,8,11,6,1.9854227520219956,0,18,17,52,71,0.3538539409637451,164,83,0.7240729331970215,29,fits/tv2_m16_bottleneck_00__MULTI__s9101/p002/WARM_JOINT/WINNER.json,0312411272b3923bd6660fba8ab3f2741710885d51ca602dc52dab6506eb1716,dd66fa7b758adad6a5f5d59cd018c0c7cf27549c68c2a75dfac2366c7f008415,False,,,36684,579,45997,4968,0fd35c897e9aeafbc2c4f2d7e3b98d3fdb0edea66e608d80e2ac8cd4af0e94c0,True,False
tv2_m16_bottleneck_00__MULTI__s9101,tv2_m16_bottleneck_00,MULTI,9101,4,FROZEN_LAYERWISE,CONVERGED,0.40703267095808154,0.40703267095808154,1.6543831083501688e-05,0.00016034649037286039,0.10317551101387767,16,15,46,64,184,0.7349040508270264,8,16,2,0.0,0,26,24,74,137,0.622718334197998,321,120,1.3576223850250244,42,fits/tv2_m16_bottleneck_00__MULTI__s9101/p003/FROZEN_LAYERWISE/WINNER.json,9a8f486966f24a2529c0b08c6ce680a3d028d4e1589fbe6f0bb4dec824f77187,6e1db6840d1f03cf8e93d0b2afe4e567d0c568456d285f053babcafb397c3496,True,76db23918a117bfc7d95fd4fda946f1697586d6478c2e4388c18d2be5088bddb,6.639709341020816e-17,48912,579,61324,6624,983e54db7dbe19f18d63eaff93a262910cf26725535357f4518031194551541c,True,True
tv2_m16_bottleneck_00__MULTI__s9101,tv2_m16_bottleneck_00,MULTI,9101,4,WARM_JOINT,BUDGET_EXHAUSTED,0.3980711093191808,0.3980711093191809,0.0005386410422998152,0.0033526744920144816,0.16066010690353907,22,21,64,64,256,0.9725003242492676,16,22,8,1.5916684857327135,0,29,27,83,164,0.7240729331970215,420,147,1.696573257446289,51,fits/tv2_m16_bottleneck_00__MULTI__s9101/p003/WARM_JOINT/WINNER.json,dd66fa7b758adad6a5f5d59cd018c0c7cf27549c68c2a75dfac2366c7f008415,4ba9e8b3c327e1a567a5d815cb2dfdc9183ba411dd2ee072b0c8940e1e1416d4,True,1b09474f92d54a4acdfc240bed0e41d218e2480083f41269f4b34f3cbe3c2559,9.733889574995137e-17,48912,579,61324,6624,d195bb168ff6dbb73f865607d9d5f7747c680a59920e3ff6e37dc677dee24cb3,True,False
tv2_m16_bottleneck_00__MULTI__s9101,tv2_m16_bottleneck_00,MULTI,9101,4,RANDOM_JOINT,BUDGET_EXHAUSTED,0.3970986557449016,0.3970986557449016,0.0003950086837505644,0.0022910728547973604,0.1724121006992167,21,21,63,64,252,0.9982056617736816,14,21,8,4.816824293364939,0,0,0,0,0,0.0,252,63,0.9982056617736816,21,,,f63e544d02b350d77d10f079967d998c097b56c15f61b0454db5d6e3701b9c5e,True,3d2fc3f27d6fb852d7a62eb504fb7bab5b666ebcf009faa92d515f2391416949,5.388822918106865e-17,48912,579,61324,6624,9a8a14907a9f157325fc6f1b6af58cfacc6a8879fe733fd5c560681abb4286e7,False,False
tv2_m16_bottleneck_00__MULTI__s9101,tv2_m16_bottleneck_00,MULTI,9101,5,FROZEN_LAYERWISE,CONVERGED,0.40409976866693126,0.40409976866693176,6.553230757549113e-05,0.00045634555915101643,0.14360237820086863,14,13,40,64,200,0.7603757381439209,6,14,2,0.0,0,42,39,120,321,1.3576223850250244,521,160,2.1179981231689453,56,fits/tv2_m16_bottleneck_00__MULTI__s9101/p004/FROZEN_LAYERWISE/WINNER.json,6e1db6840d1f03cf8e93d0b2afe4e567d0c568456d285f053babcafb397c3496,bc3a8f2ee7c263cb1997884138078d0de230765d01c10da2524c0250200931f6,False,,,61140,579,76651,8280,f49c127babaff26abafcacdf6c117a2a22c6a6732c01e4cec9a8c907f9d59c61,True,True
tv2_m16_bottleneck_00__MULTI__s9101,tv2_m16_bottleneck_00,MULTI,9101,5,WARM_JOINT,BUDGET_EXHAUSTED,0.3952872948359654,0.39528729483596503,0.0012455808794316215,0.00792367677565809,0.15719733587040108,22,21,64,64,320,1.2081551551818848,17,22,10,1.118106593782407,0,51,48,147,420,1.696573257446289,740,211,2.904728412628174,73,fits/tv2_m16_bottleneck_00__MULTI__s9101/p004/WARM_JOINT/WINNER.json,4ba9e8b3c327e1a567a5d815cb2dfdc9183ba411dd2ee072b0c8940e1e1416d4,19fb1d0deb374106442c5070efcd80fe3bc607267a93d81313ff6aae48a2fb6f,False,,,61140,579,76651,8280,a36f88291020ffcfa103c4401701de7a31645d7f8cf311b17e126606da04695c,True,False
tv2_m16_bottleneck_00__MULTI__s9101,tv2_m16_bottleneck_00,MULTI,9101,6,FROZEN_LAYERWISE,BUDGET_EXHAUSTED,0.4021955538603914,0.4021955538603915,9.795881465383662e-05,0.0006420064564127961,0.15258228897132967,22,21,64,64,384,1.4179022312164307,6,21,2,0.0,0,56,52,160,521,2.1179981231689453,905,224,3.535900354385376,78,fits/tv2_m16_bottleneck_00__MULTI__s9101/p005/FROZEN_LAYERWISE/WINNER.json,bc3a8f2ee7c263cb1997884138078d0de230765d01c10da2524c0250200931f6,82b247b4f296d8b0215413c80670704cc5fceca6f2d1a49a9ff85c067cf0c409,False,,,73368,579,91978,9936,b7f0d1b4e62c1a0d147a5cce1e945232ffad84a00f55a8484e7432f648a9404c,True,True
tv2_m16_bottleneck_00__MULTI__s9101,tv2_m16_bottleneck_00,MULTI,9101,6,WARM_JOINT,BUDGET_EXHAUSTED,0.38474289888200647,0.3847428988820062,0.002583783512003698,0.013614129582196445,0.1897869045834983,22,21,64,64,384,1.4810230731964111,15,22,12,1.5534052346547984,0,73,69,211,740,2.904728412628174,1124,275,4.385751485824585,95,fits/tv2_m16_bottleneck_00__MULTI__s9101/p005/WARM_JOINT/WINNER.json,19fb1d0deb374106442c5070efcd80fe3bc607267a93d81313ff6aae48a2fb6f,ce05a78ea0ea8977f8bc2c6302c820a4fa87381af8dc36ccabd03a297498c7be,False,,,73368,579,91978,9936,8ae21466fc8a26daff179d3a9b9f8c9392a1fa269980178c650cd0809dfe13e9,True,False
tv2_m16_bottleneck_00__MULTI__s9101,tv2_m16_bottleneck_00,MULTI,9101,7,FROZEN_LAYERWISE,CONVERGED,0.3999285690885639,0.39992856908856456,0.0001393610344871019,0.0008652514214315935,0.1610642075069041,18,17,52,64,364,1.3189830780029297,7,18,2,0.0,0,78,73,224,905,3.535900354385376,1269,276,4.854883432388306,96,fits/tv2_m16_bottleneck_00__MULTI__s9101/p006/FROZEN_LAYERWISE/WINNER.json,82b247b4f296d8b0215413c80670704cc5fceca6f2d1a49a9ff85c067cf0c409,4db02bbd86f342342982b7da810503941d9ddbfce5bbafa7ada278d65e007430,False,,,85596,579,107305,11592,9c19045a9cdee27738c360956d89565aa4f08ccc067ae0b402c9bc01b9a0f3ff,True,True
tv2_m16_bottleneck_00__MULTI__s9101,tv2_m16_bottleneck_00,MULTI,9101,7,WARM_JOINT,BUDGET_EXHAUSTED,0.3788968449840075,0.37889684498400755,0.00338007147051586,0.01881523941085279,0.1796454138428983,22,21,64,64,448,1.6285333633422852,18,22,14,2.0919990288475376,0,95,90,275,1124,4.385751485824585,1572,339,6.01428484916687,117,fits/tv2_m16_bottleneck_00__MULTI__s9101/p006/WARM_JOINT/WINNER.json,ce05a78ea0ea8977f8bc2c6302c820a4fa87381af8dc36ccabd03a297498c7be,518ce773607aacd59cdb0a8316d85b8a3fe7440f9603bea4ce8e07483f980255,False,,,85596,579,107305,11592,b3a79e5772af174422938e27ffa9bbea090f67b7040284197416f8f74a7e6d12,True,False
tv2_m16_bottleneck_00__MULTI__s9101,tv2_m16_bottleneck_00,MULTI,9101,8,FROZEN_LAYERWISE,CONVERGED,0.39861025354820895,0.398610253548209,0.00016260168669475576,0.0009903479837364269,0.16418641665860237,15,14,43,64,344,1.256377935409546,6,15,2,0.0,0,96,90,276,1269,4.854883432388306,1613,319,6.111261367797852,111,fits/tv2_m16_bottleneck_00__MULTI__s9101/p007/FROZEN_LAYERWISE/WINNER.json,4db02bbd86f342342982b7da810503941d9ddbfce5bbafa7ada278d65e007430,b67cd3a110a7d089078ae44e9dc9ea4a68b2192e75d4b7e405d17f7eed74369c,True,08a0101db5b3aef81ba09cacc8932f76709ffcd83b3e6f8a0d4c91bd9b8ac9b4,1.4363939865382616e-16,97824,579,122632,13248,a83aaddc3e83bc89ee873c17f60823997357607ac7cfee4098fec358dad6c60e,True,True
tv2_m16_bottleneck_00__MULTI__s9101,tv2_m16_bottleneck_00,MULTI,9101,8,WARM_JOINT,BUDGET_EXHAUSTED,0.3783554087654223,0.37835540876542195,0.0031261584269101947,0.018191439655361706,0.1718477748949791,22,21,64,64,512,1.8512883186340332,15,22,16,0.7475161103852987,0,117,111,339,1572,6.01428484916687,2084,403,7.865573167800903,139,fits/tv2_m16_bottleneck_00__MULTI__s9101/p007/WARM_JOINT/WINNER.json,518ce773607aacd59cdb0a8316d85b8a3fe7440f9603bea4ce8e07483f980255,9a8b4f476bb332b73e4de59c9fadeb562390b92fd0735f7708e49b75eba83a39,True,eeaad58ba4b190c271d55171cbd78a849cd118a0da5b7f733289f9ad253c3904,2.1647236072850488e-16,97824,579,122632,13248,79c594c7976bf83bf97acf7852204047c2e5de6c6e89e18c9a9a37896960ed02,True,False
tv2_m16_bottleneck_00__MULTI__s9101,tv2_m16_bottleneck_00,MULTI,9101,8,RANDOM_JOINT,BUDGET_EXHAUSTED,0.38502582075003156,0.3850258207500311,0.0021862278478522647,0.01210553366390604,0.18059739525327495,21,21,63,64,504,1.8018367290496826,13,21,16,6.838532226362374,0,0,0,0,0,0.0,504,63,1.8018367290496826,21,,,55e277260a2266c68929f40f61f04e298f2fbdb02c511b0fffbe66024f0ebc00,True,879413efbb8d8453de3b10f5950cf48d3e3a3555fa7c3bbaaf694a7262bfa90b,5.92097487909921e-17,97824,579,122632,13248,af4a5cddc13a24f807c9efa31cad77debe356ff45f26d48e083199efd838be1c,False,False
tv2_m16_bottleneck_00__MULTI__s9101,tv2_m16_bottleneck_00,MULTI,9101,9,FROZEN_LAYERWISE,CONVERGED,0.3986102533749305,0.39861025337493067,0.00016261629944592016,0.0009904278458657896,0.16418793163450282,4,3,10,64,90,0.32456254959106445,2,4,2,0.0,0,111,104,319,1613,6.111261367797852,1703,329,6.435823917388916,115,fits/tv2_m16_bottleneck_00__MULTI__s9101/p008/FROZEN_LAYERWISE/WINNER.json,b67cd3a110a7d089078ae44e9dc9ea4a68b2192e75d4b7e405d17f7eed74369c,77f15b85d1e2ca8a3fcf94f61fe8c7cb70a157f0705e4d39a60fe0009063a542,False,,,110052,579,137959,14904,8a89e57f726b80d66c71da98e3495a6d10f734068edaf946923bc9a9405463a2,True,True
tv2_m16_bottleneck_00__MULTI__s9101,tv2_m16_bottleneck_00,MULTI,9101,9,WARM_JOINT,BUDGET_EXHAUSTED,0.37065327783628826,0.370653277836288,0.004493512076275128,0.027562745657129243,0.16302846357082204,22,21,64,64,576,2.073443651199341,20,22,18,1.7728078074285483,0,139,132,403,2084,7.865573167800903,2660,467,9.939016819000244,161,fits/tv2_m16_bottleneck_00__MULTI__s9101/p008/WARM_JOINT/WINNER.json,9a8b4f476bb332b73e4de59c9fadeb562390b92fd0735f7708e49b75eba83a39,e6dd1c0fbf51879cb8a671d2d5e9383afd2db0f00b4fd9d1f7af94c50e871035,False,,,110052,579,137959,14904,28be68678f4424b479cbf8fd8ba654b1fb4749c21c87584cba60177a496f2dc6,True,False
tv2_m16_bottleneck_00__MULTI__s9101,tv2_m16_bottleneck_00,MULTI,9101,10,FROZEN_LAYERWISE,CONVERGED,0.39758761718183844,0.3975876171818392,0.00019302892357693545,0.001146531855722109,0.1683589711123743,16,15,46,64,460,1.5991742610931396,10,16,2,0.0,0,115,107,329,1703,6.435823917388916,2163,375,8.034998178482056,131,fits/tv2_m16_bottleneck_00__MULTI__s9101/p009/FROZEN_LAYERWISE/WINNER.json,77f15b85d1e2ca8a3fcf94f61fe8c7cb70a157f0705e4d39a60fe0009063a542,a56796aa4994aabe284d69c8a3a3b507ccbe5597dd374f1fd8558a1747b177d3,False,,,122280,579,153286,16560,ad719083f0b3f855d50de71d4ec5c0fc092ad8db786bfc44c6ce2121da132b53,True,True
tv2_m16_bottleneck_00__MULTI__s9101,tv2_m16_bottleneck_00,MULTI,9101,10,WARM_JOINT,BUDGET_EXHAUSTED,0.3543133102812964,0.35431331028129587,0.006826830786659322,0.03766988958619091,0.18122778860392286,22,21,64,64,640,2.2828075885772705,16,22,20,1.16369589597827,0,161,153,467,2660,9.939016819000244,3300,531,12.221824407577515,183,fits/tv2_m16_bottleneck_00__MULTI__s9101/p009/WARM_JOINT/WINNER.json,e6dd1c0fbf51879cb8a671d2d5e9383afd2db0f00b4fd9d1f7af94c50e871035,4b1715d85f6b1e053d2d4dd71490724cd2945a2b99f82da3ebbe49fdd17cef85,False,,,122280,579,153286,16560,ddc224367ed4172566c075eff361b36fa4d8770093be9584844fc180f6091d64,True,False
tv2_m16_bottleneck_00__MULTI__s9101,tv2_m16_bottleneck_00,MULTI,9101,11,FROZEN_LAYERWISE,CONVERGED,0.39639347084752696,0.39639347084752674,0.00016860154750081963,0.0010003195836462374,0.16854768241790766,15,14,43,64,473,1.6725783348083496,8,15,2,0.0,0,131,122,375,2163,8.034998178482056,2636,418,9.707576513290405,146,fits/tv2_m16_bottleneck_00__MULTI__s9101/p010/FROZEN_LAYERWISE/WINNER.json,a56796aa4994aabe284d69c8a3a3b507ccbe5597dd374f1fd8558a1747b177d3,91b3ed5e81eb209fe7cf80b5e8cc962292a3edc0e3b0477f94196787b5e3634c,False,,,134508,579,168613,18216,98d78b8c9d450d58eb04762beca51d9bf63d55c3a7814a23cd23bcf5c5c0836c,True,True
tv2_m16_bottleneck_00__MULTI__s9101,tv2_m16_bottleneck_00,MULTI,9101,11,WARM_JOINT,BUDGET_EXHAUSTED,0.3176463741099649,0.3176463741099652,0.013213469904518105,0.07058682348279531,0.18719456766231632,22,21,64,64,704,2.4884424209594727,20,22,22,2.155770267138959,0,183,174,531,3300,12.221824407577515,4004,595,14.710266828536987,205,fits/tv2_m16_bottleneck_00__MULTI__s9101/p010/WARM_JOINT/WINNER.json,4b1715d85f6b1e053d2d4dd71490724cd2945a2b99f82da3ebbe49fdd17cef85,44ab95d9506e676d31eccd7c4bf1052b6b80a2b331f5f0dda3c52b51a5c82905,False,,,134508,579,168613,18216,458f3a46b3938dfdaa925b978d5ab1336e146fde232d6dad8db407bc8129c3a6,True,False
tv2_m16_bottleneck_00__MULTI__s9101,tv2_m16_bottleneck_00,MULTI,9101,12,FROZEN_LAYERWISE,CONVERGED,0.39540522176312054,0.39540522176312043,0.00015726590893557898,0.0009538688574397274,0.16487162539061742,13,12,37,64,444,1.5910062789916992,7,13,2,0.0,0,146,136,418,2636,9.707576513290405,3080,455,11.298582792282104,159,fits/tv2_m16_bottleneck_00__MULTI__s9101/p011/FROZEN_LAYERWISE/WINNER.json,91b3ed5e81eb209fe7cf80b5e8cc962292a3edc0e3b0477f94196787b5e3634c,d0df26e5284946adf56cd66f7407ae5e3d3d1e953f9a4d7448f2965e63d6058d,False,,,146736,579,183940,19872,c9d68c07714a9d25924e34d832748889cfed20ed03ce84ee4874b1b517ce851c,True,True
tv2_m16_bottleneck_00__MULTI__s9101,tv2_m16_bottleneck_00,MULTI,9101,12,WARM_JOINT,BUDGET_EXHAUSTED,0.3129585772243846,0.31295857722438525,0.014030759420235548,0.07622477868886207,0.18407084496115061,22,21,64,64,768,2.6759607791900635,18,21,24,0.7182711468414484,0,205,195,595,4004,14.710266828536987,4772,659,17.38622760772705,227,fits/tv2_m16_bottleneck_00__MULTI__s9101/p011/WARM_JOINT/WINNER.json,44ab95d9506e676d31eccd7c4bf1052b6b80a2b331f5f0dda3c52b51a5c82905,6ea3aad2af18e5c8f79a5f0bda410c40fafc109b98729e313f7a4954bceb9bf6,False,,,146736,579,183940,19872,beaf8d86be7a8bc2ef0a3034f2bf354d7ba6bb986c75fa6a67d5a17c0898a004,True,False
tv2_m16_bottleneck_00__MULTI__s9101,tv2_m16_bottleneck_00,MULTI,9101,13,FROZEN_LAYERWISE,BUDGET_EXHAUSTED,0.3950237330786386,0.3950237330786382,0.00016484451796067656,0.0009877992366262732,0.1668805885330364,22,21,64,64,832,2.917663335800171,8,22,2,0.0,0,159,148,455,3080,11.298582792282104,3912,519,14.216246128082275,181,fits/tv2_m16_bottleneck_00__MULTI__s9101/p012/FROZEN_LAYERWISE/WINNER.json,d0df26e5284946adf56cd66f7407ae5e3d3d1e953f9a4d7448f2965e63d6058d,c298a0450f5358105acc97f0f2bfaf7de2f3f7e709ebf958ce1174eb046c6b3e,False,,,158964,579,199267,21528,a703be91e16667d984198c275c850846256c15882d7a9c0549e68575a07c0425,True,True
tv2_m16_bottleneck_00__MULTI__s9101,tv2_m16_bottleneck_00,MULTI,9101,13,WARM_JOINT,BUDGET_EXHAUSTED,0.31239794299632595,0.3123979429963265,0.014396402606859975,0.07819298816320848,0.1841137286736127,22,21,64,64,832,2.976296901702881,19,22,26,0.42839962581594504,0,227,216,659,4772,17.38622760772705,5604,723,20.36252450942993,249,fits/tv2_m16_bottleneck_00__MULTI__s9101/p012/WARM_JOINT/WINNER.json,6ea3aad2af18e5c8f79a5f0bda410c40fafc109b98729e313f7a4954bceb9bf6,db230ab5e85806b5040c594fb1aa4ae3d294c219a6e95dba114d44a87182f5f8,False,,,158964,579,199267,21528,42450109e47d9685ff8d9304a94d4ebe38111100e5fca4571f06da6a286595ff,True,False
tv2_m16_bottleneck_00__MULTI__s9101,tv2_m16_bottleneck_00,MULTI,9101,14,FROZEN_LAYERWISE,CONVERGED,0.3950237329893959,0.3950237329893959,0.00016483853963635727,0.0009877704986672176,0.1668793913755991,4,3,10,64,140,0.5045912265777588,2,4,2,0.0,0,181,169,519,3912,14.216246128082275,4052,529,14.720837354660034,185,fits/tv2_m16_bottleneck_00__MULTI__s9101/p013/FROZEN_LAYERWISE/WINNER.json,c298a0450f5358105acc97f0f2bfaf7de2f3f7e709ebf958ce1174eb046c6b3e,29504567ce6b6bd84e43428239c2691103e28dc63416a063c64c425d0e94945d,False,,,171192,579,214594,23184,c20df3b910c4d2ff55f6ba252422e0f47bfdcd6d767ab1d48cab3567af241c85,True,True
tv2_m16_bottleneck_00__MULTI__s9101,tv2_m16_bottleneck_00,MULTI,9101,14,WARM_JOINT,BUDGET_EXHAUSTED,0.3118969912338944,0.31189699123389397,0.01432866043535258,0.07821486926505815,0.18319611820605308,22,21,64,64,896,3.138619899749756,18,22,28,0.5502395198861686,0,249,237,723,5604,20.36252450942993,6500,787,23.501144409179688,271,fits/tv2_m16_bottleneck_00__MULTI__s9101/p013/WARM_JOINT/WINNER.json,db230ab5e85806b5040c594fb1aa4ae3d294c219a6e95dba114d44a87182f5f8,7d95b020090814d7048ab070f99827d02659bcbb39f80c6da7d276b76749305a,False,,,171192,579,214594,23184,1f29cf170d08d75792e3fe659360a4f81889a8d699845c09e4eb67ba4aa88969,True,False
tv2_m16_bottleneck_00__MULTI__s9101,tv2_m16_bottleneck_00,MULTI,9101,15,FROZEN_LAYERWISE,CONVERGED,0.39502373298939575,0.3950237329893959,0.00016483853963635727,0.0009877704986672176,0.1668793913755991,4,3,10,64,150,0.5088064670562744,2,1,2,0.0,0,185,172,529,4052,14.720837354660034,4202,539,15.229643821716309,189,fits/tv2_m16_bottleneck_00__MULTI__s9101/p014/FROZEN_LAYERWISE/WINNER.json,29504567ce6b6bd84e43428239c2691103e28dc63416a063c64c425d0e94945d,0304dbf508c8e4047a8eaf95c2892417739da0b4c0deabfa3c17e705a698a50d,False,,,183420,579,229921,24840,89faa711fc1e628aed9b4613c4aed2118aad4d322a69dde95328870039784498,True,True
tv2_m16_bottleneck_00__MULTI__s9101,tv2_m16_bottleneck_00,MULTI,9101,15,WARM_JOINT,BUDGET_EXHAUSTED,0.302240208978688,0.3022402089786874,0.01687782934156982,0.0931797924522843,0.18113186236396325,22,21,64,64,960,3.3452718257904053,18,22,30,2.1238231351678185,0,271,258,787,6500,23.501144409179688,7460,851,26.846416234970093,293,fits/tv2_m16_bottleneck_00__MULTI__s9101/p014/WARM_JOINT/WINNER.json,7d95b020090814d7048ab070f99827d02659bcbb39f80c6da7d276b76749305a,b75a24cb700490809de66ffaf185e14885e3caf1f94fe749d21854ef744c6bc6,False,,,183420,579,229921,24840,fff99d0b0e064b5d008aaad832defd36b0da0194f7f42b4362addb120fef96a8,True,False
tv2_m16_bottleneck_00__MULTI__s9101,tv2_m16_bottleneck_00,MULTI,9101,16,FROZEN_LAYERWISE,CONVERGED,0.39502373298939575,0.3950237329893959,0.00016483853963635727,0.0009877704986672176,0.1668793913755991,5,4,13,64,208,0.7116734981536865,3,1,2,0.0,0,189,175,539,4202,15.229643821716309,4410,552,15.941317319869995,194,fits/tv2_m16_bottleneck_00__MULTI__s9101/p015/FROZEN_LAYERWISE/WINNER.json,0304dbf508c8e4047a8eaf95c2892417739da0b4c0deabfa3c17e705a698a50d,84760c21af23c3f84cf90d2e956b9c9c478689579cfffcf483d1e0ec41829a16,True,ec68f03818869d06e27a83af82dd85be30145e2b283dc0b2737548eb03f0aa65,1.457812935409836e-16,195648,579,245248,26496,684f2513e11f959201dfff5b3fc05b7da22c03c2033e301074dbd98e0191d6f5,True,True
tv2_m16_bottleneck_00__MULTI__s9101,tv2_m16_bottleneck_00,MULTI,9101,16,WARM_JOINT,BUDGET_EXHAUSTED,0.26756954619076234,0.26756954619076245,0.020719526175768412,0.11256128492132611,0.18407329118755328,22,21,64,64,1024,3.561157464981079,20,22,32,1.6420235316721046,0,293,279,851,7460,26.846416234970093,8484,915,30.407573699951172,315,fits/tv2_m16_bottleneck_00__MULTI__s9101/p015/WARM_JOINT/WINNER.json,b75a24cb700490809de66ffaf185e14885e3caf1f94fe749d21854ef744c6bc6,baf1459e7d466d566e87550fa69b1630b74a972f0447da87dd5427462327197f,True,6c473526f56918e7d937e389c7040c1541eabe1636dc56a0596855de01a01587,1.2385694805777272e-15,195648,579,245248,26496,9ad5c0f180accacb865a5e241d54fbdcf76bf219e81181520b2d20a2aa4821ab,True,False
tv2_m16_bottleneck_00__MULTI__s9101,tv2_m16_bottleneck_00,MULTI,9101,16,RANDOM_JOINT,BUDGET_EXHAUSTED,0.3669419512961861,0.366941951296186,0.004815652311272287,0.02783011897260932,0.1730374317124515,21,21,63,64,1008,3.464852809906006,15,21,32,4.508121062570173,0,0,0,0,0,0.0,1008,63,3.464852809906006,21,,,642b76d8608ecc48a9a9df4b9cebdac31442fb0bde628e6ffd5626c2d1d0217c,True,c7971c91bb3cb70cdd4362353484a3ad83c03f820b510237249e31079275b6d2,4.224185239161245e-16,195648,579,245248,26496,a12d45ca4c9e0dcba68a52a7b6aa07c9ad4aedc76bca8b7bbc0750b514eb8fb1,False,False
tv2_m16_bottleneck_00__MULTI__s9101,tv2_m16_bottleneck_00,MULTI,9101,17,FROZEN_LAYERWISE,CONVERGED,0.39502373298519755,0.3950237329851978,0.00016483974553155743,0.0009877762842781881,0.16687963474645792,5,4,13,68,221,0.7479493618011475,3,5,2,0.0,0,194,179,552,4410,15.941317319869995,4631,565,16.689266681671143,199,fits/tv2_m16_bottleneck_00__MULTI__s9101/p016/FROZEN_LAYERWISE/WINNER.json,84760c21af23c3f84cf90d2e956b9c9c478689579cfffcf483d1e0ec41829a16,f3f2333d7891de60c4c0348e46e6d4b97eb9670f8311714996096360ac14976b,False,,,207876,579,260575,28152,57b8796f4856201c2e6ba28a6f3333964864ef7d77d251b63262671ef0aed49b,True,True
tv2_m16_bottleneck_00__MULTI__s9101,tv2_m16_bottleneck_00,MULTI,9101,17,WARM_JOINT,BUDGET_EXHAUSTED,0.2506701547757992,0.2506701547757987,0.022398672880778858,0.12315038355238099,0.18188065870904713,23,22,67,68,1139,3.98475980758667,19,23,34,1.8086827248897812,0,315,300,915,8484,30.407573699951172,9623,982,34.39233350753784,338,fits/tv2_m16_bottleneck_00__MULTI__s9101/p016/WARM_JOINT/WINNER.json,baf1459e7d466d566e87550fa69b1630b74a972f0447da87dd5427462327197f,328c48f0ec90f28bd18b54198af85aa11f18348b62d578af174c6329e4f6c6d1,False,,,207876,579,260575,28152,a0d26febeaa8cbfa5c3983b6f2fbfffdead7db8706673c20372d3b6999c6dd98,True,False
tv2_m16_bottleneck_00__MULTI__s9101,tv2_m16_bottleneck_00,MULTI,9101,18,FROZEN_LAYERWISE,CONVERGED,0.3950237329715085,0.39502373297150883,0.00016484157113743494,0.0009877848538181525,0.1668800351617678,5,4,13,72,234,0.8169007301330566,3,5,2,0.0,0,199,183,565,4631,16.689266681671143,4865,578,17.5061674118042,204,fits/tv2_m16_bottleneck_00__MULTI__s9101/p017/FROZEN_LAYERWISE/WINNER.json,f3f2333d7891de60c4c0348e46e6d4b97eb9670f8311714996096360ac14976b,dd0f730f862eb78e6d39411887426a54e53840b8abb9b5ff9cca7432797b5194,False,,,220104,579,275902,29808,960d0a217284f2cd2e09ed8d0e9e8d39c74f1ec8b897a825fbb3ce6b39167a8d,True,True
tv2_m16_bottleneck_00__MULTI__s9101,tv2_m16_bottleneck_00,MULTI,9101,18,WARM_JOINT,BUDGET_EXHAUSTED,0.17520906781247084,0.1752090678124711,0.03600736150671721,0.18728411647449217,0.1922606261787361,24,23,70,72,1260,4.382747173309326,20,24,36,1.4908317030697205,0,338,322,982,9623,34.39233350753784,10883,1052,38.77508068084717,362,fits/tv2_m16_bottleneck_00__MULTI__s9101/p017/WARM_JOINT/WINNER.json,328c48f0ec90f28bd18b54198af85aa11f18348b62d578af174c6329e4f6c6d1,cc6f4438a9ad4388a8f9c4a3efd47a9bdc9d60e74efffdb1c041701b348ab096,False,,,220104,579,275902,29808,537f4458e9e3c6610885aaea0accc9ff397ff1725a8de8b3f2ce23b0ab7d5daf,True,False
tv2_m16_bottleneck_00__MULTI__s9101,tv2_m16_bottleneck_00,MULTI,9101,19,FROZEN_LAYERWISE,CONVERGED,0.3950237329715085,0.3950237329715087,0.00016484157113743494,0.0009877848538181525,0.1668800351617678,4,3,10,76,190,0.6484541893005371,2,1,2,0.0,0,204,187,578,4865,17.5061674118042,5055,588,18.154621601104736,208,fits/tv2_m16_bottleneck_00__MULTI__s9101/p018/FROZEN_LAYERWISE/WINNER.json,dd0f730f862eb78e6d39411887426a54e53840b8abb9b5ff9cca7432797b5194,88fc09d6080ec1f5030fde377c89a58ffd2ba3e38c223c49656c41bc03a881bb,False,,,232332,579,291229,31464,94f158638038f3237efa8289c939c3d21b76ff99c87c2b160d0eff4df43b3750,True,True
tv2_m16_bottleneck_00__MULTI__s9101,tv2_m16_bottleneck_00,MULTI,9101,19,WARM_JOINT,BUDGET_EXHAUSTED,0.12136709022290998,0.12136709022291005,0.044543963983287804,0.23502398419164763,0.18952943945910192,26,25,76,76,1444,4.986417531967163,20,25,38,1.7259608032650182,0,362,345,1052,10883,38.77508068084717,12327,1128,43.76149821281433,388,fits/tv2_m16_bottleneck_00__MULTI__s9101/p018/WARM_JOINT/WINNER.json,cc6f4438a9ad4388a8f9c4a3efd47a9bdc9d60e74efffdb1c041701b348ab096,4cd272b86d017826a0425662cc79561de479b27c540f194f2a661c6e6c2751c5,False,,,232332,579,291229,31464,1644515797cef7206964d403efd0b92ea925ef2dbdbc846956bd6054e7c60d0b,True,False
tv2_m16_bottleneck_00__MULTI__s9101,tv2_m16_bottleneck_00,MULTI,9101,20,FROZEN_LAYERWISE,CONVERGED,0.39502373271143637,0.3950237327114362,0.00016483541798949103,0.000987757064288368,0.1668785007457751,5,4,13,80,260,0.8684360980987549,3,5,2,0.0,0,208,190,588,5055,18.154621601104736,5315,601,19.02305769920349,213,fits/tv2_m16_bottleneck_00__MULTI__s9101/p019/FROZEN_LAYERWISE/WINNER.json,88fc09d6080ec1f5030fde377c89a58ffd2ba3e38c223c49656c41bc03a881bb,39b7c09e9604634252e58b67bf0b0341d3a272cbcabf9004e6fd4ac37d4a7c0f,False,,,244560,579,306556,33120,39504f6ae50df6507f9fc5e51f9a60ac30175d6970036d2dfa2e640207dda396,True,True
tv2_m16_bottleneck_00__MULTI__s9101,tv2_m16_bottleneck_00,MULTI,9101,20,WARM_JOINT,BUDGET_EXHAUSTED,0.10662370870117291,0.10662370870117369,0.04668459520504979,0.24785730235957218,0.18835271247051416,27,26,79,80,1580,5.416012763977051,24,27,40,1.1435316064573229,0,388,370,1128,12327,43.76149821281433,13907,1207,49.17751097679138,415,fits/tv2_m16_bottleneck_00__MULTI__s9101/p019/WARM_JOINT/WINNER.json,4cd272b86d017826a0425662cc79561de479b27c540f194f2a661c6e6c2751c5,82ec3d193d20ced6c7b0d945b808f903642bbe9b3a193b4e5f48875ac6c83f42,False,,,244560,579,306556,33120,f123e96794fe2d8ebb587e0e8decb545013a484a6997d568a521e51069e31343,True,False
tv2_m16_bottleneck_00__MULTI__s9101,tv2_m16_bottleneck_00,MULTI,9101,21,FROZEN_LAYERWISE,CONVERGED,0.39502373265814417,0.3950237326581444,0.00016483285411354428,0.0009877456549023502,0.16687783266415873,5,4,13,84,273,0.9089939594268799,3,5,2,0.0,0,213,194,601,5315,19.02305769920349,5588,614,19.93205165863037,218,fits/tv2_m16_bottleneck_00__MULTI__s9101/p020/FROZEN_LAYERWISE/WINNER.json,39b7c09e9604634252e58b67bf0b0341d3a272cbcabf9004e6fd4ac37d4a7c0f,3f6a36db85b5f28ca19c8f36334d2120e64017c3e3af46fd64f63be181ffa66c,False,,,256788,579,321883,34776,0b7f1f29a3700792dd2947757f9502f54ca2d1e453d6ce615f20a075cb8e439b,True,True
tv2_m16_bottleneck_00__MULTI__s9101,tv2_m16_bottleneck_00,MULTI,9101,21,WARM_JOINT,BUDGET_EXHAUSTED,0.0912736014946707,0.0912736014946698,0.04894812729365278,0.2633806264592498,0.18584558762611197,28,27,82,84,1722,5.955187082290649,26,28,42,1.3846284285685635,0,415,396,1207,13907,49.17751097679138,15629,1289,55.13269805908203,443,fits/tv2_m16_bottleneck_00__MULTI__s9101/p020/WARM_JOINT/WINNER.json,82ec3d193d20ced6c7b0d945b808f903642bbe9b3a193b4e5f48875ac6c83f42,9205bc843b6d291621b6c32381dba8592a426c9f06df90043f286106bf9a1fe2,False,,,256788,579,321883,34776,8a96d3c15822cbf42b46f489952a29940402b7ce2dfdceb86a6aeb66f88aa75a,True,False
tv2_m16_bottleneck_00__MULTI__s9101,tv2_m16_bottleneck_00,MULTI,9101,22,FROZEN_LAYERWISE,CONVERGED,0.3950237326409068,0.39502373264090573,0.00016483437155653778,0.000987752464184081,0.16687821851469323,4,3,10,88,220,0.7867207527160645,2,4,2,0.0,0,218,198,614,5588,19.93205165863037,5808,624,20.718772411346436,222,fits/tv2_m16_bottleneck_00__MULTI__s9101/p021/FROZEN_LAYERWISE/WINNER.json,3f6a36db85b5f28ca19c8f36334d2120e64017c3e3af46fd64f63be181ffa66c,f43aaba0a29ae1c09b7608589fe2a9daf15384dafc7128ba4d6241ea5c864130,False,,,269016,579,337210,36432,1d265216d0353b1b0da0196dbcefe1cadf5f143c10dca2b2fc8d0a69844283be,True,True
tv2_m16_bottleneck_00__MULTI__s9101,tv2_m16_bottleneck_00,MULTI,9101,22,WARM_JOINT,BUDGET_EXHAUSTED,0.08624207055344071,0.08624207055344066,0.049386395212868334,0.2680089251423058,0.18427145732794323,30,29,88,88,1936,6.831649541854858,24,29,44,0.7348843561141221,0,443,423,1289,15629,55.13269805908203,17565,1377,61.96434760093689,473,fits/tv2_m16_bottleneck_00__MULTI__s9101/p021/WARM_JOINT/WINNER.json,9205bc843b6d291621b6c32381dba8592a426c9f06df90043f286106bf9a1fe2,5f003e5fb9aa37ecdd697da26b440178beac688bdc9610073e3fbafcd3247430,False,,,269016,579,337210,36432,62d14fae995dcb40a58a3aec44670abc39f85fac7a4af65390ae74b0eb9a6788,True,False
tv2_m16_bottleneck_00__MULTI__s9101,tv2_m16_bottleneck_00,MULTI,9101,23,FROZEN_LAYERWISE,CONVERGED,0.3950237288367919,0.39502372883679193,0.0001648230517888313,0.00098771048156895,0.16687385105705732,5,4,13,92,299,1.0218868255615234,3,5,2,0.0,0,222,201,624,5808,20.718772411346436,6107,637,21.74065923690796,227,fits/tv2_m16_bottleneck_00__MULTI__s9101/p022/FROZEN_LAYERWISE/WINNER.json,f43aaba0a29ae1c09b7608589fe2a9daf15384dafc7128ba4d6241ea5c864130,5610609e3c3f301624d2edc40cc8ffa7c194d7a5d6a0f0dc21a88af5f5446117,False,,,281244,579,352537,38088,bc5ce2d64d4419e8b0fca3c9471f35cec3340982b4c6758e440df5e3992600ef,True,True
tv2_m16_bottleneck_00__MULTI__s9101,tv2_m16_bottleneck_00,MULTI,9101,23,WARM_JOINT,BUDGET_EXHAUSTED,0.07433996142495417,0.07433996142495386,0.05673445959907701,0.297392471305666,0.19077301906800523,31,30,91,92,2093,7.18060302734375,27,31,46,0.9517736928425298,0,473,452,1377,17565,61.96434760093689,19658,1468,69.14495062828064,504,fits/tv2_m16_bottleneck_00__MULTI__s9101/p022/WARM_JOINT/WINNER.json,5f003e5fb9aa37ecdd697da26b440178beac688bdc9610073e3fbafcd3247430,0b2ca09d46b913038a38655148b56f035cba9f079826c93b24f581ffcfe02648,False,,,281244,579,352537,38088,99f83f7a1a14985471898027b1a60d5f5d9f211d25b90c3079ae7cb47db34a0e,True,False
tv2_m16_bottleneck_00__MULTI__s9101,tv2_m16_bottleneck_00,MULTI,9101,24,FROZEN_LAYERWISE,CONVERGED,0.39502372875115155,0.39502372875115177,0.0001648248877907494,0.00098771759314676,0.16687450839630727,4,3,10,96,240,0.8214573860168457,2,4,2,0.0,0,227,205,637,6107,21.74065923690796,6347,647,22.562116622924805,231,fits/tv2_m16_bottleneck_00__MULTI__s9101/p023/FROZEN_LAYERWISE/WINNER.json,5610609e3c3f301624d2edc40cc8ffa7c194d7a5d6a0f0dc21a88af5f5446117,fe9516ee58772a3d0f224fc62d58765ecb48163d06dfc657673719bc15c7bb11,False,,,293472,579,367864,39744,710c898a77548a690c7f85e89375640d8ea1bd5352eccf140d40e778007d828a,True,True
tv2_m16_bottleneck_00__MULTI__s9101,tv2_m16_bottleneck_00,MULTI,9101,24,WARM_JOINT,BUDGET_EXHAUSTED,0.05717734717766068,0.05717734717766093,0.06341702148167846,0.3267782377358157,0.19406745663690136,32,31,94,96,2256,7.661910533905029,28,32,48,0.7443094567112007,0,504,482,1468,19658,69.14495062828064,21914,1562,76.80686116218567,536,fits/tv2_m16_bottleneck_00__MULTI__s9101/p023/WARM_JOINT/WINNER.json,0b2ca09d46b913038a38655148b56f035cba9f079826c93b24f581ffcfe02648,7cbfd876533eed5a56b915fa20db544188f4cc8ad2b842f8c38911ea5c0182ae,False,,,293472,579,367864,39744,6869d94597e37fd460e8802722119900968c77f27cb6af3d9b41e72322371e59,True,False
tv2_m16_bottleneck_00__MULTI__s9101,tv2_m16_bottleneck_00,MULTI,9101,25,FROZEN_LAYERWISE,CONVERGED,0.39502372842423095,0.3950237284242309,0.00016482187001361508,0.0009877070465724,0.16687323491878464,4,3,10,100,250,0.8240158557891846,2,4,2,0.0,0,231,208,647,6347,22.562116622924805,6597,657,23.38613247871399,235,fits/tv2_m16_bottleneck_00__MULTI__s9101/p024/FROZEN_LAYERWISE/WINNER.json,fe9516ee58772a3d0f224fc62d58765ecb48163d06dfc657673719bc15c7bb11,8e1472dfc09e86362c0d65ce17e35958b65458c53c4b441bc7af7d95a1122e32,False,,,305700,579,383191,41400,2663b1c330a019c7278e29735995f41a8235b114543ce616c55666b9e602dc40,True,True
tv2_m16_bottleneck_00__MULTI__s9101,tv2_m16_bottleneck_00,MULTI,9101,25,WARM_JOINT,BUDGET_EXHAUSTED,0.04970344451874764,0.04970344451874885,0.06494017308196756,0.3351060418555015,0.19378992011719653,34,33,100,100,2500,8.594468116760254,28,34,50,0.4886523346344027,0,536,513,1562,21914,76.80686116218567,24414,1662,85.40132927894592,570,fits/tv2_m16_bottleneck_00__MULTI__s9101/p024/WARM_JOINT/WINNER.json,7cbfd876533eed5a56b915fa20db544188f4cc8ad2b842f8c38911ea5c0182ae,c4db3cc903acc9c6ed8dae21a7dd5f40f4dd28435db95c710def86aa37b19757,False,,,305700,579,383191,41400,3b67399ceefb5bb394c6ba9f60df058d94451863368c3ea9177f4bd32e4178e8,True,False
tv2_m16_bottleneck_00__MULTI__s9101,tv2_m16_bottleneck_00,MULTI,9101,26,FROZEN_LAYERWISE,CONVERGED,0.39502372806278796,0.3950237280627874,0.0001648196574139258,0.000987700793280404,0.16687205126819638,5,4,13,104,338,1.1689939498901367,3,5,2,0.0,0,235,211,657,6597,23.38613247871399,6935,670,24.555126428604126,240,fits/tv2_m16_bottleneck_00__MULTI__s9101/p025/FROZEN_LAYERWISE/WINNER.json,8e1472dfc09e86362c0d65ce17e35958b65458c53c4b441bc7af7d95a1122e32,6edc15edb171586d3534e6c7d1a99b93a473f15e8be3f97dcf6e014bf8c9da59,False,,,317928,579,398518,43056,dd782f960f046f98404e30c214382266d091d88af22b4dd431472dbdd455d28f,True,True
tv2_m16_bottleneck_00__MULTI__s9101,tv2_m16_bottleneck_00,MULTI,9101,26,WARM_JOINT,BUDGET_EXHAUSTED,0.038190450061324405,0.03819045006132521,0.07152419811478251,0.3598864852416759,0.19874099486328753,35,34,103,104,2678,9.174116849899292,30,35,52,0.7756763278351555,0,570,546,1662,24414,85.40132927894592,27092,1765,94.57544612884521,605,fits/tv2_m16_bottleneck_00__MULTI__s9101/p025/WARM_JOINT/WINNER.json,c4db3cc903acc9c6ed8dae21a7dd5f40f4dd28435db95c710def86aa37b19757,b28daac99cffb81390dfe77a128cb877aef8a0d38f7a439f52431d831f5cb96d,False,,,317928,579,398518,43056,878884c11930022224e97887b293d38a7317957ed6a5abfcc0a53994c6ed926e,True,False
tv2_m16_bottleneck_00__MULTI__s9101,tv2_m16_bottleneck_00,MULTI,9101,27,FROZEN_LAYERWISE,CONVERGED,0.3950237267118258,0.3950237267118256,0.00016481823583258708,0.0009877036271768965,0.16687013320349825,4,3,10,108,270,0.9246582984924316,2,4,2,0.0,0,240,215,670,6935,24.555126428604126,7205,680,25.479784727096558,244,fits/tv2_m16_bottleneck_00__MULTI__s9101/p026/FROZEN_LAYERWISE/WINNER.json,6edc15edb171586d3534e6c7d1a99b93a473f15e8be3f97dcf6e014bf8c9da59,5895f19d93c9b7389900af060a011746d0fdba9bee049cfc8516045401f46af7,False,,,330156,579,413845,44712,4e069eceef36c70d8a4a45604fd7aeebd2632ada52473375168d117083ba6a42,True,True
tv2_m16_bottleneck_00__MULTI__s9101,tv2_m16_bottleneck_00,MULTI,9101,27,WARM_JOINT,BUDGET_EXHAUSTED,0.007924073221226735,0.007924073221227013,0.08714682146663147,0.40008372439837125,0.2178214612395921,36,35,106,108,2862,9.713841199874878,29,36,54,1.4938112593448003,0,605,580,1765,27092,94.57544612884521,29954,1871,104.28928732872009,641,fits/tv2_m16_bottleneck_00__MULTI__s9101/p026/WARM_JOINT/WINNER.json,b28daac99cffb81390dfe77a128cb877aef8a0d38f7a439f52431d831f5cb96d,0946cfc59bb598b2686702cc7d6869be761b4f350c42f42446f466d00d9b2d93,False,,,330156,579,413845,44712,7be54944e5a377bc288356a76461dde719e256227c9363ce070c86e9f78611a4,True,False
tv2_m16_bottleneck_00__MULTI__s9101,tv2_m16_bottleneck_00,MULTI,9101,28,FROZEN_LAYERWISE,CONVERGED,0.3950237231671675,0.39502372316716694,0.00016482821319675542,0.0009877391594903247,0.16687423153477796,5,4,13,112,364,1.2488391399383545,3,5,2,0.0,0,244,218,680,7205,25.479784727096558,7569,693,26.728623867034912,249,fits/tv2_m16_bottleneck_00__MULTI__s9101/p027/FROZEN_LAYERWISE/WINNER.json,5895f19d93c9b7389900af060a011746d0fdba9bee049cfc8516045401f46af7,ebcdf8741df2476b08281cd25c90ed60a70f1705acd64f14aa905a82c5ba0ce5,False,,,342384,579,429172,46368,9ccd49d07bc5625f5871ec5e885ab579cf436a46ff013f5ee53b071dacde6978,True,True
tv2_m16_bottleneck_00__MULTI__s9101,tv2_m16_bottleneck_00,MULTI,9101,28,WARM_JOINT,BUDGET_EXHAUSTED,-0.08587282085295757,-0.08587282085295675,0.11818875455792494,0.43394185364458476,0.27236080955382125,38,37,112,112,3136,10.685057878494263,33,38,56,2.243339488255512,0,641,615,1871,29954,104.28928732872009,33090,1983,114.97434520721436,679,fits/tv2_m16_bottleneck_00__MULTI__s9101/p027/WARM_JOINT/WINNER.json,0946cfc59bb598b2686702cc7d6869be761b4f350c42f42446f466d00d9b2d93,c0b78eeb873ec2bab0be899111e6b93c56743cea8c3731a00f0debe937ac4537,False,,,342384,579,429172,46368,599c57c3beb2132a1952ee8580772cfdcfdfd74f7b7d1b8b8bf9c43ab58791d1,True,False
tv2_m16_bottleneck_00__MULTI__s9101,tv2_m16_bottleneck_00,MULTI,9101,29,FROZEN_LAYERWISE,CONVERGED,0.3950237230294813,0.39502372302948074,0.00016483049307939495,0.0009877478477923198,0.1668750718594849,4,3,10,116,290,0.9971821308135986,2,4,2,0.0,0,249,222,693,7569,26.728623867034912,7859,703,27.72580599784851,253,fits/tv2_m16_bottleneck_00__MULTI__s9101/p028/FROZEN_LAYERWISE/WINNER.json,ebcdf8741df2476b08281cd25c90ed60a70f1705acd64f14aa905a82c5ba0ce5,342ea1f535cec8acdbc754ce7842a7125fb3be9d7d89fe6faaf98fc2c82365b7,False,,,354612,579,444499,48024,612a9ffde5e9a6055a07493a58c79dac4b64cccd075dc6c20d4a71c744b9cf29,True,True
tv2_m16_bottleneck_00__MULTI__s9101,tv2_m16_bottleneck_00,MULTI,9101,29,WARM_JOINT,BUDGET_EXHAUSTED,-0.16565647950456702,-0.16565647950456774,0.14133722737445248,0.4684322948173288,0.3017239181375587,39,38,115,116,3335,11.37142014503479,34,39,58,1.830180914763421,0,679,652,1983,33090,114.97434520721436,36425,2098,126.34576535224915,718,fits/tv2_m16_bottleneck_00__MULTI__s9101/p028/WARM_JOINT/WINNER.json,c0b78eeb873ec2bab0be899111e6b93c56743cea8c3731a00f0debe937ac4537,46b23d4e5052539b8aa44d50149e1d2c3b85abdf0fc7b59b3b2dbb796a5799fb,False,,,354612,579,444499,48024,471ff342604364e0dd5435ab8bec2e8e54acb65ba694d51fcc667eced0e1f83c,True,False
tv2_m16_bottleneck_00__MULTI__s9101,tv2_m16_bottleneck_00,MULTI,9101,30,FROZEN_LAYERWISE,CONVERGED,0.39502372212331194,0.3950237221233105,0.00016483884525688662,0.000987783189525049,0.16687755674010335,5,4,13,120,390,1.3223495483398438,3,5,2,0.0,0,253,225,703,7859,27.72580599784851,8249,716,29.048155546188354,258,fits/tv2_m16_bottleneck_00__MULTI__s9101/p029/FROZEN_LAYERWISE/WINNER.json,342ea1f535cec8acdbc754ce7842a7125fb3be9d7d89fe6faaf98fc2c82365b7,aa8bf2d5a5b1e6049debac9cf370bbb2c381f6d499575146b6c014bae11919e9,False,,,366840,579,459826,49680,8e874dc020e16058f81287a4be6cb5012c45724fbf3b19ccbfb783bba3c748c6,True,True
tv2_m16_bottleneck_00__MULTI__s9101,tv2_m16_bottleneck_00,MULTI,9101,30,WARM_JOINT,BUDGET_EXHAUSTED,-0.19484202962955244,-0.19484202962955285,0.1544204549677308,0.4981124862867767,0.3100112107585812,40,39,118,120,3540,11.597543954849243,37,40,60,1.0639124510997413,0,718,690,2098,36425,126.34576535224915,39965,2216,137.9433093070984,758,fits/tv2_m16_bottleneck_00__MULTI__s9101/p029/WARM_JOINT/WINNER.json,46b23d4e5052539b8aa44d50149e1d2c3b85abdf0fc7b59b3b2dbb796a5799fb,a6e483a3f1194589c6086eb17de28cc25d38e3d34aee92bfea6a5e91a41b5f48,False,,,366840,579,459826,49680,1b50c8f198f39a400916c93c0fcaa68d731781649f65ab033345ad9d95fd878b,True,False
tv2_m16_bottleneck_00__MULTI__s9101,tv2_m16_bottleneck_00,MULTI,9101,31,FROZEN_LAYERWISE,CONVERGED,0.3950235053330984,0.39502350533309905,0.00016522298853840155,0.000989882352276899,0.1669117427524194,21,20,61,124,1891,6.000617980957031,12,21,2,0.0,0,258,229,716,8249,29.048155546188354,10140,777,35.048773527145386,279,fits/tv2_m16_bottleneck_00__MULTI__s9101/p030/FROZEN_LAYERWISE/WINNER.json,aa8bf2d5a5b1e6049debac9cf370bbb2c381f6d499575146b6c014bae11919e9,de744a57b98a191ba2daff6d268e0aed1b6e02c13a5a106ed5f48f165da7486c,False,,,379068,579,475153,51336,a881682d3189b8e957e1ac61416cafdffd4dd5765e877129a743bc22c4d55623,True,True
tv2_m16_bottleneck_00__MULTI__s9101,tv2_m16_bottleneck_00,MULTI,9101,31,WARM_JOINT,BUDGET_EXHAUSTED,-0.22300990725685954,-0.22300990725686115,0.16426804879392798,0.5213412807289485,0.31508736189899544,42,41,124,124,3844,12.49258804321289,35,42,62,1.5976269917393346,0,758,729,2216,39965,137.9433093070984,43809,2340,150.43589735031128,800,fits/tv2_m16_bottleneck_00__MULTI__s9101/p030/WARM_JOINT/WINNER.json,a6e483a3f1194589c6086eb17de28cc25d38e3d34aee92bfea6a5e91a41b5f48,5973eed6591cfd6d8933abeefacee416bc856b72c3fb05c51bf4a2c8a64bcb30,False,,,379068,579,475153,51336,a5292b189387248b95bf0c5299d5935c73191ae0d52c037b7d2c2f0b2ddb6f64,True,False
tv2_m16_bottleneck_00__MULTI__s9101,tv2_m16_bottleneck_00,MULTI,9101,32,FROZEN_LAYERWISE,CONVERGED,0.3950235053295008,0.3950235053295007,0.0001652213850567652,0.000989873615288089,0.16691159609166856,5,4,13,128,416,1.331299066543579,3,5,2,0.0,0,279,249,777,10140,35.048773527145386,10556,790,36.380072593688965,284,fits/tv2_m16_bottleneck_00__MULTI__s9101/p031/FROZEN_LAYERWISE/WINNER.json,de744a57b98a191ba2daff6d268e0aed1b6e02c13a5a106ed5f48f165da7486c,2cfbffce65ec9efd2701cc41f5430373e90b9c4b8fd93fba893d3123f9959ae1,True,bae0793e8b4c3e0d7055f3954f7cee4189d668206129863fed85a853ad231ea8,4.567859943295003e-16,391296,579,490480,52992,f3812517f09d33cfd44a3659a2e8cadb48f6c713acd64a278a515248e47d4f4a,True,True
tv2_m16_bottleneck_00__MULTI__s9101,tv2_m16_bottleneck_00,MULTI,9101,32,WARM_JOINT,BUDGET_EXHAUSTED,-0.22369296928454288,-0.223692969284542,0.1670296598711104,0.523872582100087,0.3188364224016576,43,42,127,128,4064,13.293785810470581,37,43,64,0.20129459152829732,0,800,770,2340,43809,150.43589735031128,47873,2467,163.72968316078186,843,fits/tv2_m16_bottleneck_00__MULTI__s9101/p031/WARM_JOINT/WINNER.json,5973eed6591cfd6d8933abeefacee416bc856b72c3fb05c51bf4a2c8a64bcb30,f7c1b0498b17a01a0684302bffa61f375c4b21c346ef12bb35d17fade6c7f970,True,28ac9a336703e3d83b9a1f84d3857c1655772a56dacd9d71e8d2c75b3aabfb03,3.290009061035205e-15,391296,579,490480,52992,aa1bdc7ac1e927ad49c29d419b192a1a092fe242ba6370308254441acd1ce01d,True,False
tv2_m16_bottleneck_00__MULTI__s9101,tv2_m16_bottleneck_00,MULTI,9101,32,RANDOM_JOINT,BUDGET_EXHAUSTED,0.090804481024848,0.09080448102484738,0.04202644443349409,0.2549625995478693,0.1648337619243783,42,42,126,128,4032,13.51459813117981,34,42,64,3.207989121843903,0,0,0,0,0,0.0,4032,126,13.51459813117981,42,,,ab22cbba5958635afd6fccdb575f39fd70d8f60b800b06abdb9266504e398e1a,True,d5576028a9a4ead70e2b4165e9f180fdb5c65889e3d0f7c67bf0dc3f739911f8,8.391472671209643e-16,391296,579,490480,52992,46bbc602fcd11999df1c9f7cf27d0229e5439f3b0fa3eee8aced6849a3078f0b,False,False
tv2_m16_bottleneck_00__MULTI__s9101,tv2_m16_bottleneck_00,MULTI,9101,33,FROZEN_LAYERWISE,CONVERGED,0.3950235052487675,0.39502350524876734,0.00016521341552598986,0.0009898303939629355,0.1669108329403111,4,3,10,132,330,3.798133611679077,2,4,2,0.0,0,284,253,790,10556,36.380072593688965,10886,800,40.17820620536804,288,fits/tv2_m16_bottleneck_00__MULTI__s9101/p032/FROZEN_LAYERWISE/WINNER.json,2cfbffce65ec9efd2701cc41f5430373e90b9c4b8fd93fba893d3123f9959ae1,9b71f6f5aa1f1879eba047eca498c42c1d79b47d0ecb006569afe6aceb2cf502,False,,,403524,579,505807,54648,256184ab86af253d5a0735df35f927d07b5cefa700ad2d7b7bd66bf5fd32dbab,True,True
tv2_m16_bottleneck_00__MULTI__s9101,tv2_m16_bottleneck_00,MULTI,9101,33,WARM_JOINT,BUDGET_EXHAUSTED,-0.2592188050927652,-0.2592188050927656,0.161389916214749,0.54160806456286,0.29798285286798526,44,43,130,132,4290,18.350969552993774,36,44,66,1.897326421167923,0,843,812,2467,47873,163.72968316078186,52163,2597,182.08065271377563,887,fits/tv2_m16_bottleneck_00__MULTI__s9101/p032/WARM_JOINT/WINNER.json,f7c1b0498b17a01a0684302bffa61f375c4b21c346ef12bb35d17fade6c7f970,240dfdf7ec005967bc95f922e24f42f0a0808cae7deb85ad09fb53e383856099,False,,,403524,579,505807,54648,516e69a7310f11c0aa1815e3d4ce56dc1c13c17de180f920d6b31d335a42cdc9,True,False
tv2_m16_bottleneck_00__MULTI__s9101,tv2_m16_bottleneck_00,MULTI,9101,34,FROZEN_LAYERWISE,CONVERGED,0.39502350463006874,0.39502350463006797,0.0001651892680052957,0.0009897001413055977,0.16690840094998924,5,4,13,136,442,1.944596767425537,3,5,2,0.0,0,288,256,800,10886,40.17820620536804,11328,813,42.12280297279358,293,fits/tv2_m16_bottleneck_00__MULTI__s9101/p033/FROZEN_LAYERWISE/WINNER.json,9b71f6f5aa1f1879eba047eca498c42c1d79b47d0ecb006569afe6aceb2cf502,a211b256a471e3a4c8e670577ed2bd0c1a3aaa10f76ff59057d16d861b52695b,False,,,415752,579,521134,56304,eaaca804cf39cb5809bb63b660c90a7246fd6cecceb304116c000ca806ab5abf,True,True
tv2_m16_bottleneck_00__MULTI__s9101,tv2_m16_bottleneck_00,MULTI,9101,34,WARM_JOINT,BUDGET_EXHAUSTED,-0.3049270002194553,-0.3049270002194551,0.16136098427410456,0.5716883650603625,0.2822533991173094,46,45,136,136,4624,18.983429670333862,37,46,68,1.8957009076538496,0,887,855,2597,52163,182.08065271377563,56787,2733,201.0640823841095,933,fits/tv2_m16_bottleneck_00__MULTI__s9101/p033/WARM_JOINT/WINNER.json,240dfdf7ec005967bc95f922e24f42f0a0808cae7deb85ad09fb53e383856099,0f398e918381397a67fbf5771c2a511e2f8e9f5e7987272152e7c26b13a79d8d,False,,,415752,579,521134,56304,b6415f51325e7f91780cc500a9e9c79c223399ffec7a60812cc5771f92db65ec,True,False
tv2_m16_bottleneck_00__MULTI__s9101,tv2_m16_bottleneck_00,MULTI,9101,35,FROZEN_LAYERWISE,CONVERGED,0.39502350389394997,0.39502350389394947,0.0001651619393200957,0.000989553235114108,0.1669055624895718,4,3,10,140,350,1.4181697368621826,2,4,2,0.0,0,293,260,813,11328,42.12280297279358,11678,823,43.54097270965576,297,fits/tv2_m16_bottleneck_00__MULTI__s9101/p034/FROZEN_LAYERWISE/WINNER.json,a211b256a471e3a4c8e670577ed2bd0c1a3aaa10f76ff59057d16d861b52695b,c8a8dce50c3a3de1c2e6757921f63694839fc1e103ec2064b983ff6c5f262be6,False,,,427980,579,536461,57960,234928beea14b15bf1b5446d6d1c928761ab1f1a261b9b235b94745ac7952d40,True,True
tv2_m16_bottleneck_00__MULTI__s9101,tv2_m16_bottleneck_00,MULTI,9101,35,WARM_JOINT,BUDGET_EXHAUSTED,-0.34147382259840603,-0.3414738225984063,0.1596516034833827,0.6043450519024454,0.26417293064749703,47,46,139,140,4865,19.410247802734375,40,47,70,1.3124524240115156,0,933,900,2733,56787,201.0640823841095,61652,2872,220.47433018684387,980,fits/tv2_m16_bottleneck_00__MULTI__s9101/p034/WARM_JOINT/WINNER.json,0f398e918381397a67fbf5771c2a511e2f8e9f5e7987272152e7c26b13a79d8d,1071eae0900ae05283f545f9397ea7e7e930b1ce960e2b78680d56e2e06bc46d,False,,,427980,579,536461,57960,68fa599bdf6033edb5ffcf21709d20f934d72a589e7298c7af9ff98ed946dc8f,True,False
tv2_m16_bottleneck_00__MULTI__s9101,tv2_m16_bottleneck_00,MULTI,9101,36,FROZEN_LAYERWISE,CONVERGED,0.39502350193363867,0.39502350193363805,0.00016511504994594386,0.000989302131714669,0.166900529830826,5,4,13,144,468,1.894298791885376,3,5,2,0.0,0,297,263,823,11678,43.54097270965576,12146,836,45.43527150154114,302,fits/tv2_m16_bottleneck_00__MULTI__s9101/p035/FROZEN_LAYERWISE/WINNER.json,c8a8dce50c3a3de1c2e6757921f63694839fc1e103ec2064b983ff6c5f262be6,af742ef6e4908d6d9ea7b4b4c2dddc7a9fc07a2b8d14263f272aa0f432626fe5,False,,,440208,579,551788,59616,fd3dccff426e9f8a721dd87577114be281a8b3496a9cb2ad4fc14d944597402a,True,True
tv2_m16_bottleneck_00__MULTI__s9101,tv2_m16_bottleneck_00,MULTI,9101,36,WARM_JOINT,BUDGET_EXHAUSTED,-0.36105414294999116,-0.3610541429499942,0.15788852016024496,0.6271656002439869,0.25174933079687634,48,47,142,144,5112,21.80232000350952,38,48,72,0.807605658580842,0,980,946,2872,61652,220.47433018684387,66764,3014,242.2766501903534,1028,fits/tv2_m16_bottleneck_00__MULTI__s9101/p035/WARM_JOINT/WINNER.json,1071eae0900ae05283f545f9397ea7e7e930b1ce960e2b78680d56e2e06bc46d,5c7a0a1e9c58d9ab1a4158f658c7c0851089fb9322b8208c7ed9849ce734a81a,False,,,440208,579,551788,59616,2ddf5b5e48b8c72320223dacd5d553f55e0d60eff4d0075dec81c1d384fba3d3,True,False
tv2_m16_bottleneck_00__MULTI__s9101,tv2_m16_bottleneck_00,MULTI,9101,37,FROZEN_LAYERWISE,CONVERGED,0.3950235014836065,0.3950235014836061,0.00016513708670153908,0.0009894203381979282,0.16690286254102077,5,4,13,148,481,1.9209325313568115,3,5,2,0.0,0,302,267,836,12146,45.43527150154114,12627,849,47.35620403289795,307,fits/tv2_m16_bottleneck_00__MULTI__s9101/p036/FROZEN_LAYERWISE/WINNER.json,af742ef6e4908d6d9ea7b4b4c2dddc7a9fc07a2b8d14263f272aa0f432626fe5,e5500d633ce4c80ae311f4313012c924f653107a80156d7f7c8c0ce9e7dc492c,False,,,452436,579,567115,61272,1e19cf364db555fef2844b7e0aa243d399f07d4a50bb7c3384c69c6374622083,True,True
tv2_m16_bottleneck_00__MULTI__s9101,tv2_m16_bottleneck_00,MULTI,9101,37,WARM_JOINT,BUDGET_EXHAUSTED,-0.38613311360545033,-0.3861331136054495,0.15349072011839468,0.6527907646548112,0.23513004231847387,50,49,148,148,5476,21.669706344604492,45,49,74,1.102145659192678,0,1028,993,3014,66764,242.2766501903534,72240,3162,263.9463565349579,1078,fits/tv2_m16_bottleneck_00__MULTI__s9101/p036/WARM_JOINT/WINNER.json,5c7a0a1e9c58d9ab1a4158f658c7c0851089fb9322b8208c7ed9849ce734a81a,b7d53bb6cd2e91a85a14d581dfd5065c44e590daf0bfac046ff1757111543848,False,,,452436,579,567115,61272,691c2434b9d9c58dbdbbed0cc9eef3572fa385f8425a64307581ee630b4b2a77,True,False
tv2_m16_bottleneck_00__MULTI__s9101,tv2_m16_bottleneck_00,MULTI,9101,38,FROZEN_LAYERWISE,CONVERGED,0.39502350129131536,0.3950235012913142,0.00016515122902652373,0.0009894962927136518,0.16690434339435822,5,4,13,152,494,2.0247044563293457,3,5,2,0.0,0,307,271,849,12627,47.35620403289795,13121,862,49.380908489227295,312,fits/tv2_m16_bottleneck_00__MULTI__s9101/p037/FROZEN_LAYERWISE/WINNER.json,e5500d633ce4c80ae311f4313012c924f653107a80156d7f7c8c0ce9e7dc492c,9727c624d0bc3add2a8c270538b9653941404dffbaf5302bc53b8b2e7ed6dcf0,False,,,464664,579,582442,62928,f03f02514c59fc8d0e255bf9ce1a97aaa490064449258db5a771ff0852970ade,True,True
tv2_m16_bottleneck_00__MULTI__s9101,tv2_m16_bottleneck_00,MULTI,9101,38,WARM_JOINT,BUDGET_EXHAUSTED,-0.4001215715653412,-0.40012157156534267,0.1505454047034026,0.6673713372770786,0.22557966801157253,51,50,151,152,5738,23.150306701660156,45,51,76,0.7799158187656041,0,1078,1042,3162,72240,263.9463565349579,77978,3313,287.09666323661804,1129,fits/tv2_m16_bottleneck_00__MULTI__s9101/p037/WARM_JOINT/WINNER.json,b7d53bb6cd2e91a85a14d581dfd5065c44e590daf0bfac046ff1757111543848,4f413ad92afc3feeeb04e9edf90230dec17856f9024a75ba7c64e996084cf216,False,,,464664,579,582442,62928,0548385e8d6fa9c57d7de5816a0c497fe02408f15ee26d756f71e890821216d2,True,False
tv2_m16_bottleneck_00__MULTI__s9101,tv2_m16_bottleneck_00,MULTI,9101,39,FROZEN_LAYERWISE,CONVERGED,0.3946899837583272,0.39468998375832676,0.0001899253111283719,0.0011109130784873506,0.1709632506865248,38,37,112,156,4368,17.13870882987976,21,38,2,0.0,0,312,275,862,13121,49.380908489227295,17489,974,66.51961731910706,350,fits/tv2_m16_bottleneck_00__MULTI__s9101/p038/FROZEN_LAYERWISE/WINNER.json,9727c624d0bc3add2a8c270538b9653941404dffbaf5302bc53b8b2e7ed6dcf0,514781afc4b946085f336be7077a29ebf163552e462b42c67e7db1fefdad54ea,False,,,476892,579,597769,64584,9a095f3d2bb03a50a5b7f4dba5ab08a476cb4726012eb7928aeca8aeaeb1f267,True,True
tv2_m16_bottleneck_00__MULTI__s9101,tv2_m16_bottleneck_00,MULTI,9101,39,WARM_JOINT,BUDGET_EXHAUSTED,-0.43651767339810665,-0.4365176733981062,0.14893690451603867,0.6979999790201136,0.21337666044793233,52,51,154,156,6006,23.90932273864746,45,52,78,1.7584073393410806,0,1129,1092,3313,77978,287.09666323661804,83984,3467,311.0059859752655,1181,fits/tv2_m16_bottleneck_00__MULTI__s9101/p038/WARM_JOINT/WINNER.json,4f413ad92afc3feeeb04e9edf90230dec17856f9024a75ba7c64e996084cf216,5f8b40cd0e2188babf557d0a2fa0d5dff8b899218791ab318bf28041c7f4a032,False,,,476892,579,597769,64584,97c19f6a8d2b52fa3bf5fc0bb1faed15f44207582ecb6a83bc059847f40427fd,True,False
tv2_m16_bottleneck_00__MULTI__s9101,tv2_m16_bottleneck_00,MULTI,9101,40,FROZEN_LAYERWISE,CONVERGED,0.3946899833152998,0.39468998331529964,0.00018989338299295802,0.001110756971217941,0.17095853360680746,5,4,13,160,520,2.0990867614746094,3,5,2,0.0,0,350,312,974,17489,66.51961731910706,18009,987,68.61870408058167,355,fits/tv2_m16_bottleneck_00__MULTI__s9101/p039/FROZEN_LAYERWISE/WINNER.json,514781afc4b946085f336be7077a29ebf163552e462b42c67e7db1fefdad54ea,49f8e69c2087a086aa484fa92e6ccf403e2fe7636128210f22a424ef32c08a16,False,,,489120,579,613096,66240,5bf9ddef1211225a58825c25737aaaec857679f0a3f44ffdf3201f65d648f802,True,True
tv2_m16_bottleneck_00__MULTI__s9101,tv2_m16_bottleneck_00,MULTI,9101,40,WARM_JOINT,BUDGET_EXHAUSTED,-0.4445657614729879,-0.4445657614729871,0.1457463223430179,0.7079060057451594,0.20588372066373659,54,53,160,160,6400,25.82124090194702,48,54,80,0.6114337681448041,0,1181,1143,3467,83984,311.0059859752655,90384,3627,336.8272268772125,1235,fits/tv2_m16_bottleneck_00__MULTI__s9101/p039/WARM_JOINT/WINNER.json,5f8b40cd0e2188babf557d0a2fa0d5dff8b899218791ab318bf28041c7f4a032,c94af82f06db5bc70bf1a743e8d8dfe01090933189435df3a61a4c6f64c7b5a5,False,,,489120,579,613096,66240,00fa64611b0cdfedd2ae6b8815fea92cf6b7a31155d0fc97374de62162fb657c,True,False
tv2_m16_bottleneck_00__MULTI__s9101,tv2_m16_bottleneck_00,MULTI,9101,41,FROZEN_LAYERWISE,CONVERGED,0.39442314043461046,0.3944231404346103,0.00020846533174223377,0.0012063210285148268,0.17281082465990646,41,40,121,164,4961,19.626046419143677,22,41,2,0.0,0,355,316,987,18009,68.61870408058167,22970,1108,88.24475049972534,396,fits/tv2_m16_bottleneck_00__MULTI__s9101/p040/FROZEN_LAYERWISE/WINNER.json,49f8e69c2087a086aa484fa92e6ccf403e2fe7636128210f22a424ef32c08a16,602ddd98d2d689e6bb32e0b61c6f2d21a557e11bc59730234e79d1ca4f9a082c,False,,,501348,579,628423,67896,0af8dca0df5b030f1e6b682cedd3037fe6347ce34b226d2835c2020128414bd5,True,True
tv2_m16_bottleneck_00__MULTI__s9101,tv2_m16_bottleneck_00,MULTI,9101,41,WARM_JOINT,BUDGET_EXHAUSTED,-0.4855284209806304,-0.485528420980629,0.1433525996136012,0.736247658158794,0.1947070364503392,55,54,163,164,6683,25.695515394210815,50,55,82,2.2493851481571143,0,1235,1196,3627,90384,336.8272268772125,97067,3790,362.52274227142334,1290,fits/tv2_m16_bottleneck_00__MULTI__s9101/p040/WARM_JOINT/WINNER.json,c94af82f06db5bc70bf1a743e8d8dfe01090933189435df3a61a4c6f64c7b5a5,01732962f0cd61345897afa57fad67f2ebedd0b642df374ee025207d7d55ead0,False,,,501348,579,628423,67896,201fcd733c56f0a22832f5d816a8dd54b10c769e2194b898901c2aa8128da20d,True,False
tv2_m16_bottleneck_00__MULTI__s9101,tv2_m16_bottleneck_00,MULTI,9101,42,FROZEN_LAYERWISE,CONVERGED,0.3944231401311138,0.39442314013111335,0.00020848602909467434,0.0012064277097663257,0.17281269934943405,5,4,13,168,546,2.121112108230591,3,5,2,0.0,0,396,356,1108,22970,88.24475049972534,23516,1121,90.36586260795593,401,fits/tv2_m16_bottleneck_00__MULTI__s9101/p041/FROZEN_LAYERWISE/WINNER.json,602ddd98d2d689e6bb32e0b61c6f2d21a557e11bc59730234e79d1ca4f9a082c,98abab1dbd95d5194dc83e49a2d4fa8d04b7e4214d6494e5f7c2b93e0346f234,False,,,513576,579,643750,69552,5b8bd06edd4775fd1c8cd29e09373bd561994ac594056ac5e1a58f6d5d385735,True,True
tv2_m16_bottleneck_00__MULTI__s9101,tv2_m16_bottleneck_00,MULTI,9101,42,WARM_JOINT,BUDGET_EXHAUSTED,-0.5182555157632545,-0.5182555157632552,0.15123463845702406,0.759210113568459,0.19919997870706319,56,55,166,168,6972,22.918596982955933,46,56,84,1.189485190830883,0,1290,1250,3790,97067,362.52274227142334,104039,3956,385.4413392543793,1346,fits/tv2_m16_bottleneck_00__MULTI__s9101/p041/WARM_JOINT/WINNER.json,01732962f0cd61345897afa57fad67f2ebedd0b642df374ee025207d7d55ead0,feba125b6aa2171c720b80663c8a89d3d46902472d9febdfaaa0fc185c9f7350,False,,,513576,579,643750,69552,a613a7565394ef1b1c489b7eaae14a0538395322f37156d2e7ff1719dcd7c2b9,True,False
tv2_m16_bottleneck_00__MULTI__s9101,tv2_m16_bottleneck_00,MULTI,9101,43,FROZEN_LAYERWISE,CONVERGED,0.3944231398326923,0.3944231398326915,0.00020850620319834095,0.0012065318496711954,0.1728145040308411,5,4,13,172,559,2.1176817417144775,3,5,2,0.0,0,401,360,1121,23516,90.36586260795593,24075,1134,92.48354434967041,406,fits/tv2_m16_bottleneck_00__MULTI__s9101/p042/FROZEN_LAYERWISE/WINNER.json,98abab1dbd95d5194dc83e49a2d4fa8d04b7e4214d6494e5f7c2b93e0346f234,2f357c337ce290a6a2cb064cb7996c1cc3dbd896299d84268341feca27a4620a,False,,,525804,579,659077,71208,2e794b07a865057242f7edebbc23424e5036d2ebcac3b96c81a429dc7dd40858,True,True
tv2_m16_bottleneck_00__MULTI__s9101,tv2_m16_bottleneck_00,MULTI,9101,43,WARM_JOINT,BUDGET_EXHAUSTED,-0.5723770787100689,-0.5723770787100679,0.16466154933487764,0.7960097019811087,0.20685872160234736,58,57,172,172,7396,27.885857582092285,45,57,86,1.5264057350914948,0,1346,1305,3956,104039,385.4413392543793,111435,4128,413.32719683647156,1404,fits/tv2_m16_bottleneck_00__MULTI__s9101/p042/WARM_JOINT/WINNER.json,feba125b6aa2171c720b80663c8a89d3d46902472d9febdfaaa0fc185c9f7350,8047209fbc2517e17f0f823e0c6b52964217fd25f2255258c4d6f1db40760278,False,,,525804,579,659077,71208,df56b7fc208a1c21a8fe036c71fe484c9e08b14bac75f7accd08ce840be459f9,True,False
tv2_m16_bottleneck_00__MULTI__s9101,tv2_m16_bottleneck_00,MULTI,9101,44,FROZEN_LAYERWISE,CONVERGED,0.3944231396776128,0.394423139677613,0.00020852052842380592,0.0012066059000201733,0.17281577060108827,5,4,13,176,572,2.193963050842285,3,5,2,0.0,0,406,364,1134,24075,92.48354434967041,24647,1147,94.6775074005127,411,fits/tv2_m16_bottleneck_00__MULTI__s9101/p043/FROZEN_LAYERWISE/WINNER.json,2f357c337ce290a6a2cb064cb7996c1cc3dbd896299d84268341feca27a4620a,f0f8ac5dd449eab829bce4e71c6dea1fc22155f06aa66277765acb4386de0c06,False,,,538032,579,674404,72864,26911ca40b18f24989526b3bb43bec21c6b3a401abec0ca98e87cec045fb532e,True,True
tv2_m16_bottleneck_00__MULTI__s9101,tv2_m16_bottleneck_00,MULTI,9101,44,WARM_JOINT,BUDGET_EXHAUSTED,-0.6123636264651214,-0.6123636264651194,0.17688169145508936,0.8228725891461782,0.21495635386108047,59,58,175,176,7700,29.565485954284668,51,59,88,1.528106290450431,0,1404,1362,4128,111435,413.32719683647156,119135,4303,442.8926827907562,1463,fits/tv2_m16_bottleneck_00__MULTI__s9101/p043/WARM_JOINT/WINNER.json,8047209fbc2517e17f0f823e0c6b52964217fd25f2255258c4d6f1db40760278,e9bd9e29510f9b07e938bd9fa9c54f6538bbd9081b1da5398ce304f79897dce9,False,,,538032,579,674404,72864,cf38065e349e2bfcc52b9f3febbcbb3b018bd239ca2e3763ad50e4e9c831101a,True,False
tv2_m16_bottleneck_00__MULTI__s9101,tv2_m16_bottleneck_00,MULTI,9101,45,FROZEN_LAYERWISE,CONVERGED,0.3944231396118182,0.3944231396118185,0.0002085298228069977,0.0012066540011110838,0.17281658421965532,5,4,13,180,585,2.193488359451294,3,5,2,0.0,0,411,368,1147,24647,94.6775074005127,25232,1160,96.87099575996399,416,fits/tv2_m16_bottleneck_00__MULTI__s9101/p044/FROZEN_LAYERWISE/WINNER.json,f0f8ac5dd449eab829bce4e71c6dea1fc22155f06aa66277765acb4386de0c06,dcb33aa226bd7d39b59d51d806e589d34eec331e3fd3be92b0d98f846a395f9a,False,,,550260,579,689731,74520,1f5a7b033e60e81cbbadb8cfdd50531d51ce020dbae69a483a0b1c6132dfe89f,True,True
tv2_m16_bottleneck_00__MULTI__s9101,tv2_m16_bottleneck_00,MULTI,9101,45,WARM_JOINT,BUDGET_EXHAUSTED,-0.6290789293603697,-0.6290789293603716,0.18709131960840522,0.8349788684454216,0.22406713113199517,60,59,178,180,8010,26.878059148788452,50,60,90,1.5201906540978949,0,1463,1420,4303,119135,442.8926827907562,127145,4481,469.7707419395447,1523,fits/tv2_m16_bottleneck_00__MULTI__s9101/p044/WARM_JOINT/WINNER.json,e9bd9e29510f9b07e938bd9fa9c54f6538bbd9081b1da5398ce304f79897dce9,90601dcb26db76f61deaae6e7ab9bcd875a87eb141a277208a6570b40592c0d8,False,,,550260,579,689731,74520,aa3ab3c38a0a4e60944449a82cdcfebad7aaf7156348dd7d2164c5b4f28cbc5d,True,False
tv2_m16_bottleneck_00__MULTI__s9101,tv2_m16_bottleneck_00,MULTI,9101,46,FROZEN_LAYERWISE,CONVERGED,0.3944231396011688,0.39442313960116915,0.00020853347798755056,0.0012066729289096508,0.17281690256860352,5,4,13,184,598,2.2941596508026123,3,5,2,0.0,0,416,372,1160,25232,96.87099575996399,25830,1173,99.1651554107666,421,fits/tv2_m16_bottleneck_00__MULTI__s9101/p045/FROZEN_LAYERWISE/WINNER.json,dcb33aa226bd7d39b59d51d806e589d34eec331e3fd3be92b0d98f846a395f9a,f3f449d23e453a4172475b8b84c7637c477ae88cadb676279c4c0b1d539c897f,False,,,562488,579,705058,76176,3817fdde6ce4025b5b00046e4d41e129fdeada1ba111589e4a9b602c0560eda3,True,True
tv2_m16_bottleneck_00__MULTI__s9101,tv2_m16_bottleneck_00,MULTI,9101,46,WARM_JOINT,BUDGET_EXHAUSTED,-0.6607278333544561,-0.6607278333544566,0.19700759108906774,0.8584310835921196,0.22949727107351017,62,61,184,184,8464,32.708374977111816,52,62,92,1.4082084421109482,0,1523,1479,4481,127145,469.7707419395447,135609,4665,502.4791169166565,1585,fits/tv2_m16_bottleneck_00__MULTI__s9101/p045/WARM_JOINT/WINNER.json,90601dcb26db76f61deaae6e7ab9bcd875a87eb141a277208a6570b40592c0d8,9ae007044e119bc74168284cac182987a756241ca6e200e151456519c93102e1,False,,,562488,579,705058,76176,5d4b94724b6b7a3ce9947cb2d0c35f7b73f9e2bed5421053571254402a7c32dd,True,False
tv2_m16_bottleneck_00__MULTI__s9101,tv2_m16_bottleneck_00,MULTI,9101,47,FROZEN_LAYERWISE,CONVERGED,0.3944231394760342,0.39442313947603375,0.0002085456696860009,0.0012067363610995937,0.17281792146875513,4,3,10,188,470,1.7972729206085205,2,4,2,0.0,0,421,376,1173,25830,99.1651554107666,26300,1183,100.96242833137512,425,fits/tv2_m16_bottleneck_00__MULTI__s9101/p046/FROZEN_LAYERWISE/WINNER.json,f3f449d23e453a4172475b8b84c7637c477ae88cadb676279c4c0b1d539c897f,4d0536fb584674a185cac95f2b800e86b6c0038c5460f32555a514e4d2926694,False,,,574716,579,720385,77832,2a0ebfb31acecb86e49000ee7368acb277bee472440b239082c00c3bb88ef6c9,True,True
tv2_m16_bottleneck_00__MULTI__s9101,tv2_m16_bottleneck_00,MULTI,9101,47,WARM_JOINT,BUDGET_EXHAUSTED,-0.6766799104015083,-0.6766799104015088,0.20975625282001437,0.8687288433005796,0.24145192649881758,63,62,187,188,8789,20.03831458091736,55,63,94,1.6074437419294811,0,1585,1540,4665,135609,502.4791169166565,144398,4852,522.5174314975739,1648,fits/tv2_m16_bottleneck_00__MULTI__s9101/p046/WARM_JOINT/WINNER.json,9ae007044e119bc74168284cac182987a756241ca6e200e151456519c93102e1,ad8de995b3ee436b40a4c4f4943825a837bbf619140da965efe66d4c701c0092,False,,,574716,579,720385,77832,6c224e98d15929e843ee51e2847311c8473dadf11397e4d6884e8ec5d5be47e8,True,False
tv2_m16_bottleneck_00__MULTI__s9101,tv2_m16_bottleneck_00,MULTI,9101,48,FROZEN_LAYERWISE,CONVERGED,0.3944231394726047,0.3944231394726049,0.00020854372950174157,0.0012067262475669183,0.17281776204190577,5,4,13,192,624,1.4010820388793945,3,5,2,0.0,0,425,379,1183,26300,100.96242833137512,26924,1196,102.36351037025452,430,fits/tv2_m16_bottleneck_00__MULTI__s9101/p047/FROZEN_LAYERWISE/WINNER.json,4d0536fb584674a185cac95f2b800e86b6c0038c5460f32555a514e4d2926694,857e61368fa63795d564a9912fb526453ea91a3820b3a35ab7e9be6010ba31ea,False,,,586944,579,735712,79488,bc0be8db1f6d09dc22eb7ee03b02ca9bf07de73dee7f17748163ec3ff4ccb9bc,True,True
tv2_m16_bottleneck_00__MULTI__s9101,tv2_m16_bottleneck_00,MULTI,9101,48,WARM_JOINT,BUDGET_EXHAUSTED,-0.694617389448876,-0.6946173894488791,0.21436331650823592,0.881574034370861,0.2431597439927064,64,63,190,192,9120,20.017874717712402,53,64,96,1.2988497366180805,0,1648,1602,4852,144398,522.5174314975739,153518,5042,542.5353062152863,1712,fits/tv2_m16_bottleneck_00__MULTI__s9101/p047/WARM_JOINT/WINNER.json,ad8de995b3ee436b40a4c4f4943825a837bbf619140da965efe66d4c701c0092,161a5a81060cb7f35425aa21ba3d98fbfdcd8c3fd6ce754881201b6df37e50d7,False,,,586944,579,735712,79488,eaecd6e2d8d904f4dc58e95fd09384eb38549f71d5663361926c558887335dcf,True,False
tv2_m16_bottleneck_00__MULTI__s9101,tv2_m16_bottleneck_00,MULTI,9101,49,FROZEN_LAYERWISE,CONVERGED,0.3944231394532258,0.39442313945322577,0.00020853888268498787,0.0012067011202160226,0.17281734407245386,4,3,10,196,490,1.0621633529663086,2,4,2,0.0,0,430,383,1196,26924,102.36351037025452,27414,1206,103.42567372322083,434,fits/tv2_m16_bottleneck_00__MULTI__s9101/p048/FROZEN_LAYERWISE/WINNER.json,857e61368fa63795d564a9912fb526453ea91a3820b3a35ab7e9be6010ba31ea,82dfa5780bc2c5c99f20bd87127be74005b5f125a6c30ac73f4d7af04d4c35fa,False,,,599172,579,751039,81144,74b01b8e22b78adba80f776f125ee98a39c40348e3e8dc86d7b288f52f4b3bcf,True,True
tv2_m16_bottleneck_00__MULTI__s9101,tv2_m16_bottleneck_00,MULTI,9101,49,WARM_JOINT,BUDGET_EXHAUSTED,-0.7140798864897002,-0.7140798864897007,0.22052493288002853,0.8956200302711564,0.24622599475947715,66,65,196,196,9604,21.09656596183777,59,66,98,1.8794744985603853,0,1712,1665,5042,153518,542.5353062152863,163122,5238,563.631872177124,1778,fits/tv2_m16_bottleneck_00__MULTI__s9101/p048/WARM_JOINT/WINNER.json,161a5a81060cb7f35425aa21ba3d98fbfdcd8c3fd6ce754881201b6df37e50d7,2babdf15d2cac7e75b34707221041395f46109cb5e7b5517eb0c37b7e4e31a33,False,,,599172,579,751039,81144,763d69a7b8ffdee776ee90d0ea432142ccaf6b2ad0533220b144a37203cd053a,True,False
tv2_m16_bottleneck_00__MULTI__s9101,tv2_m16_bottleneck_00,MULTI,9101,50,FROZEN_LAYERWISE,CONVERGED,0.394423138532301,0.394423138532301,0.00020850378027776828,0.0012065199408213087,0.17281420159192268,5,4,13,200,650,1.4585387706756592,3,5,2,0.0,0,434,386,1206,27414,103.42567372322083,28064,1219,104.88421249389648,439,fits/tv2_m16_bottleneck_00__MULTI__s9101/p049/FROZEN_LAYERWISE/WINNER.json,82dfa5780bc2c5c99f20bd87127be74005b5f125a6c30ac73f4d7af04d4c35fa,5535beae130aa2f29d425cbc68e75fe98871f7b890236b58fae8210d5857377c,False,,,611400,579,766366,82800,0436641a1e59a37d017f0e162c1d38ad9bb3a2161492f84917b1b1f02757e226,True,True
tv2_m16_bottleneck_00__MULTI__s9101,tv2_m16_bottleneck_00,MULTI,9101,50,WARM_JOINT,BUDGET_EXHAUSTED,-0.7285693973996679,-0.728569397399667,0.23869639718684713,0.9052626393140951,0.2636764037536157,67,66,199,200,9950,22.016969680786133,55,67,100,1.741677665652538,0,1778,1730,5238,163122,563.631872177124,173072,5437,585.6488418579102,1845,fits/tv2_m16_bottleneck_00__MULTI__s9101/p049/WARM_JOINT/WINNER.json,2babdf15d2cac7e75b34707221041395f46109cb5e7b5517eb0c37b7e4e31a33,85dd203d5e358b8c106c732a37cb5880b7f0fa811cd586776ed907b21f2c932a,False,,,611400,579,766366,82800,d5fd80d1126095331e3ff251a76c45dd837b873ea35a6e307ef1aeba6caec45c,True,False
tv2_m16_bottleneck_00__MULTI__s9101,tv2_m16_bottleneck_00,MULTI,9101,51,FROZEN_LAYERWISE,CONVERGED,0.39442313825314673,0.39442313825314657,0.0002085229336376426,0.0012066189926964888,0.17281588877666054,5,4,13,204,663,1.4527256488800049,3,5,2,0.0,0,439,390,1219,28064,104.88421249389648,28727,1232,106.33693814277649,444,fits/tv2_m16_bottleneck_00__MULTI__s9101/p050/FROZEN_LAYERWISE/WINNER.json,5535beae130aa2f29d425cbc68e75fe98871f7b890236b58fae8210d5857377c,355440c9cc47e45d2d1ba3cfba2100bd61a9244d1586202830172e7ab7f96d5a,False,,,623628,579,781693,84456,b0d5a3fba8536ae0c6f24780a5dcb72d0feb3e7b69b550346aeb060089fb0278,True,True
tv2_m16_bottleneck_00__MULTI__s9101,tv2_m16_bottleneck_00,MULTI,9101,51,WARM_JOINT,BUDGET_EXHAUSTED,-0.7390204210745855,-0.7390204210745843,0.24399918446317417,0.912529604123992,0.2673876917093643,68,67,202,204,10302,22.030742406845093,57,67,102,1.3536129768034875,0,1845,1796,5437,173072,585.6488418579102,183374,5639,607.6795842647552,1913,fits/tv2_m16_bottleneck_00__MULTI__s9101/p050/WARM_JOINT/WINNER.json,85dd203d5e358b8c106c732a37cb5880b7f0fa811cd586776ed907b21f2c932a,09cbf90afa0a0c35dfbccb094c73dbda82d2204654a8c704f4c361982dd3fcb0,False,,,623628,579,781693,84456,d043684853740cba15f4b920843a94a0b60130e71cfb6858f8f42d68a29eed9a,True,False
tv2_m16_bottleneck_00__MULTI__s9101,tv2_m16_bottleneck_00,MULTI,9101,52,FROZEN_LAYERWISE,CONVERGED,0.39442313818490493,0.394423138184905,0.00020851320859643487,0.0012065687515318167,0.17281502469852128,5,4,13,208,676,1.4888882637023926,3,5,2,0.0,0,444,394,1232,28727,106.33693814277649,29403,1245,107.82582640647888,449,fits/tv2_m16_bottleneck_00__MULTI__s9101/p051/FROZEN_LAYERWISE/WINNER.json,355440c9cc47e45d2d1ba3cfba2100bd61a9244d1586202830172e7ab7f96d5a,69afe74abd830859daf40776139c1ecbdf5726fafccf746211963137408d074f,False,,,635856,579,797020,86112,d30f70533d008d669d690f23e18acbf573cd042781f69468ae0b5983ca2c3adb,True,True
tv2_m16_bottleneck_00__MULTI__s9101,tv2_m16_bottleneck_00,MULTI,9101,52,WARM_JOINT,BUDGET_EXHAUSTED,-0.7484571550537804,-0.7484571550537809,0.24653809464932638,0.9194659413292101,0.2681318399819387,70,69,208,208,10816,24.93051028251648,58,70,104,1.2804497442112157,0,1913,1863,5639,183374,607.6795842647552,194190,5847,632.6100945472717,1983,fits/tv2_m16_bottleneck_00__MULTI__s9101/p051/WARM_JOINT/WINNER.json,09cbf90afa0a0c35dfbccb094c73dbda82d2204654a8c704f4c361982dd3fcb0,7180765fac8d33cae0ecb8e2eb8a880e97f4827613a43f207bd37ceaee62dfa5,False,,,635856,579,797020,86112,1472fefc6be59785ecf8520c84477757b4e1c5b4875294673ba39c4150034f67,True,False
tv2_m16_bottleneck_00__MULTI__s9101,tv2_m16_bottleneck_00,MULTI,9101,53,FROZEN_LAYERWISE,CONVERGED,0.3944231380749413,0.3944231380749412,0.00020850100211751614,0.001206505759461987,0.17281393021322358,5,4,13,212,689,1.4863183498382568,3,5,2,0.0,0,449,398,1245,29403,107.82582640647888,30092,1258,109.31214475631714,454,fits/tv2_m16_bottleneck_00__MULTI__s9101/p052/FROZEN_LAYERWISE/WINNER.json,69afe74abd830859daf40776139c1ecbdf5726fafccf746211963137408d074f,f4408ba5aefc6be1c3d3e0767cb39ce50b66d86d83e5f49611a695e81b42c552,False,,,648084,579,812347,87768,32afae075f0fb851ea19556339e03d3d9c2f5d5b7f18c88b395a6fb70d4725ce,True,True
tv2_m16_bottleneck_00__MULTI__s9101,tv2_m16_bottleneck_00,MULTI,9101,53,WARM_JOINT,BUDGET_EXHAUSTED,-0.7558342423421878,-0.7558342423421862,0.2490674242484753,0.9248542881155853,0.2693045028270958,71,70,211,212,11183,23.89719533920288,62,71,106,1.2371700659908917,0,1983,1932,5847,194190,632.6100945472717,205373,6058,656.5072898864746,2054,fits/tv2_m16_bottleneck_00__MULTI__s9101/p052/WARM_JOINT/WINNER.json,7180765fac8d33cae0ecb8e2eb8a880e97f4827613a43f207bd37ceaee62dfa5,812f01b193abdeef64996f849aebc0f81000e61a65e1ea1986d998a07a09498a,False,,,648084,579,812347,87768,f516d302fcc2143ae39f3428fdf62aae110181c45b63e0c266ae3a21a97efc8f,True,False
tv2_m16_bottleneck_00__MULTI__s9101,tv2_m16_bottleneck_00,MULTI,9101,54,FROZEN_LAYERWISE,CONVERGED,0.3944231373239954,0.3944231373239958,0.00020846834120964673,0.0012063375702215842,0.1728109497338747,5,4,13,216,702,1.5478088855743408,3,5,2,0.0,0,454,402,1258,30092,109.31214475631714,30794,1271,110.85995364189148,459,fits/tv2_m16_bottleneck_00__MULTI__s9101/p053/FROZEN_LAYERWISE/WINNER.json,f4408ba5aefc6be1c3d3e0767cb39ce50b66d86d83e5f49611a695e81b42c552,e133c9a8d443505b4de3d1a25b6d767a897d14542a43f2c9fdbe07c831016c16,False,,,660312,579,827674,89424,ee1e90f3a8e303bf13c7aac613f543e9c85a37746ffc258063c7a1c66dc97130,True,True
tv2_m16_bottleneck_00__MULTI__s9101,tv2_m16_bottleneck_00,MULTI,9101,54,WARM_JOINT,BUDGET_EXHAUSTED,-0.7611721391753512,-0.7611721391753506,0.25113566947635396,0.9288790304008051,0.2703642360921751,72,71,214,216,11556,25.25601887702942,61,71,108,1.2307576798118776,0,2054,2002,6058,205373,656.5072898864746,216929,6272,681.763308763504,2126,fits/tv2_m16_bottleneck_00__MULTI__s9101/p053/WARM_JOINT/WINNER.json,812f01b193abdeef64996f849aebc0f81000e61a65e1ea1986d998a07a09498a,15319b25e57d539da2e63183a62189ffac4219ba63df1c8fa2ed1b2ef6ff4035,False,,,660312,579,827674,89424,9699b1d640cec41495621f86f97e0aeac6dab2706a010db7add863aea8445dc1,True,False
tv2_m16_bottleneck_00__MULTI__s9101,tv2_m16_bottleneck_00,MULTI,9101,55,FROZEN_LAYERWISE,CONVERGED,0.39442313720675215,0.3944231372067514,0.00020845535662472633,0.0012062707510182037,0.17280975804873888,5,4,13,220,715,1.5418198108673096,3,5,2,0.0,0,459,406,1271,30794,110.85995364189148,31509,1284,112.40177345275879,464,fits/tv2_m16_bottleneck_00__MULTI__s9101/p054/FROZEN_LAYERWISE/WINNER.json,e133c9a8d443505b4de3d1a25b6d767a897d14542a43f2c9fdbe07c831016c16,8349e92623b6a0d7ab990917587bc37f194d2597ccb6827c6e2c324988bf0a7c,False,,,672540,579,843001,91080,d46e60c1fafd1944dcefa0dc6abefb5b9338302152ca55737e95b1afdf249c29,True,True
tv2_m16_bottleneck_00__MULTI__s9101,tv2_m16_bottleneck_00,MULTI,9101,55,WARM_JOINT,BUDGET_EXHAUSTED,-0.7670188358190904,-0.7670188358190887,0.2515154355678471,0.9330590490100047,0.2695600410656863,74,73,220,220,12100,26.17350149154663,64,74,110,1.2712245729768883,0,2126,2073,6272,216929,681.763308763504,229029,6492,707.9368102550507,2200,fits/tv2_m16_bottleneck_00__MULTI__s9101/p054/WARM_JOINT/WINNER.json,15319b25e57d539da2e63183a62189ffac4219ba63df1c8fa2ed1b2ef6ff4035,3988630ac189a52ea6b7e1e05687a5ae7a2a65cdcbe42850be55daf2de890bb4,False,,,672540,579,843001,91080,6451e40fbc55d2169ad26c5cd5dbd4d21c39eca331a3b6eccd77dc61b6628d6e,True,False
tv2_m16_bottleneck_00__MULTI__s9101,tv2_m16_bottleneck_00,MULTI,9101,56,FROZEN_LAYERWISE,CONVERGED,0.39420144280126274,0.394201442801263,0.00023039626207579784,0.0013108246166452198,0.17576436935205617,43,42,127,224,7112,15.732580423355103,21,43,2,0.0,0,464,410,1284,31509,112.40177345275879,38621,1411,128.1343538761139,507,fits/tv2_m16_bottleneck_00__MULTI__s9101/p055/FROZEN_LAYERWISE/WINNER.json,8349e92623b6a0d7ab990917587bc37f194d2597ccb6827c6e2c324988bf0a7c,c6409ba6549088f5e18af4b45d25c21d12846b46e09aecb430dbf76ad6e7dc00,False,,,684768,579,858328,92736,9442f06ee5dcfeda149780d23fd69148457dc98b53d8a452b1c75704e7c0fed7,True,True
tv2_m16_bottleneck_00__MULTI__s9101,tv2_m16_bottleneck_00,MULTI,9101,56,WARM_JOINT,BUDGET_EXHAUSTED,-0.7720668424466586,-0.7720668424466579,0.25406705706166677,0.9367690788485679,0.27121631445601724,75,74,223,224,12488,28.44439959526062,64,75,112,1.1746870814149075,0,2200,2146,6492,229029,707.9368102550507,241517,6715,736.3812098503113,2275,fits/tv2_m16_bottleneck_00__MULTI__s9101/p055/WARM_JOINT/WINNER.json,3988630ac189a52ea6b7e1e05687a5ae7a2a65cdcbe42850be55daf2de890bb4,6b025bb97cd83241c0cb72030ea35ff2f3e357819505a1ac5e16965147adba10,False,,,684768,579,858328,92736,5342fa7aca3cb43945cc10493aeeb94f75fb3ed516d7bc0a0d002928d11e01c0,True,False
tv2_m16_bottleneck_00__MULTI__s9101,tv2_m16_bottleneck_00,MULTI,9101,57,FROZEN_LAYERWISE,CONVERGED,0.394201442283756,0.39420144228375564,0.00023036025484569,0.0013106535851145325,0.1757598326987064,5,4,13,228,741,1.722853660583496,3,5,2,0.0,0,507,452,1411,38621,128.1343538761139,39362,1424,129.8572075366974,512,fits/tv2_m16_bottleneck_00__MULTI__s9101/p056/FROZEN_LAYERWISE/WINNER.json,c6409ba6549088f5e18af4b45d25c21d12846b46e09aecb430dbf76ad6e7dc00,eb7f4b89e408534fafa37949b4a854e207f5ee2feb8d90da8d4b348cb82f6b25,False,,,696996,579,873655,94392,7fa9c1c9f0c7960b604cc72e4d72ae4f5b7a649ccc2a8eb8a0c994d6bc867536,True,True
tv2_m16_bottleneck_00__MULTI__s9101,tv2_m16_bottleneck_00,MULTI,9101,57,WARM_JOINT,BUDGET_EXHAUSTED,-0.7878979632567039,-0.787897963256704,0.28658395121739816,0.9464612949975134,0.30279521490432537,76,75,226,228,12882,28.484900951385498,66,76,114,1.7080201544381777,0,2275,2220,6715,241517,736.3812098503113,254399,6941,764.8661108016968,2351,fits/tv2_m16_bottleneck_00__MULTI__s9101/p056/WARM_JOINT/WINNER.json,6b025bb97cd83241c0cb72030ea35ff2f3e357819505a1ac5e16965147adba10,9a08df2a2ebcdc719adc94159b20ff28773cbc914a940c26457bed136fa0107f,False,,,696996,579,873655,94392,e8cf579805d2d1fde1fac68f5c432db588799cb53df35c4aa4f339701005d171,True,False
tv2_m16_bottleneck_00__MULTI__s9101,tv2_m16_bottleneck_00,MULTI,9101,58,FROZEN_LAYERWISE,CONVERGED,0.3942014422770329,0.3942014422770323,0.00023035622825548635,0.001310634458824729,0.17575932534388816,4,3,10,232,580,1.3225927352905273,2,4,2,0.0,0,512,456,1424,39362,129.8572075366974,39942,1434,131.17980027198792,516,fits/tv2_m16_bottleneck_00__MULTI__s9101/p057/FROZEN_LAYERWISE/WINNER.json,eb7f4b89e408534fafa37949b4a854e207f5ee2feb8d90da8d4b348cb82f6b25,4f4b05705a855d496bbbe16ad13616636cbe3a04b13a1c4305b2756d7422cf6b,False,,,709224,579,888982,96048,0457055da84f5732769b66efea3709cc40ad2a5fcef34fcde246655f9f43b3c0,True,True
tv2_m16_bottleneck_00__MULTI__s9101,tv2_m16_bottleneck_00,MULTI,9101,58,WARM_JOINT,BUDGET_EXHAUSTED,-0.8290669499691523,-0.8290669499691529,0.3788746284296166,0.9724635452231424,0.3896029113797574,78,77,232,232,13456,29.5355486869812,67,78,116,1.1377769591674505,0,2351,2295,6941,254399,764.8661108016968,267855,7173,794.401659488678,2429,fits/tv2_m16_bottleneck_00__MULTI__s9101/p057/WARM_JOINT/WINNER.json,9a08df2a2ebcdc719adc94159b20ff28773cbc914a940c26457bed136fa0107f,b96756e7549b7b5681dafeee4ed559983685c67fa9408d0a2596c869307f75f1,False,,,709224,579,888982,96048,da03e3b748468f4d33faaff86bfe91b8af9c58942f8deae9138000086e78a656,True,False
tv2_m16_bottleneck_00__MULTI__s9101,tv2_m16_bottleneck_00,MULTI,9101,59,FROZEN_LAYERWISE,CONVERGED,0.3942014421491952,0.39420144214919495,0.0002303740685456856,0.0013107191975473874,0.1757615734756618,5,4,13,236,767,1.6130921840667725,3,5,2,0.0,0,516,459,1434,39942,131.17980027198792,40709,1447,132.7928924560547,521,fits/tv2_m16_bottleneck_00__MULTI__s9101/p058/FROZEN_LAYERWISE/WINNER.json,4f4b05705a855d496bbbe16ad13616636cbe3a04b13a1c4305b2756d7422cf6b,b73d61f98dac717f061a5a66a951295f4bcf64bf64a108d124d3b3f57e3ad17c,False,,,721452,579,904309,97704,6391183bb7f77fe4616c78501b3a0de0673a154b10d045904be970681ec51c5b,True,True
tv2_m16_bottleneck_00__MULTI__s9101,tv2_m16_bottleneck_00,MULTI,9101,59,WARM_JOINT,BUDGET_EXHAUSTED,-0.8360948971472524,-0.8360948971472549,0.41764247401270677,0.9756988905337676,0.4280444285267461,79,78,235,236,13865,28.937772274017334,67,79,118,0.4921859690186432,0,2429,2372,7173,267855,794.401659488678,281720,7408,823.3394317626953,2508,fits/tv2_m16_bottleneck_00__MULTI__s9101/p058/WARM_JOINT/WINNER.json,b96756e7549b7b5681dafeee4ed559983685c67fa9408d0a2596c869307f75f1,66e5a70a0dee32fb068c2cc341e9dd388da8403c9ff8b531138b4b035f2a62f0,False,,,721452,579,904309,97704,882a7b9bb25663f6c15bb4b8aaa284a794b51552d427cf62af8cf759456a387d,True,False
tv2_m16_bottleneck_00__MULTI__s9101,tv2_m16_bottleneck_00,MULTI,9101,60,FROZEN_LAYERWISE,CONVERGED,0.3942014402800512,0.3942014402800512,0.00023044156607009592,0.001311039722822079,0.1757700869459995,5,4,13,240,780,1.6748318672180176,3,5,2,0.0,0,521,463,1447,40709,132.7928924560547,41489,1460,134.4677243232727,526,fits/tv2_m16_bottleneck_00__MULTI__s9101/p059/FROZEN_LAYERWISE/WINNER.json,b73d61f98dac717f061a5a66a951295f4bcf64bf64a108d124d3b3f57e3ad17c,954372640bff38bcbdb73c4cd65af0028b123cab058efb44f06789507f413458,False,,,733680,579,919636,99360,4a31f80346a51dc833edcbd5b4031fc3c533ff161b025f6edb394e52e73ad04f,True,True
tv2_m16_bottleneck_00__MULTI__s9101,tv2_m16_bottleneck_00,MULTI,9101,60,WARM_JOINT,BUDGET_EXHAUSTED,-0.8412109853204014,-0.8412109853204013,0.43597170489601234,0.9784747867796504,0.4455625334311163,80,79,238,240,14280,30.35909914970398,66,80,120,1.0021638790042062,0,2508,2450,7408,281720,823.3394317626953,296000,7646,853.6985309123993,2588,fits/tv2_m16_bottleneck_00__MULTI__s9101/p059/WARM_JOINT/WINNER.json,66e5a70a0dee32fb068c2cc341e9dd388da8403c9ff8b531138b4b035f2a62f0,8d17a847b08abcee984682a6e24203f37fbc1cb6818eee74bec7e3524731fc77,False,,,733680,579,919636,99360,f6972f8bac1aef5c519f73604cd5acbb6067566c103354a1799f1774de98446c,True,False
tv2_m16_bottleneck_00__MULTI__s9101,tv2_m16_bottleneck_00,MULTI,9101,61,FROZEN_LAYERWISE,CONVERGED,0.39420144025532844,0.39420144025532877,0.00023044930304950517,0.0013110764608368429,0.17577106288859187,5,4,13,244,793,1.6790494918823242,3,5,2,0.0,0,526,467,1460,41489,134.4677243232727,42282,1473,136.14677381515503,531,fits/tv2_m16_bottleneck_00__MULTI__s9101/p060/FROZEN_LAYERWISE/WINNER.json,954372640bff38bcbdb73c4cd65af0028b123cab058efb44f06789507f413458,aaab5cac618939197df9859bd246135c922211f3cb12b85c5142fda51423304f,False,,,745908,579,934963,101016,30d3e28d649d7d97f09ba840c7ed44700e506e49aa29f3901e9c828f1a13041c,True,True
tv2_m16_bottleneck_00__MULTI__s9101,tv2_m16_bottleneck_00,MULTI,9101,61,WARM_JOINT,BUDGET_EXHAUSTED,-0.8444858952207224,-0.8444858952207235,0.44604642193822747,0.9803312122386227,0.4549956345056727,82,81,244,244,14884,31.030537605285645,72,82,122,0.704876632990481,0,2588,2529,7646,296000,853.6985309123993,310884,7890,884.7290685176849,2670,fits/tv2_m16_bottleneck_00__MULTI__s9101/p060/WARM_JOINT/WINNER.json,8d17a847b08abcee984682a6e24203f37fbc1cb6818eee74bec7e3524731fc77,36033af891a1c655b9f9b4706cce1022a778c26b06a565df4efa57d6a53135a3,False,,,745908,579,934963,101016,a3dc122f6251a548bf5651ce7d2e5305b4e4ffcc82cbc4039b7b5ab5dc318953,True,False
tv2_m16_bottleneck_00__MULTI__s9101,tv2_m16_bottleneck_00,MULTI,9101,62,FROZEN_LAYERWISE,CONVERGED,0.3942014388927183,0.3942014388927182,0.0002303911551784025,0.0013108002841222587,0.17576373606958562,5,4,13,248,806,1.7152366638183594,3,5,2,0.0,0,531,471,1473,42282,136.14677381515503,43088,1486,137.8620104789734,536,fits/tv2_m16_bottleneck_00__MULTI__s9101/p061/FROZEN_LAYERWISE/WINNER.json,aaab5cac618939197df9859bd246135c922211f3cb12b85c5142fda51423304f,8cecd01c49adddc9c4252de38593e7d785d9e336a766107019a45f15bc748859,False,,,758136,579,950290,102672,5d407a79e6afaadc59cfdec970f99ecbcc6b4fee0ebce84baecbdd9b7e48ff63,True,True
tv2_m16_bottleneck_00__MULTI__s9101,tv2_m16_bottleneck_00,MULTI,9101,62,WARM_JOINT,BUDGET_EXHAUSTED,-0.8471532450281619,-0.8471532450281694,0.45369632165955265,0.9819206812954615,0.4620498684893619,83,82,247,248,15314,32.61177206039429,70,83,124,0.7305995291103926,0,2670,2610,7890,310884,884.7290685176849,326198,8137,917.3408405780792,2753,fits/tv2_m16_bottleneck_00__MULTI__s9101/p061/WARM_JOINT/WINNER.json,36033af891a1c655b9f9b4706cce1022a778c26b06a565df4efa57d6a53135a3,6de34320faf4d20c154f8d290761f091d945fa373f21d95c026b6413db1c8f84,False,,,758136,579,950290,102672,0869183e75c520e39e348085d5ed962aa9f3294ff45121704fa06cb475097d04,True,False
tv2_m16_bottleneck_00__MULTI__s9101,tv2_m16_bottleneck_00,MULTI,9101,63,FROZEN_LAYERWISE,CONVERGED,0.3942014381673061,0.39420143816730624,0.0002304339301099044,0.0013110034178174627,0.17576912994897229,4,3,10,252,630,1.394848346710205,2,4,2,0.0,0,536,475,1486,43088,137.8620104789734,43718,1496,139.2568588256836,540,fits/tv2_m16_bottleneck_00__MULTI__s9101/p062/FROZEN_LAYERWISE/WINNER.json,8cecd01c49adddc9c4252de38593e7d785d9e336a766107019a45f15bc748859,93187730ad3044b63d844f46fafbba886726deb1f3a4b569bdc84a2d541e5675,False,,,770364,579,965617,104328,ba78f086607fa4997ee22cf44118e610945af57a8de63cf4829f8182592931b5,True,True
tv2_m16_bottleneck_00__MULTI__s9101,tv2_m16_bottleneck_00,MULTI,9101,63,WARM_JOINT,BUDGET_EXHAUSTED,-0.8498604217419475,-0.8498604217419463,0.45461120697290036,0.9837871409089497,0.4621032213867644,84,83,250,252,15750,32.77354621887207,72,84,126,1.1437189070290446,0,2753,2692,8137,326198,917.3408405780792,341948,8387,950.1143867969513,2837,fits/tv2_m16_bottleneck_00__MULTI__s9101/p062/WARM_JOINT/WINNER.json,6de34320faf4d20c154f8d290761f091d945fa373f21d95c026b6413db1c8f84,c0f94a4dd778713742197c33290823b6be0deb87bf31c23770caf9aeeb26b112,False,,,770364,579,965617,104328,be79b7415aedb0c7626f81013bbdb0383facb07b1858bb130aae74762082e6de,True,False
tv2_m16_bottleneck_00__MULTI__s9101,tv2_m16_bottleneck_00,MULTI,9101,64,FROZEN_LAYERWISE,CONVERGED,0.39420143806831925,0.3942014380683188,0.0002304182998505004,0.001310929186963867,0.1757671597686774,5,4,13,256,832,1.766056776046753,3,5,2,0.0,0,540,478,1496,43718,139.2568588256836,44550,1509,141.02291560173035,545,fits/tv2_m16_bottleneck_00__MULTI__s9101/p063/FROZEN_LAYERWISE/WINNER.json,93187730ad3044b63d844f46fafbba886726deb1f3a4b569bdc84a2d541e5675,9a0ce1d6d702958fa6c4521ea388bfd80212e4ace1e392bcf370353b912914f1,True,3e429fd18bcf3ff78950023fb04d3e1a4eef9d1a74297c68e29ab7a5314e247b,5.405334050195979e-16,782592,579,980944,105984,1d894e8416d6fcdf993c5097b3162d6a8083652d147d10f7ce67dd071936263d,True,True
tv2_m16_bottleneck_00__MULTI__s9101,tv2_m16_bottleneck_00,MULTI,9101,64,WARM_JOINT,BUDGET_EXHAUSTED,-0.8523125714667381,-0.8523125714667371,0.4662800170077884,0.9850092776588195,0.47337626922260845,86,85,256,256,16384,34.64949560165405,77,86,128,0.7923192264654237,0,2837,2775,8387,341948,950.1143867969513,358332,8643,984.7638823986053,2923,fits/tv2_m16_bottleneck_00__MULTI__s9101/p063/WARM_JOINT/WINNER.json,c0f94a4dd778713742197c33290823b6be0deb87bf31c23770caf9aeeb26b112,cd62f90735df9ddeab1a3cbbc34ae678e51c5ffcf2617ebcc7582d2e0e12e401,True,0366dc16d4ad85c70d53624861d2d514f9f4a3a30f035a8eb996eb1d0103ab3e,2.0973814346120042e-14,782592,579,980944,105984,128d248ebc7d3cfdd88151f74f8ad1da92522cb1a1c896729fc12ff5e9617fe3,True,False
tv2_m16_bottleneck_00__MULTI__s9101,tv2_m16_bottleneck_00,MULTI,9101,64,RANDOM_JOINT,BUDGET_EXHAUSTED,-0.5046892686756751,-0.5046892686756739,0.17117524644261117,0.7602453268718071,0.22515790678641662,85,85,255,256,16320,36.06711459159851,75,85,128,3.61251645163388,0,0,0,0,0,0.0,16320,255,36.06711459159851,85,,,379f3918fba9ba77c28a9e0708df2b58b4fb22158c293458db09fafdc13c82a5,True,9c3ab1693534e4a5e892ebea72f3a960f2935c37825e8a9eeaa7ae3922731950,3.778903081479197e-15,782592,579,980944,105984,8c31bc9efa2e129119139a3b41daea1cbca8a92238ca440a20c786aa8861bbb7,False,False
tv2_m16_bottleneck_00__MULTI__s9101,tv2_m16_bottleneck_00,MULTI,9101,65,FROZEN_LAYERWISE,CONVERGED,0.39420143804616115,0.3942014380461605,0.00023042618875393202,0.0013109666517264905,0.17576815432373508,4,3,10,260,650,4.8001227378845215,2,4,2,0.0,0,545,482,1509,44550,141.02291560173035,45200,1519,145.82303833961487,549,fits/tv2_m16_bottleneck_00__MULTI__s9101/p064/FROZEN_LAYERWISE/WINNER.json,9a0ce1d6d702958fa6c4521ea388bfd80212e4ace1e392bcf370353b912914f1,53ef073f223985269fd5bf63bfb3a40b35104e5460955993f91c6feb12980703,False,,,794820,579,996271,107640,19e2cfe211d9ada8b770403260198c14ffdc37e1e6eae71f1977f205f6945065,True,True
tv2_m16_bottleneck_00__MULTI__s9101,tv2_m16_bottleneck_00,MULTI,9101,65,WARM_JOINT,BUDGET_EXHAUSTED,-0.8565929048867165,-0.8565929048867187,0.47810279327610217,0.987664377564157,0.48407414921173,87,86,259,260,16835,55.068838596343994,75,87,130,0.9248310817027485,0,2923,2860,8643,358332,984.7638823986053,375167,8902,1039.8327209949493,3010,fits/tv2_m16_bottleneck_00__MULTI__s9101/p064/WARM_JOINT/WINNER.json,cd62f90735df9ddeab1a3cbbc34ae678e51c5ffcf2617ebcc7582d2e0e12e401,04c2ddede47ce9c5b3f11b942197aa1df0df80e8e4bc474c2d236b57f1a20e93,False,,,794820,579,996271,107640,9c5975402d20720d627238b4d397e05fb7793fb73c60e6d50fbdaf755bd00148,True,False
tv2_m16_bottleneck_00__MULTI__s9101,tv2_m16_bottleneck_00,MULTI,9101,66,FROZEN_LAYERWISE,CONVERGED,0.3942014374007917,0.3942014374007914,0.00023046502702626017,0.0013111509942113787,0.17577306354778655,5,4,13,264,858,1.945629596710205,3,5,2,0.0,0,549,485,1519,45200,145.82303833961487,46058,1532,147.76866793632507,554,fits/tv2_m16_bottleneck_00__MULTI__s9101/p065/FROZEN_LAYERWISE/WINNER.json,53ef073f223985269fd5bf63bfb3a40b35104e5460955993f91c6feb12980703,c951a460560f0fc2bc7f432078d85d4bec7e25b2a063d97f34b3f3a90b5dcb15,False,,,807048,579,1011598,109296,ca44abc859b4dd7b3ea5d73013bce4f71af9a8fe5fec30f62d04c64834c47c2c,True,True
tv2_m16_bottleneck_00__MULTI__s9101,tv2_m16_bottleneck_00,MULTI,9101,66,WARM_JOINT,BUDGET_EXHAUSTED,-0.8609068462906626,-0.8609068462906612,0.48507963690084,0.9908251696117887,0.48957137119447336,88,87,262,264,17292,39.681964635849,79,88,132,0.7169375338054369,0,3010,2946,8902,375167,1039.8327209949493,392459,9164,1079.5146856307983,3098,fits/tv2_m16_bottleneck_00__MULTI__s9101/p065/WARM_JOINT/WINNER.json,04c2ddede47ce9c5b3f11b942197aa1df0df80e8e4bc474c2d236b57f1a20e93,7c0aa4082ad1e5ff9c42b26c4bd318771750d827f6214b65f29ae4cf08a71efe,False,,,807048,579,1011598,109296,b05c85cfb6b683350f3995149ea1008ff23e44d65c7b77bcc11c5ed8938da480,True,False
tv2_m16_bottleneck_00__MULTI__s9101,tv2_m16_bottleneck_00,MULTI,9101,67,FROZEN_LAYERWISE,CONVERGED,0.3942014373867802,0.3942014373867806,0.00023045923365174362,0.0013111234888833869,0.1757723323590315,5,4,13,268,871,1.9578073024749756,3,5,2,0.0,0,554,489,1532,46058,147.76866793632507,46929,1545,149.72647523880005,559,fits/tv2_m16_bottleneck_00__MULTI__s9101/p066/FROZEN_LAYERWISE/WINNER.json,c951a460560f0fc2bc7f432078d85d4bec7e25b2a063d97f34b3f3a90b5dcb15,015248c73bd88cef1d78ebbf3482e9fedb57b3b8c1f33ae7c39feae4a7a9e7d9,False,,,819276,579,1026925,110952,abf24cbc8f260b9f293256ac381be26b857479ef5c5a42c3f502151a48ea7e5a,True,True
tv2_m16_bottleneck_00__MULTI__s9101,tv2_m16_bottleneck_00,MULTI,9101,67,WARM_JOINT,BUDGET_EXHAUSTED,-0.8636788110095015,-0.8636788110095004,0.48492313828667366,0.9930517329778527,0.4883160888633066,90,89,268,268,17956,40.5269877910614,77,90,134,0.573670688513126,0,3098,3033,9164,392459,1079.5146856307983,410415,9432,1120.0416734218597,3188,fits/tv2_m16_bottleneck_00__MULTI__s9101/p066/WARM_JOINT/WINNER.json,7c0aa4082ad1e5ff9c42b26c4bd318771750d827f6214b65f29ae4cf08a71efe,92680fbec9b84bff4d19d7e89152bf578608b75547b637345536284176ed4900,False,,,819276,579,1026925,110952,7b0e7b8f187d022b00883e4605cba7a54cc664586dc05dc033a6581b1dc0d953,True,False
tv2_m16_bottleneck_00__MULTI__s9101,tv2_m16_bottleneck_00,MULTI,9101,68,FROZEN_LAYERWISE,CONVERGED,0.3942014372768582,0.39420143727685925,0.0002304429351676174,0.0013110460950393234,0.17577027691059596,4,3,10,272,680,1.5736150741577148,2,4,2,0.0,0,559,493,1545,46929,149.72647523880005,47609,1555,151.30009031295776,563,fits/tv2_m16_bottleneck_00__MULTI__s9101/p067/FROZEN_LAYERWISE/WINNER.json,015248c73bd88cef1d78ebbf3482e9fedb57b3b8c1f33ae7c39feae4a7a9e7d9,a7b75a156aea61b3b614adb238634a94981c5ebc415703d0aa6a4cf6a88d3090,False,,,831504,579,1042252,112608,1bb6e87be00cdba35f34e867195a89402676cdb9aa6589d45033d8f9b7ebace3,True,True
tv2_m16_bottleneck_00__MULTI__s9101,tv2_m16_bottleneck_00,MULTI,9101,68,WARM_JOINT,BUDGET_EXHAUSTED,-0.865112185091732,-0.8651121850917326,0.49103419130194786,0.9940668150117592,0.4939649768875337,91,90,271,272,18428,42.383606910705566,80,91,136,0.545526440644337,0,3188,3122,9432,410415,1120.0416734218597,428843,9703,1162.4252803325653,3279,fits/tv2_m16_bottleneck_00__MULTI__s9101/p067/WARM_JOINT/WINNER.json,92680fbec9b84bff4d19d7e89152bf578608b75547b637345536284176ed4900,1bf262488dee7893882e0dca0dd0f2ad617bf3ce7d14218eac4fbeaf70dfb644,False,,,831504,579,1042252,112608,fa9e5a04f244d0f059a1640ec6c65edb3eebeccd1ea076a095d5a898dbe6cb6c,True,False
tv2_m16_bottleneck_00__MULTI__s9101,tv2_m16_bottleneck_00,MULTI,9101,69,FROZEN_LAYERWISE,CONVERGED,0.3942014371390419,0.39420143713904154,0.0002304611219064917,0.0013111324375369858,0.17577257286031459,5,4,13,276,897,1.9710655212402344,3,5,2,0.0,0,563,496,1555,47609,151.30009031295776,48506,1568,153.271155834198,568,fits/tv2_m16_bottleneck_00__MULTI__s9101/p068/FROZEN_LAYERWISE/WINNER.json,a7b75a156aea61b3b614adb238634a94981c5ebc415703d0aa6a4cf6a88d3090,548135087217c07f3dc040f0c820b451518078ae6940eacda74b18cb4a1d47bc,False,,,843732,579,1057579,114264,11e8bb4cb2e93a02f4c40cc643faa8a5e70f12b09ba80471521ecec4ea7a198a,True,True
tv2_m16_bottleneck_00__MULTI__s9101,tv2_m16_bottleneck_00,MULTI,9101,69,WARM_JOINT,BUDGET_EXHAUSTED,-0.8671418508030502,-0.8671418508030486,0.5031061348822872,0.9952031918063987,0.5055310704632051,92,91,274,276,18906,41.56916666030884,79,92,138,0.6765438349361377,0,3279,3212,9703,428843,1162.4252803325653,447749,9977,1203.9944469928741,3371,fits/tv2_m16_bottleneck_00__MULTI__s9101/p068/WARM_JOINT/WINNER.json,1bf262488dee7893882e0dca0dd0f2ad617bf3ce7d14218eac4fbeaf70dfb644,78755fe263610d528b0a6e16094c78969a0f6af0ca2c5478313bba77fbb0ced0,False,,,843732,579,1057579,114264,3907fbd52e100e27786e2f05fdb49835ade41faf758a39476de2edea28f16f7b,True,False
tv2_m16_bottleneck_00__MULTI__s9101,tv2_m16_bottleneck_00,MULTI,9101,70,FROZEN_LAYERWISE,CONVERGED,0.39420143700536997,0.39420143700537036,0.00023044312873213985,0.0013110469966882163,0.17577030366894023,4,3,10,280,700,1.6040987968444824,2,4,2,0.0,0,568,500,1568,48506,153.271155834198,49206,1578,154.87525463104248,572,fits/tv2_m16_bottleneck_00__MULTI__s9101/p069/FROZEN_LAYERWISE/WINNER.json,548135087217c07f3dc040f0c820b451518078ae6940eacda74b18cb4a1d47bc,c2b26f1fd442fbe08b9a3b773f1bb02d9f117a2c739df1a74898a94bce06e13d,False,,,855960,579,1072906,115920,11127e4d34587dcbc394c61db78f44a311f3833f35b165cbaf455d42d3f2e0e8,True,True
tv2_m16_bottleneck_00__MULTI__s9101,tv2_m16_bottleneck_00,MULTI,9101,70,WARM_JOINT,BUDGET_EXHAUSTED,-0.8688162952745089,-0.8688162952745112,0.5110038546044561,0.9959832181700384,0.5130647236640642,94,93,280,280,19600,44.032954692840576,79,93,140,0.7144180625132353,0,3371,3303,9977,447749,1203.9944469928741,467349,10257,1248.0274016857147,3465,fits/tv2_m16_bottleneck_00__MULTI__s9101/p069/WARM_JOINT/WINNER.json,78755fe263610d528b0a6e16094c78969a0f6af0ca2c5478313bba77fbb0ced0,748e059627038e17d24ff72cb793df78e5d47048878294280c0e2d8b86a9b459,False,,,855960,579,1072906,115920,929fbf6029925020fcd98fc5ecd6c3156e0c4758510ddea6bed08ecb48477b0d,True,False
tv2_m16_bottleneck_00__MULTI__s9101,tv2_m16_bottleneck_00,MULTI,9101,71,FROZEN_LAYERWISE,CONVERGED,0.39420143622436,0.39420143622436016,0.00023039915490501265,0.0013108381454309704,0.1757647621928665,5,4,13,284,923,2.063589334487915,3,5,2,0.0,0,572,503,1578,49206,154.87525463104248,50129,1591,156.9388439655304,577,fits/tv2_m16_bottleneck_00__MULTI__s9101/p070/FROZEN_LAYERWISE/WINNER.json,c2b26f1fd442fbe08b9a3b773f1bb02d9f117a2c739df1a74898a94bce06e13d,99a6aca3054162f2e2f8aa756b5752126bd6003acdbbe8cbb5539c0f774fac5f,False,,,868188,579,1088233,117576,e32da1f191eafe92ed782ea712627a797da2001c6e104141d0d1e2ea4c268789,True,True
tv2_m16_bottleneck_00__MULTI__s9101,tv2_m16_bottleneck_00,MULTI,9101,71,WARM_JOINT,BUDGET_EXHAUSTED,-0.8697821190297741,-0.8697821190297733,0.5133713569099189,0.996604466868879,0.5151204655171007,95,94,283,284,20093,44.89387798309326,82,95,142,0.49360631542439437,0,3465,3396,10257,467349,1248.0274016857147,487442,10540,1292.921279668808,3560,fits/tv2_m16_bottleneck_00__MULTI__s9101/p070/WARM_JOINT/WINNER.json,748e059627038e17d24ff72cb793df78e5d47048878294280c0e2d8b86a9b459,7daead4f4d0bbe8a36822ad50c4d5004d6d55a9fa6f61d4b744125d90bbf0558,False,,,868188,579,1088233,117576,8603e3f4ed87d418f7e65d0445f4bf4c5b4c274778b5711035c9164b6d38bc93,True,False
tv2_m16_bottleneck_00__MULTI__s9101,tv2_m16_bottleneck_00,MULTI,9101,72,FROZEN_LAYERWISE,CONVERGED,0.3942014359770017,0.3942014359770014,0.00023042380527748995,0.0013109552118626283,0.1757678700175422,5,4,13,288,936,2.192784547805786,3,5,2,0.0,0,577,507,1591,50129,156.9388439655304,51065,1604,159.13162851333618,582,fits/tv2_m16_bottleneck_00__MULTI__s9101/p071/FROZEN_LAYERWISE/WINNER.json,99a6aca3054162f2e2f8aa756b5752126bd6003acdbbe8cbb5539c0f774fac5f,e16b10d6128466756a2424f2cf3d94b3e1db117509af8bf6103f8da65ed00173,False,,,880416,579,1103560,119232,7ea972f2fbd81cc6860db67014e32c40defa34ef35063a291ddeb297b41ca48d,True,True
tv2_m16_bottleneck_00__MULTI__s9101,tv2_m16_bottleneck_00,MULTI,9101,72,WARM_JOINT,BUDGET_EXHAUSTED,-0.8703337029946743,-0.870333702994677,0.5171143184742587,0.9967312108949388,0.5188101996023133,96,95,286,288,20592,47.13030290603638,79,96,144,0.4265640310885144,0,3560,3490,10540,487442,1292.921279668808,508034,10826,1340.0515825748444,3656,fits/tv2_m16_bottleneck_00__MULTI__s9101/p071/WARM_JOINT/WINNER.json,7daead4f4d0bbe8a36822ad50c4d5004d6d55a9fa6f61d4b744125d90bbf0558,78ba1861398cded78c7409991a2c57abecc21d1087366370ac83a3461fc039af,False,,,880416,579,1103560,119232,8d7dd57c88fd64e47ab1c9accfe6fc8b58cceef29d278b5db77fc2a6aa109a81,True,False
tv2_m16_bottleneck_00__MULTI__s9101,tv2_m16_bottleneck_00,MULTI,9101,73,FROZEN_LAYERWISE,CONVERGED,0.394201435877435,0.3942014358774346,0.00023040827439952806,0.0013108814505520684,0.1757659125487612,4,3,10,292,730,1.60886549949646,2,4,2,0.0,0,582,511,1604,51065,159.13162851333618,51795,1614,160.74049401283264,586,fits/tv2_m16_bottleneck_00__MULTI__s9101/p072/FROZEN_LAYERWISE/WINNER.json,e16b10d6128466756a2424f2cf3d94b3e1db117509af8bf6103f8da65ed00173,3eed48856a464f4f06f8cfb673fea9e393c396abc70dc689b037e76e098c9eec,False,,,892644,579,1118887,120888,8ca0a64583cb5d596657ee1acb4da3429cbe9dbbd32791c23f8c9db38825d44a,True,True
tv2_m16_bottleneck_00__MULTI__s9101,tv2_m16_bottleneck_00,MULTI,9101,73,WARM_JOINT,BUDGET_EXHAUSTED,-0.8706978937842156,-0.8706978937842177,0.5166883102176274,0.9970006916367625,0.5182426798214024,98,97,292,292,21316,47.256983280181885,85,98,146,0.25412249651099383,0,3656,3585,10826,508034,1340.0515825748444,529350,11118,1387.3085658550262,3754,fits/tv2_m16_bottleneck_00__MULTI__s9101/p072/WARM_JOINT/WINNER.json,78ba1861398cded78c7409991a2c57abecc21d1087366370ac83a3461fc039af,ed3982a8ed209a7be0742426618561921efbc9ea161a890537428342a64f1148,False,,,892644,579,1118887,120888,20a8d4c8b0c3942fbd308facb067932b8e117edbacb1aebab8a524c2c167905f,True,False
tv2_m16_bottleneck_00__MULTI__s9101,tv2_m16_bottleneck_00,MULTI,9101,74,FROZEN_LAYERWISE,CONVERGED,0.39420143540364594,0.3942014354036462,0.000230373931144602,0.0013107183281189975,0.17576158523335061,5,4,13,296,962,2.178023338317871,3,5,2,0.0,0,586,514,1614,51795,160.74049401283264,52757,1627,162.9185173511505,591,fits/tv2_m16_bottleneck_00__MULTI__s9101/p073/FROZEN_LAYERWISE/WINNER.json,3eed48856a464f4f06f8cfb673fea9e393c396abc70dc689b037e76e098c9eec,0e9fa46bd43dfb709232de628a5619c4fc8082c7b6090c089ba522eab3d9757b,False,,,904872,579,1134214,122544,ea296fa5f2225139832040fafcd482c0ef80ff366626427933ce8f93fdd65bcd,True,True
tv2_m16_bottleneck_00__MULTI__s9101,tv2_m16_bottleneck_00,MULTI,9101,74,WARM_JOINT,BUDGET_EXHAUSTED,-0.8709912972063854,-0.8709912972063854,0.5166537170290648,0.9971017092605471,0.5181554822649099,99,98,295,296,21830,48.77576494216919,85,99,148,0.49619335755929983,0,3754,3682,11118,529350,1387.3085658550262,551180,11413,1436.0843307971954,3853,fits/tv2_m16_bottleneck_00__MULTI__s9101/p073/WARM_JOINT/WINNER.json,ed3982a8ed209a7be0742426618561921efbc9ea161a890537428342a64f1148,cca87a1703a50ca572d63bd7935f0c6adf8c4bdbb350b3e7cffb213bf773859f,False,,,904872,579,1134214,122544,6f3784fdc8811b12d6d6560514083263131a309513b868bd42a385ea7bb5033b,True,False
tv2_m16_bottleneck_00__MULTI__s9101,tv2_m16_bottleneck_00,MULTI,9101,75,FROZEN_LAYERWISE,CONVERGED,0.39420143471478164,0.3942014347147826,0.00023033242024615713,0.001310521146473176,0.1757563552988205,5,4,13,300,975,2.145883321762085,3,5,2,0.0,0,591,518,1627,52757,162.9185173511505,53732,1640,165.0644006729126,596,fits/tv2_m16_bottleneck_00__MULTI__s9101/p074/FROZEN_LAYERWISE/WINNER.json,0e9fa46bd43dfb709232de628a5619c4fc8082c7b6090c089ba522eab3d9757b,faae71a4db578e06317901c84146241515a02ce7bf404cfc21a641f89e263935,False,,,917100,579,1149541,124200,0156e58d1af874ab51054f477fd0ea611ce4d85b0501612da82c1d6ed7a9a855,True,True
tv2_m16_bottleneck_00__MULTI__s9101,tv2_m16_bottleneck_00,MULTI,9101,75,WARM_JOINT,BUDGET_EXHAUSTED,-0.8714470499134086,-0.8714470499134032,0.51789335392543,0.9973332657304478,0.5192781307120288,100,99,298,300,22350,48.89351439476013,88,100,150,0.3320447681343335,0,3853,3780,11413,551180,1436.0843307971954,573530,11711,1484.9778451919556,3953,fits/tv2_m16_bottleneck_00__MULTI__s9101/p074/WARM_JOINT/WINNER.json,cca87a1703a50ca572d63bd7935f0c6adf8c4bdbb350b3e7cffb213bf773859f,c1cf45d9005824626799c13353cf607e77cbc6047129ccbb91eac3863c175bf7,False,,,917100,579,1149541,124200,fd9990bf01cc549729d525ffa453cbf58bd070022c7e64004b2f733675b00f8f,True,False
tv2_m16_bottleneck_00__MULTI__s9101,tv2_m16_bottleneck_00,MULTI,9101,76,FROZEN_LAYERWISE,CONVERGED,0.3940191682146189,0.3940191682146191,0.0002467324344397261,0.001392453154295564,0.17719262847628578,40,39,118,304,8968,20.229023933410645,21,40,2,0.0,0,596,522,1640,53732,165.0644006729126,62700,1758,185.29342460632324,636,fits/tv2_m16_bottleneck_00__MULTI__s9101/p075/FROZEN_LAYERWISE/WINNER.json,faae71a4db578e06317901c84146241515a02ce7bf404cfc21a641f89e263935,850b948662696b1f20a691f41b9b0ffc07e5c7912e49f2c020af8102f82513e5,False,,,929328,579,1164868,125856,408f822102485b559f350db83b2a97de68874d7650a5ee1fbc6e5266493aa293,True,True
tv2_m16_bottleneck_00__MULTI__s9101,tv2_m16_bottleneck_00,MULTI,9101,76,WARM_JOINT,BUDGET_EXHAUSTED,-0.8719365692663312,-0.8719365692663278,0.5163124100993876,0.9977731677123942,0.5174647172394331,102,101,304,304,23104,51.886032819747925,91,102,152,0.7040913446678359,0,3953,3879,11711,573530,1484.9778451919556,596634,12015,1536.8638780117035,4055,fits/tv2_m16_bottleneck_00__MULTI__s9101/p075/WARM_JOINT/WINNER.json,c1cf45d9005824626799c13353cf607e77cbc6047129ccbb91eac3863c175bf7,064bd10001f23c1cf866dd8f1adcd826f2431a481c7bd4997649394958f5424b,False,,,929328,579,1164868,125856,34e9cda30f637b5e84dda57cb20c135aa80b6eb0099804bc0251ca15d9dbc7ab,True,False
tv2_m16_bottleneck_00__MULTI__s9101,tv2_m16_bottleneck_00,MULTI,9101,77,FROZEN_LAYERWISE,CONVERGED,0.39401916791344044,0.39401916791344027,0.00024675361172987097,0.001392559062972869,0.17719435985939108,5,4,13,308,1001,2.2192533016204834,3,5,2,0.0,0,636,561,1758,62700,185.29342460632324,63701,1771,187.51267790794373,641,fits/tv2_m16_bottleneck_00__MULTI__s9101/p076/FROZEN_LAYERWISE/WINNER.json,850b948662696b1f20a691f41b9b0ffc07e5c7912e49f2c020af8102f82513e5,7a85e272cc3f54f43bdbcd207b6183f63f462a22886ac14e750b0cc2336faba5,False,,,941556,579,1180195,127512,ab10d783e2fade730b8399a8df5b2f941f703dd7c9bd17cf82b4c2fbec31afd3,True,True
tv2_m16_bottleneck_00__MULTI__s9101,tv2_m16_bottleneck_00,MULTI,9101,77,WARM_JOINT,BUDGET_EXHAUSTED,-0.8727136973350915,-0.8727136973350875,0.5190582191312998,0.9981595169309226,0.5200152984838204,103,102,307,308,23639,51.359304904937744,89,103,154,0.7165224924809116,0,4055,3980,12015,596634,1536.8638780117035,620273,12322,1588.2231829166412,4158,fits/tv2_m16_bottleneck_00__MULTI__s9101/p076/WARM_JOINT/WINNER.json,064bd10001f23c1cf866dd8f1adcd826f2431a481c7bd4997649394958f5424b,f7d0c88ca210ae1e3c8e5fa1950e3cb49f2702cd99515c76cc85ef4cff5d9c73,False,,,941556,579,1180195,127512,cda8c4d0363aeee1c70c7e24342192594ff178c231a4fc4e5f6ece7872200b9a,True,False
tv2_m16_bottleneck_00__MULTI__s9101,tv2_m16_bottleneck_00,MULTI,9101,78,FROZEN_LAYERWISE,CONVERGED,0.3940191672351137,0.39401916723511315,0.0002467215649218405,0.0013923990731782383,0.17719170435720202,5,4,13,312,1014,2.2421741485595703,3,5,2,0.0,0,641,565,1771,63701,187.51267790794373,64715,1784,189.7548520565033,646,fits/tv2_m16_bottleneck_00__MULTI__s9101/p077/FROZEN_LAYERWISE/WINNER.json,7a85e272cc3f54f43bdbcd207b6183f63f462a22886ac14e750b0cc2336faba5,b5bac60ad32c36b94af679deeae78ac2f63dbf4503ed4cfc67d5e5bcc9eedbe8,False,,,953784,579,1195522,129168,68d9ae2061801da051b26997c82682ef711e6cc8c457f2ab0fed1b7451ebbddd,True,True
tv2_m16_bottleneck_00__MULTI__s9101,tv2_m16_bottleneck_00,MULTI,9101,78,WARM_JOINT,BUDGET_EXHAUSTED,-0.8729442743852784,-0.8729442743852766,0.5185174170563166,0.9983355731493403,0.5193818902201454,104,103,310,312,24180,53.77749800682068,91,104,156,0.2303862384510793,0,4158,4082,12322,620273,1588.2231829166412,644453,12632,1642.000680923462,4262,fits/tv2_m16_bottleneck_00__MULTI__s9101/p077/WARM_JOINT/WINNER.json,f7d0c88ca210ae1e3c8e5fa1950e3cb49f2702cd99515c76cc85ef4cff5d9c73,b72708fb78c716dbca6984f1cecacf12a53fe4c38dc9edd1aa63e34edbc8d0e3,False,,,953784,579,1195522,129168,925fb66f58be9c11296b703137dcc19a33f3f231824b2bdda469faf1d12f5c96,True,False
tv2_m16_bottleneck_00__MULTI__s9101,tv2_m16_bottleneck_00,MULTI,9101,79,FROZEN_LAYERWISE,CONVERGED,0.3940191671633264,0.3940191671633264,0.0002467109685206573,0.0013923461961618403,0.17719082308749362,5,4,13,316,1027,2.218972682952881,3,5,2,0.0,0,646,569,1784,64715,189.7548520565033,65742,1797,191.97382473945618,651,fits/tv2_m16_bottleneck_00__MULTI__s9101/p078/FROZEN_LAYERWISE/WINNER.json,b5bac60ad32c36b94af679deeae78ac2f63dbf4503ed4cfc67d5e5bcc9eedbe8,7396a3e428a123c8890351731a909b558e588b302acdabe06cfa09fca377eb7d,False,,,966012,579,1210849,130824,7a40366a2dd65f99e7162656108a2b32f0097bde9ed0ada31d1d4ae414fd9c23,True,True
tv2_m16_bottleneck_00__MULTI__s9101,tv2_m16_bottleneck_00,MULTI,9101,79,WARM_JOINT,BUDGET_EXHAUSTED,-0.8731977362998882,-0.8731977362998897,0.5192599123037318,0.9984886668377791,0.5200458748803146,106,105,316,316,24964,54.29405760765076,91,106,158,0.469129816293649,0,4262,4185,12632,644453,1642.000680923462,669417,12948,1696.2947385311127,4368,fits/tv2_m16_bottleneck_00__MULTI__s9101/p078/WARM_JOINT/WINNER.json,b72708fb78c716dbca6984f1cecacf12a53fe4c38dc9edd1aa63e34edbc8d0e3,067e783ce86937b99def07321367ed1216a29ca339ca244c94a84ac54215acd1,False,,,966012,579,1210849,130824,59cce46e9941d5d81497e6c7cb0dc0f35285e7dbfa2c9b002c55ae73630cd95c,True,False
tv2_m16_bottleneck_00__MULTI__s9101,tv2_m16_bottleneck_00,MULTI,9101,80,FROZEN_LAYERWISE,CONVERGED,0.3940191671633264,0.3940191671633264,0.0002467109685206572,0.0013923461961618403,0.17719082308749354,5,4,13,320,1040,2.3484113216400146,3,1,2,0.0,0,651,573,1797,65742,191.97382473945618,66782,1810,194.3222360610962,656,fits/tv2_m16_bottleneck_00__MULTI__s9101/p079/FROZEN_LAYERWISE/WINNER.json,7396a3e428a123c8890351731a909b558e588b302acdabe06cfa09fca377eb7d,ded1002260e043f4a56908877dcdc7a42ad76e4721ba2d4d570db6f5f59846c3,False,,,978240,579,1226176,132480,57cc101bfd4d2af8630c0fd2bdde8c2cf453430315a0499c15f8165eef33a759,True,True
tv2_m16_bottleneck_00__MULTI__s9101,tv2_m16_bottleneck_00,MULTI,9101,80,WARM_JOINT,BUDGET_EXHAUSTED,-0.8733571581638817,-0.8733571581638824,0.5204905519748794,0.9985844527682127,0.5212283753587474,107,106,319,320,25520,57.33722114562988,92,106,160,0.22904728540517583,0,4368,4290,12948,669417,1696.2947385311127,694937,13267,1753.6319596767426,4475,fits/tv2_m16_bottleneck_00__MULTI__s9101/p079/WARM_JOINT/WINNER.json,067e783ce86937b99def07321367ed1216a29ca339ca244c94a84ac54215acd1,217ec2ea1b0bbbe253f607bee8ebcd0aeebfdcf45d10e2ed759c9cb8874f801a,False,,,978240,579,1226176,132480,4b5ffb96e304f8d1802c0a6555fb9734e3768d8a436fb4620ab25d4523cd55a1,True,False
tv2_m16_bottleneck_00__MULTI__s9101,tv2_m16_bottleneck_00,MULTI,9101,81,FROZEN_LAYERWISE,CONVERGED,0.39386733402335417,0.3938673340233549,0.00026539244397426884,0.0014790703722181579,0.17943192491663565,38,37,112,324,9072,20.140888214111328,18,38,2,0.0,0,656,577,1810,66782,194.3222360610962,75854,1922,214.46312427520752,694,fits/tv2_m16_bottleneck_00__MULTI__s9101/p080/FROZEN_LAYERWISE/WINNER.json,ded1002260e043f4a56908877dcdc7a42ad76e4721ba2d4d570db6f5f59846c3,8855c5bc5bed5d5258a302ea8d42634c8f17752e7bf15f89c8023989a85a8fbe,False,,,990468,579,1241503,134136,42dccec60922daa875056c25ad59a5b822cf26895b752317c14a9281009e513a,True,True
tv2_m16_bottleneck_00__MULTI__s9101,tv2_m16_bottleneck_00,MULTI,9101,81,WARM_JOINT,BUDGET_EXHAUSTED,-0.873444657103157,-0.8734446571031604,0.5208565029534465,0.9985981012582592,0.5215877161163776,108,107,322,324,26082,57.306530237197876,92,107,162,0.1406307189482887,0,4475,4396,13267,694937,1753.6319596767426,721019,13589,1810.9384899139404,4583,fits/tv2_m16_bottleneck_00__MULTI__s9101/p080/WARM_JOINT/WINNER.json,217ec2ea1b0bbbe253f607bee8ebcd0aeebfdcf45d10e2ed759c9cb8874f801a,98ea1524100b80ec0e183043105383971c59ae03ea0f81c49afe8e68bacf8c07,False,,,990468,579,1241503,134136,e3366630a80c2483f04b379d1c4dedb752b413c8df881e811fae8730e4dd23d8,True,False
tv2_m16_bottleneck_00__MULTI__s9101,tv2_m16_bottleneck_00,MULTI,9101,82,FROZEN_LAYERWISE,CONVERGED,0.3938673338840284,0.39386733388402856,0.00026537374554893423,0.0014789838675912468,0.17942977700029702,5,4,13,328,1066,2.3707497119903564,3,5,2,0.0,0,694,614,1922,75854,214.46312427520752,76920,1935,216.83387398719788,699,fits/tv2_m16_bottleneck_00__MULTI__s9101/p081/FROZEN_LAYERWISE/WINNER.json,8855c5bc5bed5d5258a302ea8d42634c8f17752e7bf15f89c8023989a85a8fbe,8d9c955ab6dc7935332485716fc426ce70aa3cde267c4d9479708348504f96e4,False,,,1002696,579,1256830,135792,e602fdd5607c36c245abe5a7bb31d3ee11e07dcb06d8afbdfd3dff8bc33319eb,True,True
tv2_m16_bottleneck_00__MULTI__s9101,tv2_m16_bottleneck_00,MULTI,9101,82,WARM_JOINT,BUDGET_EXHAUSTED,-0.8735079753152087,-0.8735079753152143,0.5210435875778892,0.9986647800310111,0.5217402255456625,110,109,328,328,26896,59.95256471633911,94,109,164,0.16353282747329057,0,4583,4503,13589,721019,1810.9384899139404,747915,13917,1870.8910546302795,4693,fits/tv2_m16_bottleneck_00__MULTI__s9101/p081/WARM_JOINT/WINNER.json,98ea1524100b80ec0e183043105383971c59ae03ea0f81c49afe8e68bacf8c07,adb5dce701b23b0318681872a948af50b17f19b310b99b6390e83d0583923e22,False,,,1002696,579,1256830,135792,9b3252a8a7188d5d0ba90e967b51b5f2a4d1baa25185d70ac7aee44febee0435,True,False
tv2_m16_bottleneck_00__MULTI__s9101,tv2_m16_bottleneck_00,MULTI,9101,83,FROZEN_LAYERWISE,CONVERGED,0.3938673321648307,0.393867332164831,0.0002653087638437281,0.00147868329643925,0.17942230393932632,4,3,10,332,830,1.8259758949279785,2,4,2,0.0,0,699,618,1935,76920,216.83387398719788,77750,1945,218.65984988212585,703,fits/tv2_m16_bottleneck_00__MULTI__s9101/p082/FROZEN_LAYERWISE/WINNER.json,8d9c955ab6dc7935332485716fc426ce70aa3cde267c4d9479708348504f96e4,70dab7f95273639b62dd682e3fe6b3db518367311d01dde6580b7b27718054c2,False,,,1014924,579,1272157,137448,a0d8ca08d994604512d786e363865f7e5cf97db34031f413037bdbc5d72c764a,True,True
tv2_m16_bottleneck_00__MULTI__s9101,tv2_m16_bottleneck_00,MULTI,9101,83,WARM_JOINT,BUDGET_EXHAUSTED,-0.8735691478343023,-0.8735691478343045,0.5214007431611681,0.9986766094709185,0.5220916743382997,111,110,331,332,27473,60.02997374534607,94,111,166,0.14464897378470948,0,4693,4612,13917,747915,1870.8910546302795,775388,14248,1930.9210283756256,4804,fits/tv2_m16_bottleneck_00__MULTI__s9101/p082/WARM_JOINT/WINNER.json,adb5dce701b23b0318681872a948af50b17f19b310b99b6390e83d0583923e22,f621059b106a15430028b32ba6596579fbb4551181954ac9e17e24cac54e03bf,False,,,1014924,579,1272157,137448,bb50e9a54db6592505470ad321488b682d935d56631f8e0ab8fbd4547933660c,True,False
tv2_m16_bottleneck_00__MULTI__s9101,tv2_m16_bottleneck_00,MULTI,9101,84,FROZEN_LAYERWISE,CONVERGED,0.3938673321648306,0.39386733216483094,0.0002653087638437281,0.00147868329643925,0.17942230393932632,4,3,10,336,840,1.892465591430664,2,1,2,0.0,0,703,621,1945,77750,218.65984988212585,78590,1955,220.55231547355652,707,fits/tv2_m16_bottleneck_00__MULTI__s9101/p083/FROZEN_LAYERWISE/WINNER.json,70dab7f95273639b62dd682e3fe6b3db518367311d01dde6580b7b27718054c2,4f40b3251b7fa487fbeb36a246a11fd9de1026b1fb3bc258fe639bbb9e363193,False,,,1027152,579,1287484,139104,8de6dd77ba95aacd1dfe7fcf7e04fcad3401fe4f0897e3191ccf132403a8182c,True,True
tv2_m16_bottleneck_00__MULTI__s9101,tv2_m16_bottleneck_00,MULTI,9101,84,WARM_JOINT,BUDGET_EXHAUSTED,-0.8736446907517922,-0.8736446907517914,0.5216384013017084,0.9987366412693733,0.5222982513575519,112,111,334,336,28056,62.79843807220459,96,112,168,0.16038633517422163,0,4804,4722,14248,775388,1930.9210283756256,803444,14582,1993.7194664478302,4916,fits/tv2_m16_bottleneck_00__MULTI__s9101/p083/WARM_JOINT/WINNER.json,f621059b106a15430028b32ba6596579fbb4551181954ac9e17e24cac54e03bf,45fed1e8e6d44855a4fd4302e53e4114e9cebc697ec736707d0d63968954789b,False,,,1027152,579,1287484,139104,80e9736f0f03062befcb7dc09d7b7af466ba5d59c9e054e3611fce921f04cfd2,True,False
tv2_m16_bottleneck_00__MULTI__s9101,tv2_m16_bottleneck_00,MULTI,9101,85,FROZEN_LAYERWISE,CONVERGED,0.3937411447400434,0.3937411447400436,0.000279043229511768,0.0015456535315802689,0.18053413899716292,39,38,115,340,9775,21.9656503200531,19,39,2,0.0,0,707,624,1955,78590,220.55231547355652,88365,2070,242.51796579360962,746,fits/tv2_m16_bottleneck_00__MULTI__s9101/p084/FROZEN_LAYERWISE/WINNER.json,4f40b3251b7fa487fbeb36a246a11fd9de1026b1fb3bc258fe639bbb9e363193,0ccae3097af12dd4e3eb5dfb7a8f75980f2b30058f5490f2f24150fb22de39af,False,,,1039380,579,1302811,140760,972cf765b82f005c9ce1199c7c50349cdadef8bc55a6b76730a69f946a2eac99,True,True
tv2_m16_bottleneck_00__MULTI__s9101,tv2_m16_bottleneck_00,MULTI,9101,85,WARM_JOINT,BUDGET_EXHAUSTED,-0.8736920547405029,-0.8736920547405003,0.5218634233204119,0.9987387117783426,0.5225224747633822,114,113,340,340,28900,65.24926328659058,100,114,170,0.1278502584475188,0,4916,4833,14582,803444,1993.7194664478302,832344,14922,2058.968729734421,5030,fits/tv2_m16_bottleneck_00__MULTI__s9101/p084/WARM_JOINT/WINNER.json,45fed1e8e6d44855a4fd4302e53e4114e9cebc697ec736707d0d63968954789b,c8bc5b3fba56f43ac4edf60bc32c000163af7226241fd6d0f365c8916f0d5688,False,,,1039380,579,1302811,140760,75ecd9b0413568d3f64b29e7c7ccf78941fcd898aeea13e227b990da2c171129,True,False
tv2_m16_bottleneck_00__MULTI__s9101,tv2_m16_bottleneck_00,MULTI,9101,86,FROZEN_LAYERWISE,CONVERGED,0.393635845572905,0.39363584557290465,0.0002945969858030928,0.00161614106462301,0.1822842029398047,25,24,73,344,6278,14.286608934402466,14,24,2,0.0,0,746,662,2070,88365,242.51796579360962,94643,2143,256.8045747280121,771,fits/tv2_m16_bottleneck_00__MULTI__s9101/p085/FROZEN_LAYERWISE/WINNER.json,0ccae3097af12dd4e3eb5dfb7a8f75980f2b30058f5490f2f24150fb22de39af,ea2ce681db2e7f6d532d8412e984c9d00cf07f268cbd9d2b260844edafce5407,False,,,1051608,579,1318138,142416,63db9a86c697a4b422b5cba4cab7ca2c9eb85ef28715f2e35276098d138cd2ae,True,True
tv2_m16_bottleneck_00__MULTI__s9101,tv2_m16_bottleneck_00,MULTI,9101,86,WARM_JOINT,BUDGET_EXHAUSTED,-0.8737807830819981,-0.8737807830819984,0.5221934001338898,0.9988035273074582,0.5228189387172086,115,114,343,344,29498,66.51027703285217,101,115,172,0.28151562173360134,0,5030,4946,14922,832344,2058.968729734421,861842,15265,2125.479006767273,5145,fits/tv2_m16_bottleneck_00__MULTI__s9101/p085/WARM_JOINT/WINNER.json,c8bc5b3fba56f43ac4edf60bc32c000163af7226241fd6d0f365c8916f0d5688,7506a9f076267732d8564adf3ffb39d5ff25d06c0598297f2059fafb79aba41e,False,,,1051608,579,1318138,142416,248012f832ed3b557fb1d8ff2221bd95d553d292f52c7f8a49120b46cdb527b9,True,False
tv2_m16_bottleneck_00__MULTI__s9101,tv2_m16_bottleneck_00,MULTI,9101,87,FROZEN_LAYERWISE,CONVERGED,0.3936358443597269,0.39363584435972687,0.00029454381409938006,0.001615901009710288,0.1822783774064157,4,3,10,348,870,1.9037275314331055,2,4,2,0.0,0,771,686,2143,94643,256.8045747280121,95513,2153,258.7083022594452,775,fits/tv2_m16_bottleneck_00__MULTI__s9101/p086/FROZEN_LAYERWISE/WINNER.json,ea2ce681db2e7f6d532d8412e984c9d00cf07f268cbd9d2b260844edafce5407,c43731964fbebcafaf7db90331f1f65fd885af5e897e16af5b673f9d0a6a50ef,False,,,1063836,579,1333465,144072,f3a82d49e1dafc35306f93a814e0fb8498dcbc1630bba5bb72f61c1598721c46,True,True
tv2_m16_bottleneck_00__MULTI__s9101,tv2_m16_bottleneck_00,MULTI,9101,87,WARM_JOINT,BUDGET_EXHAUSTED,-0.8739111415170169,-0.8739111415170161,0.5230335511805374,0.9988569864922573,0.5236320697093024,116,115,346,348,30102,65.67203950881958,104,116,174,0.22733800167970625,0,5145,5060,15265,861842,2125.479006767273,891944,15611,2191.1510462760925,5261,fits/tv2_m16_bottleneck_00__MULTI__s9101/p086/WARM_JOINT/WINNER.json,7506a9f076267732d8564adf3ffb39d5ff25d06c0598297f2059fafb79aba41e,fb6c185467366cf3456f431398cbf76eb77c33950edb36b5468c144c8477bdbc,False,,,1063836,579,1333465,144072,bfa242d6f83b03ef08692355c93cc14fd28c4bf952c669c8f21ec0716233b145,True,False
tv2_m16_bottleneck_00__MULTI__s9101,tv2_m16_bottleneck_00,MULTI,9101,88,FROZEN_LAYERWISE,CONVERGED,0.39363584269418217,0.3936358426941821,0.00029460759219571885,0.001616189115941887,0.1822853459967936,5,4,13,352,1144,2.5634777545928955,3,5,2,0.0,0,775,689,2153,95513,258.7083022594452,96657,2166,261.2717800140381,780,fits/tv2_m16_bottleneck_00__MULTI__s9101/p087/FROZEN_LAYERWISE/WINNER.json,c43731964fbebcafaf7db90331f1f65fd885af5e897e16af5b673f9d0a6a50ef,0cdfa263f4d1c67cb5fcaa44ef2fb44b3d9b931dbec4635e24a99489d58f0faf,False,,,1076064,579,1348792,145728,76cb0590fe45d1de06074db0f9118d0f0b3ab6b9f0740251983235bb07c3aab2,True,True
tv2_m16_bottleneck_00__MULTI__s9101,tv2_m16_bottleneck_00,MULTI,9101,88,WARM_JOINT,BUDGET_EXHAUSTED,-0.8740233379232991,-0.8740233379232971,0.5246370548339085,0.9988859607731266,0.5252221729373845,118,117,352,352,30976,69.25656485557556,96,118,176,0.21444154915035551,0,5261,5175,15611,891944,2191.1510462760925,922920,15963,2260.407611131668,5379,fits/tv2_m16_bottleneck_00__MULTI__s9101/p087/WARM_JOINT/WINNER.json,fb6c185467366cf3456f431398cbf76eb77c33950edb36b5468c144c8477bdbc,272a1a91230eea3ab9cadc79d7f8c97f75806024dabcd28d2d70e2ef8d339d03,False,,,1076064,579,1348792,145728,c2efc3bb95fe6cf9e30da0082b97d599349aaac3f36e341548d9c6cd076eb944,True,False
tv2_m16_bottleneck_00__MULTI__s9101,tv2_m16_bottleneck_00,MULTI,9101,89,FROZEN_LAYERWISE,CONVERGED,0.393635842057698,0.3936358420576985,0.0002945683013547644,0.0016160116936126357,0.18228104568739187,4,3,10,356,890,1.9735009670257568,2,4,2,0.0,0,780,693,2166,96657,261.2717800140381,97547,2176,263.24528098106384,784,fits/tv2_m16_bottleneck_00__MULTI__s9101/p088/FROZEN_LAYERWISE/WINNER.json,0cdfa263f4d1c67cb5fcaa44ef2fb44b3d9b931dbec4635e24a99489d58f0faf,3a0fdb7046ac0443a19cc243d2cb9363164ba5145436aa55df2f217a43c24347,False,,,1088292,579,1364119,147384,9ff9c89a79a10f8a5d2279be0148f532d9b67f87c23d258ee598234117e03214,True,True
tv2_m16_bottleneck_00__MULTI__s9101,tv2_m16_bottleneck_00,MULTI,9101,89,WARM_JOINT,BUDGET_EXHAUSTED,-0.8742145615691526,-0.8742145615691479,0.5268438032117714,0.9989400526907095,0.5274028224143016,119,118,355,356,31595,68.34430694580078,100,119,178,0.5320248966778456,0,5379,5292,15963,922920,2260.407611131668,954515,16318,2328.751918077469,5498,fits/tv2_m16_bottleneck_00__MULTI__s9101/p088/WARM_JOINT/WINNER.json,272a1a91230eea3ab9cadc79d7f8c97f75806024dabcd28d2d70e2ef8d339d03,1174f5155dc3ec50dc82fbdbbe2a45deac9ea3efbad6be6faef99c6c6c7915b6,False,,,1088292,579,1364119,147384,7d7b04d36b68b93ee384be9ae61314671836832463b4b862167360f56133cd99,True,False
tv2_m16_bottleneck_00__MULTI__s9101,tv2_m16_bottleneck_00,MULTI,9101,90,FROZEN_LAYERWISE,CONVERGED,0.39354749358686814,0.39354749358686814,0.0003057910746824504,0.0016695841554106093,0.18315403490831864,40,39,118,360,10620,23.12373185157776,20,40,2,0.0,0,784,696,2176,97547,263.24528098106384,108167,2294,286.3690128326416,824,fits/tv2_m16_bottleneck_00__MULTI__s9101/p089/FROZEN_LAYERWISE/WINNER.json,3a0fdb7046ac0443a19cc243d2cb9363164ba5145436aa55df2f217a43c24347,2eb61ae49b470732f98c63156ae1ccef779a15163f291e110d53f8351e8692de,False,,,1100520,579,1379446,149040,68b0e7c54bcd6fae08272074d55264a91aae1627fcf76427b0e076a3e882e3a8,True,True
tv2_m16_bottleneck_00__MULTI__s9101,tv2_m16_bottleneck_00,MULTI,9101,90,WARM_JOINT,BUDGET_EXHAUSTED,-0.8742741126097056,-0.8742741126097056,0.5280306641863615,0.9989486921223274,0.528586371202437,120,119,358,360,32220,71.00539588928223,102,119,180,0.1099999199771482,0,5498,5410,16318,954515,2328.751918077469,986735,16676,2399.757313966751,5618,fits/tv2_m16_bottleneck_00__MULTI__s9101/p089/WARM_JOINT/WINNER.json,1174f5155dc3ec50dc82fbdbbe2a45deac9ea3efbad6be6faef99c6c6c7915b6,df751866caa1e3c7753f35d795288fdd8e308f36e459f2337ba715b50a6aa86a,False,,,1100520,579,1379446,149040,1e60c605c6188a195168c7cd5662fdb309aa3ecde67c3c7266540e0e41d7ca3b,True,False
tv2_m16_bottleneck_00__MULTI__s9101,tv2_m16_bottleneck_00,MULTI,9101,91,FROZEN_LAYERWISE,CONVERGED,0.39354749343721035,0.3935474934372104,0.00030580540230199654,0.0016696524670535182,0.1831551225996508,5,4,13,364,1183,2.607839345932007,3,5,2,0.0,0,824,735,2294,108167,286.3690128326416,109350,2307,288.9768521785736,829,fits/tv2_m16_bottleneck_00__MULTI__s9101/p090/FROZEN_LAYERWISE/WINNER.json,2eb61ae49b470732f98c63156ae1ccef779a15163f291e110d53f8351e8692de,6f1ee9c6fe22f44c3d1fedc1f6e9ce382ff47356c2e4a9fadde98d211258a46c,False,,,1112748,579,1394773,150696,061b90f9c1bb0e8995ad2228425cc6847fa3b714a0236cfe48146970be9632f9,True,True
tv2_m16_bottleneck_00__MULTI__s9101,tv2_m16_bottleneck_00,MULTI,9101,91,WARM_JOINT,BUDGET_EXHAUSTED,-0.8743470960250204,-0.8743470960250148,0.5295565984882146,0.9989464130887796,0.5301151208409727,122,121,364,364,33124,72.2595522403717,102,121,182,0.2508857473068047,0,5618,5529,16676,986735,2399.757313966751,1019859,17040,2472.016866207123,5740,fits/tv2_m16_bottleneck_00__MULTI__s9101/p090/WARM_JOINT/WINNER.json,df751866caa1e3c7753f35d795288fdd8e308f36e459f2337ba715b50a6aa86a,2814c94fd6d374145af8cf144a9f7ab4ba13ff806ace406ae3c3eb32d5ba03e1,False,,,1112748,579,1394773,150696,7430376f818b2e1596ee418a2b659ad3624cd4e1d1db5f6cd268d67cd0268ee3,True,False
tv2_m16_bottleneck_00__MULTI__s9101,tv2_m16_bottleneck_00,MULTI,9101,92,FROZEN_LAYERWISE,CONVERGED,0.3935474925055608,0.39354749250556087,0.0003057697773496742,0.00166948296618286,0.18315237923558603,5,4,13,368,1196,2.6455094814300537,3,5,2,0.0,0,829,739,2307,109350,288.9768521785736,110546,2320,291.62236166000366,834,fits/tv2_m16_bottleneck_00__MULTI__s9101/p091/FROZEN_LAYERWISE/WINNER.json,6f1ee9c6fe22f44c3d1fedc1f6e9ce382ff47356c2e4a9fadde98d211258a46c,2e031c285881d69a88bce2f747c5873b0ed86d26ae94cedfa27d9270ce6f3a93,False,,,1124976,579,1410100,152352,334343bfc1994e8118898e387ede4becf86137b5433010379d82daaeb59faf51,True,True
tv2_m16_bottleneck_00__MULTI__s9101,tv2_m16_bottleneck_00,MULTI,9101,92,WARM_JOINT,BUDGET_EXHAUSTED,-0.8744098979007084,-0.8744098979007103,0.5297154203769053,0.9989861231194125,0.5302530316665736,123,122,367,368,33764,75.14652299880981,107,123,184,0.11693675924672631,0,5740,5650,17040,1019859,2472.016866207123,1053623,17407,2547.1633892059326,5863,fits/tv2_m16_bottleneck_00__MULTI__s9101/p091/WARM_JOINT/WINNER.json,2814c94fd6d374145af8cf144a9f7ab4ba13ff806ace406ae3c3eb32d5ba03e1,539a3ef8dae45c5a76c61ddcb8a9757cce21b7e415e879f045a19456862631ee,False,,,1124976,579,1410100,152352,c06b7a07becc2ea85d9a3525339b783e6d56251d20a404893ffe64c5a15a67f8,True,False
tv2_m16_bottleneck_00__MULTI__s9101,tv2_m16_bottleneck_00,MULTI,9101,93,FROZEN_LAYERWISE,CONVERGED,0.3935474919244321,0.3935474919244323,0.0003057980766847854,0.0016696178213238514,0.1831545355944488,5,4,13,372,1209,2.63753342628479,3,5,2,0.0,0,834,743,2320,110546,291.62236166000366,111755,2333,294.25989508628845,839,fits/tv2_m16_bottleneck_00__MULTI__s9101/p092/FROZEN_LAYERWISE/WINNER.json,2e031c285881d69a88bce2f747c5873b0ed86d26ae94cedfa27d9270ce6f3a93,8a43453204a6e06993395f4e0673c3aec1487eaebb1507e9d4481feac314f6b2,False,,,1137204,579,1425427,154008,8dfe4541946bd100c9e8f86c679e7ef648aa9bc7a37857a7826aca739dcf9263,True,True
tv2_m16_bottleneck_00__MULTI__s9101,tv2_m16_bottleneck_00,MULTI,9101,93,WARM_JOINT,BUDGET_EXHAUSTED,-0.8744549286630479,-0.874454928663051,0.5297609496123766,0.9990110195334735,0.5302853915062606,124,123,370,372,34410,75.0833306312561,107,124,186,0.13633173559142264,0,5863,5772,17407,1053623,2547.1633892059326,1088033,17777,2622.2467198371887,5987,fits/tv2_m16_bottleneck_00__MULTI__s9101/p092/WARM_JOINT/WINNER.json,539a3ef8dae45c5a76c61ddcb8a9757cce21b7e415e879f045a19456862631ee,dca9ef58534a8b0210cb6df9c5c67949dee5a26a2475fdd23165752ec1b15e95,False,,,1137204,579,1425427,154008,112d3255607489b518e77e29361e8adba78285cbd4b3ac0da1513d9547015d65,True,False
tv2_m16_bottleneck_00__MULTI__s9101,tv2_m16_bottleneck_00,MULTI,9101,94,FROZEN_LAYERWISE,CONVERGED,0.39354748864730776,0.39354748864730804,0.0003057312873080023,0.0016693005037697528,0.1831493410668568,5,4,13,376,1222,2.7367961406707764,3,5,2,0.0,0,839,747,2333,111755,294.25989508628845,112977,2346,296.99669122695923,844,fits/tv2_m16_bottleneck_00__MULTI__s9101/p093/FROZEN_LAYERWISE/WINNER.json,8a43453204a6e06993395f4e0673c3aec1487eaebb1507e9d4481feac314f6b2,9596e9e3424f85b6431812ac1f6b6564cc2f52c4cd4c674b3bbf7ca22cc85aa4,False,,,1149432,579,1440754,155664,25039a2c2d886209255c3b2e36a10403997b40fd363f88063c575c27018a9cd3,True,True
tv2_m16_bottleneck_00__MULTI__s9101,tv2_m16_bottleneck_00,MULTI,9101,94,WARM_JOINT,BUDGET_EXHAUSTED,-0.8745061129970726,-0.8745061129970708,0.5304002752310583,0.999026789713937,0.5309169690864186,126,125,376,376,35344,77.92593550682068,107,126,188,0.1681416465777712,0,5987,5895,17777,1088033,2622.2467198371887,1123377,18153,2700.1726553440094,6113,fits/tv2_m16_bottleneck_00__MULTI__s9101/p093/WARM_JOINT/WINNER.json,dca9ef58534a8b0210cb6df9c5c67949dee5a26a2475fdd23165752ec1b15e95,8ded1a8fe1fa27e270ae54d26c5912508243d7a9b0d5e110b6d4447ce7d8af06,False,,,1149432,579,1440754,155664,f744876a21169c30e2b31a383e1974fcae5c5b2eb77da1e6af1a0e808031159d,True,False
tv2_m16_bottleneck_00__MULTI__s9101,tv2_m16_bottleneck_00,MULTI,9101,95,FROZEN_LAYERWISE,CONVERGED,0.3935474832857647,0.3935474832857654,0.00030581678354709807,0.0016697086090762757,0.18315578052644976,5,4,13,380,1235,2.652289628982544,3,5,2,0.0,0,844,751,2346,112977,296.99669122695923,114212,2359,299.6489808559418,849,fits/tv2_m16_bottleneck_00__MULTI__s9101/p094/FROZEN_LAYERWISE/WINNER.json,9596e9e3424f85b6431812ac1f6b6564cc2f52c4cd4c674b3bbf7ca22cc85aa4,6730e55dceeecadd00025c5d28e43d9bf3ee271024e01e6f18d64d4d3f9f93fc,False,,,1161660,579,1456081,157320,1b066c1094ac19b59b59539ec8834223e83400e36a67e4eb7a8ba4ead3e478b9,True,True
tv2_m16_bottleneck_00__MULTI__s9101,tv2_m16_bottleneck_00,MULTI,9101,95,WARM_JOINT,BUDGET_EXHAUSTED,-0.8745500673538512,-0.8745500673538458,0.5306794026158399,0.9990398779694879,0.5311894092700548,127,126,379,380,36005,77.44972157478333,112,127,190,0.091387820280866,0,6113,6020,18153,1123377,2700.1726553440094,1159382,18532,2777.6223769187927,6240,fits/tv2_m16_bottleneck_00__MULTI__s9101/p094/WARM_JOINT/WINNER.json,8ded1a8fe1fa27e270ae54d26c5912508243d7a9b0d5e110b6d4447ce7d8af06,37d17b4ffebd6e9300da40418082d15cdce50c83f95d90f41907f87a604c7c73,False,,,1161660,579,1456081,157320,ca7aaea7d4819a8f22195308ad5e886b3311bd96be0a3e51c5b7e59cf0320b1d,True,False
tv2_m16_bottleneck_00__MULTI__s9101,tv2_m16_bottleneck_00,MULTI,9101,96,FROZEN_LAYERWISE,CONVERGED,0.393547482603367,0.39354748260336686,0.0003057862011985335,0.001669562976947943,0.18315343920570654,5,4,13,384,1248,2.7837328910827637,3,5,2,0.0,0,849,755,2359,114212,299.6489808559418,115460,2372,302.43271374702454,854,fits/tv2_m16_bottleneck_00__MULTI__s9101/p095/FROZEN_LAYERWISE/WINNER.json,6730e55dceeecadd00025c5d28e43d9bf3ee271024e01e6f18d64d4d3f9f93fc,cab038dc9b0ea67580b6dbc39c6579db80e3eff79ae288c61b4d3055443b806a,False,,,1173888,579,1471408,158976,5e99920c3c06391d98788fd8bf01c14f545926b9352e88b7d878a72003be1b57,True,True
tv2_m16_bottleneck_00__MULTI__s9101,tv2_m16_bottleneck_00,MULTI,9101,96,WARM_JOINT,BUDGET_EXHAUSTED,-0.8745909728919888,-0.8745909728919881,0.531331499313665,0.9990556292829288,0.5318337475311836,128,127,382,384,36672,81.5749523639679,108,128,192,0.1680418988828074,0,6240,6146,18532,1159382,2777.6223769187927,1196054,18914,2859.1973292827606,6368,fits/tv2_m16_bottleneck_00__MULTI__s9101/p095/WARM_JOINT/WINNER.json,37d17b4ffebd6e9300da40418082d15cdce50c83f95d90f41907f87a604c7c73,0f5b033707fb45872d02a85307bfdaf6bd7f90b05fe1b28c56cf0075f9c91f71,False,,,1173888,579,1471408,158976,a0777376e9e794d22f42206ee742acf5cbf3b43d2b787a3434ba9bd48b772667,True,False
tv2_m16_bottleneck_00__MULTI__s9101,tv2_m16_bottleneck_00,MULTI,9101,97,FROZEN_LAYERWISE,CONVERGED,0.39354748259631844,0.3935474825963188,0.0003057893253258997,0.0016695778567079756,0.1831536780973162,4,3,10,388,970,2.129206895828247,2,4,2,0.0,0,854,759,2372,115460,302.43271374702454,116430,2382,304.5619206428528,858,fits/tv2_m16_bottleneck_00__MULTI__s9101/p096/FROZEN_LAYERWISE/WINNER.json,cab038dc9b0ea67580b6dbc39c6579db80e3eff79ae288c61b4d3055443b806a,25d34689a78031ef20ed93de8ad9109cf9e4c152d082e4262de716569edc0fef,False,,,1186116,579,1486735,160632,3fcd7f064c26d79bac8cf158ab611bac01b2c4663a11bfe13f069a50bc3aa4c5,True,True
tv2_m16_bottleneck_00__MULTI__s9101,tv2_m16_bottleneck_00,MULTI,9101,97,WARM_JOINT,BUDGET_EXHAUSTED,-0.8746183615391393,-0.8746183615391389,0.531521251298075,0.9990528573537143,0.532025155011283,130,129,388,388,37636,81.96155738830566,112,130,194,0.10175614876987682,0,6368,6273,18914,1196054,2859.1973292827606,1233690,19302,2941.1588866710663,6498,fits/tv2_m16_bottleneck_00__MULTI__s9101/p096/WARM_JOINT/WINNER.json,0f5b033707fb45872d02a85307bfdaf6bd7f90b05fe1b28c56cf0075f9c91f71,4c55041a79fddc3d461f0becaf8d07baf7e28bca2d1424b22bd282a457b9ddf1,False,,,1186116,579,1486735,160632,4adb19d7f91067b7df9b32531dc1996d2800c8391d03517ccd53cb66ef833c25,True,False
tv2_m16_bottleneck_00__MULTI__s9101,tv2_m16_bottleneck_00,MULTI,9101,98,FROZEN_LAYERWISE,CONVERGED,0.3935474825872176,0.39354748258721706,0.00030579264503843455,0.0016695936713823465,0.18315393157021992,5,4,13,392,1274,2.86728572845459,3,5,2,0.0,0,858,762,2382,116430,304.5619206428528,117704,2395,307.4292063713074,863,fits/tv2_m16_bottleneck_00__MULTI__s9101/p097/FROZEN_LAYERWISE/WINNER.json,25d34689a78031ef20ed93de8ad9109cf9e4c152d082e4262de716569edc0fef,e2c8306f7c4c47a0841997404b66366aa7616e15147fe8372e8601e5a251cff2,False,,,1198344,579,1502062,162288,884bb220dabf782b9920a30091cc5427a0418f972815a119aa174b0b8142d027,True,True
tv2_m16_bottleneck_00__MULTI__s9101,tv2_m16_bottleneck_00,MULTI,9101,98,WARM_JOINT,BUDGET_EXHAUSTED,-0.8746453512229424,-0.8746453512229447,0.5319794742838888,0.9990737442088882,0.5324726801875214,131,130,391,392,38318,85.22354650497437,115,131,196,0.14038107924643128,0,6498,6402,19302,1233690,2941.1588866710663,1272008,19693,3026.3824331760406,6629,fits/tv2_m16_bottleneck_00__MULTI__s9101/p097/WARM_JOINT/WINNER.json,4c55041a79fddc3d461f0becaf8d07baf7e28bca2d1424b22bd282a457b9ddf1,de10c92403d88d3a1fc82bb767c65c41e8a491724d1ec0f53b254348c815d535,False,,,1198344,579,1502062,162288,84fd56216ebbba5b785b1bed58891ef7a13de4e8bd188eefc3ff7fcc50cff28e,True,False
tv2_m16_bottleneck_00__MULTI__s9101,tv2_m16_bottleneck_00,MULTI,9101,99,FROZEN_LAYERWISE,CONVERGED,0.39347457738226715,0.3934745773822679,0.0003185313321641365,0.0017260560957774586,0.18454286216037613,26,25,76,396,7524,16.972044944763184,14,26,2,0.0,0,863,766,2395,117704,307.4292063713074,125228,2471,324.40125131607056,889,fits/tv2_m16_bottleneck_00__MULTI__s9101/p098/FROZEN_LAYERWISE/WINNER.json,e2c8306f7c4c47a0841997404b66366aa7616e15147fe8372e8601e5a251cff2,8c8fcd5a6c4992efebc2924dd8dcca11583973bb4647da47785a3ebe4bc66aba,False,,,1210572,579,1517389,163944,2152ef04f5f79fa1003d29b4613cda166d19a9dd5ab231dd90c0840736254fa2,True,True
tv2_m16_bottleneck_00__MULTI__s9101,tv2_m16_bottleneck_00,MULTI,9101,99,WARM_JOINT,BUDGET_EXHAUSTED,-0.8746697009397257,-0.874669700939733,0.5320735545657269,0.9990761476562294,0.532565566512561,132,131,394,396,39006,83.1996579170227,115,132,198,0.08343628599616748,0,6629,6532,19693,1272008,3026.3824331760406,1311014,20087,3109.5820910930634,6761,fits/tv2_m16_bottleneck_00__MULTI__s9101/p098/WARM_JOINT/WINNER.json,de10c92403d88d3a1fc82bb767c65c41e8a491724d1ec0f53b254348c815d535,481efcd85b54e9086012e2213f66f6bb51a53a2fcebcd6fb2fce2e4c78898677,False,,,1210572,579,1517389,163944,0abb26b7635a0aac1ee42da16044e159849a85c03ae7b581d052316f6e1ed4a2,True,False
tv2_m16_bottleneck_00__MULTI__s9101,tv2_m16_bottleneck_00,MULTI,9101,100,FROZEN_LAYERWISE,CONVERGED,0.393474575570096,0.3934745755700959,0.0003184669387030306,0.0017257718759148648,0.1845359419443576,5,4,13,400,1300,2.831188201904297,3,5,2,0.0,0,889,791,2471,125228,324.40125131607056,126528,2484,327.23243951797485,894,fits/tv2_m16_bottleneck_00__MULTI__s9101/p099/FROZEN_LAYERWISE/WINNER.json,8c8fcd5a6c4992efebc2924dd8dcca11583973bb4647da47785a3ebe4bc66aba,61dbf8744b75b067c50323dbd7f48a4ec910daee2bd321441633e19ec070d684,False,,,1222800,579,1532716,165600,70f39ce77911e52702ee7767aab75beae5e96da704651f7130ed0bb1ca795afb,True,True
tv2_m16_bottleneck_00__MULTI__s9101,tv2_m16_bottleneck_00,MULTI,9101,100,WARM_JOINT,BUDGET_EXHAUSTED,-0.8746936410329076,-0.8746936410329083,0.5323048986884931,0.9990922047991658,0.5327885615877618,134,133,400,400,40000,86.46124625205994,112,134,200,0.16134827813897346,0,6761,6663,20087,1311014,3109.5820910930634,1351014,20487,3196.0433373451233,6895,fits/tv2_m16_bottleneck_00__MULTI__s9101/p099/WARM_JOINT/WINNER.json,481efcd85b54e9086012e2213f66f6bb51a53a2fcebcd6fb2fce2e4c78898677,8418d4a1f1213ad08b7dbd09b9455ca6ba90def97a952ee9728929b6cf98347c,False,,,1222800,579,1532716,165600,56b03782cce7117bedf0249fd4bc5e5eb67a89af429fce822a79e27decc2a562,True,False
tv2_m16_bottleneck_00__MULTI__s9101,tv2_m16_bottleneck_00,MULTI,9101,101,FROZEN_LAYERWISE,CONVERGED,0.39347457520074325,0.39347457520074286,0.0003184964430824968,0.0017259021582559178,0.18453910701655774,4,3,10,404,1010,2.151256561279297,2,4,2,0.0,0,894,795,2484,126528,327.23243951797485,127538,2494,329.38369607925415,898,fits/tv2_m16_bottleneck_00__MULTI__s9101/p100/FROZEN_LAYERWISE/WINNER.json,61dbf8744b75b067c50323dbd7f48a4ec910daee2bd321441633e19ec070d684,b220c3bcc80a8982d0b51e48475a17cc1dc5bdf02bf8749674e37c3fabf9b744,False,,,1235028,579,1548043,167256,f3d4777ddc200b654c7df317b4b66dacd59c01e72d52214d01c912e2c1bad22e,True,True
tv2_m16_bottleneck_00__MULTI__s9101,tv2_m16_bottleneck_00,MULTI,9101,101,WARM_JOINT,BUDGET_EXHAUSTED,-0.8747148891540026,-0.8747148891540012,0.5323817180637211,0.9990922556117509,0.532865423661742,135,134,403,404,40703,86.2185275554657,115,135,202,0.06696094200070224,0,6895,6796,20487,1351014,3196.0433373451233,1391717,20890,3282.261864900589,7030,fits/tv2_m16_bottleneck_00__MULTI__s9101/p100/WARM_JOINT/WINNER.json,8418d4a1f1213ad08b7dbd09b9455ca6ba90def97a952ee9728929b6cf98347c,766db0ca7c7d6f781aeab0eedb2bf4dd89e790249343bc3403d4dc952238c77d,False,,,1235028,579,1548043,167256,0edcdedf55fb89c2b42191a67dd503cd77212f289deaa1106fc742febd22aa74,True,False
tv2_m16_bottleneck_00__MULTI__s9101,tv2_m16_bottleneck_00,MULTI,9101,102,FROZEN_LAYERWISE,CONVERGED,0.3934745735333295,0.3934745735333295,0.0003184350457068403,0.0017256312684861186,0.1845324963230416,5,4,13,408,1326,2.911334753036499,3,5,2,0.0,0,898,798,2494,127538,329.38369607925415,128864,2507,332.29503083229065,903,fits/tv2_m16_bottleneck_00__MULTI__s9101/p101/FROZEN_LAYERWISE/WINNER.json,b220c3bcc80a8982d0b51e48475a17cc1dc5bdf02bf8749674e37c3fabf9b744,9e4a62eaead103985586f7bfb0875c2b2ff9164c722eae8889246b1863905952,False,,,1247256,579,1563370,168912,7802bd7f79b8556924585e23b3e179cadc7569e0022a62c500dcc11fd449ac8c,True,True
tv2_m16_bottleneck_00__MULTI__s9101,tv2_m16_bottleneck_00,MULTI,9101,102,WARM_JOINT,BUDGET_EXHAUSTED,-0.874736460662234,-0.8747364606622312,0.5327661951737173,0.9991002158303501,0.533246001484382,136,135,406,408,41412,91.38887786865234,116,136,204,0.15647571455648768,0,7030,6930,20890,1391717,3282.261864900589,1433129,21296,3373.6507427692413,7166,fits/tv2_m16_bottleneck_00__MULTI__s9101/p101/WARM_JOINT/WINNER.json,766db0ca7c7d6f781aeab0eedb2bf4dd89e790249343bc3403d4dc952238c77d,9c3e0597c33852e5e19f86136333cc103353c23adefd635a80f5ce822ef16e5b,False,,,1247256,579,1563370,168912,2a1381128acccd64326c5252e7834e3b20c69232f5b7985729e5c92e44717f4d,True,False
tv2_m16_bottleneck_00__MULTI__s9101,tv2_m16_bottleneck_00,MULTI,9101,103,FROZEN_LAYERWISE,CONVERGED,0.39347456875743303,0.3934745687574331,0.0003185403800536311,0.001726096750606947,0.1845437574351628,5,4,13,412,1339,2.916745185852051,3,5,2,0.0,0,903,802,2507,128864,332.29503083229065,130203,2520,335.2117760181427,908,fits/tv2_m16_bottleneck_00__MULTI__s9101/p102/FROZEN_LAYERWISE/WINNER.json,9e4a62eaead103985586f7bfb0875c2b2ff9164c722eae8889246b1863905952,eb08b57815c6e27c70eb71f9ebc69d02ae906b00447e352a1110665f49e76b75,False,,,1259484,579,1578697,170568,b2db4895bcb2324ab8d0470a9738f37483a664987156a662c55ba9f780df76c3,True,True
tv2_m16_bottleneck_00__MULTI__s9101,tv2_m16_bottleneck_00,MULTI,9101,103,WARM_JOINT,BUDGET_EXHAUSTED,-0.8747588036904846,-0.8747588036904855,0.5328202841832712,0.9991087383638956,0.5332955900834162,138,137,412,412,42436,91.28881430625916,114,138,206,0.1025579984806888,0,7166,7065,21296,1433129,3373.6507427692413,1475565,21708,3464.9395570755005,7304,fits/tv2_m16_bottleneck_00__MULTI__s9101/p102/WARM_JOINT/WINNER.json,9c3e0597c33852e5e19f86136333cc103353c23adefd635a80f5ce822ef16e5b,d49e756cd00e13b0b382416046090f550a9cefa0a72f941294adcac300ae991b,False,,,1259484,579,1578697,170568,3f216fc8814a7e9610d974c647840ce4af26ce0ffc95e051341886c4cc266129,True,False
tv2_m16_bottleneck_00__MULTI__s9101,tv2_m16_bottleneck_00,MULTI,9101,104,FROZEN_LAYERWISE,CONVERGED,0.39347456855435836,0.39347456855435803,0.000318562642642397,0.0017261951955114972,0.1845461298181879,4,3,10,416,1040,2.2703633308410645,2,4,2,0.0,0,908,806,2520,130203,335.2117760181427,131243,2530,337.48213934898376,912,fits/tv2_m16_bottleneck_00__MULTI__s9101/p103/FROZEN_LAYERWISE/WINNER.json,eb08b57815c6e27c70eb71f9ebc69d02ae906b00447e352a1110665f49e76b75,1ef25d3508692b8b776d3442ba0042461304d7ab773371f6ab2cc09388977473,False,,,1271712,579,1594024,172224,5444cd9d6c588e62aef88ae573d2e9f761afb0c67761092349b466b303132fc0,True,True
tv2_m16_bottleneck_00__MULTI__s9101,tv2_m16_bottleneck_00,MULTI,9101,104,WARM_JOINT,BUDGET_EXHAUSTED,-0.8747766458887299,-0.8747766458887266,0.5330306287107587,0.9991175141272722,0.5335014361912774,139,138,415,416,43160,95.82892966270447,120,139,208,0.13609537359516288,0,7304,7202,21708,1475565,3464.9395570755005,1518725,22123,3560.768486738205,7443,fits/tv2_m16_bottleneck_00__MULTI__s9101/p103/WARM_JOINT/WINNER.json,d49e756cd00e13b0b382416046090f550a9cefa0a72f941294adcac300ae991b,972c7653c76de02b97b59d41a931881e1c51c6614acde096d38e1ca4a99fa6d9,False,,,1271712,579,1594024,172224,0b789e708e96dffa0eaffa1e15071591cd2abf50d22955e207ea82828e3258ea,True,False
tv2_m16_bottleneck_00__MULTI__s9101,tv2_m16_bottleneck_00,MULTI,9101,105,FROZEN_LAYERWISE,CONVERGED,0.39347456851730966,0.39347456851730955,0.00031855370012812796,0.0017261556662155494,0.1845451753644734,4,3,10,420,1050,2.255810499191284,2,4,2,0.0,0,912,809,2530,131243,337.48213934898376,132293,2540,339.73794984817505,916,fits/tv2_m16_bottleneck_00__MULTI__s9101/p104/FROZEN_LAYERWISE/WINNER.json,1ef25d3508692b8b776d3442ba0042461304d7ab773371f6ab2cc09388977473,2ede41add9f36437eda5913267490be6607c06959bc4f3d2522b179c5212c3aa,False,,,1283940,579,1609351,173880,a1e9a3ea49b1b585fad34f62719d5669a388446db2a9ed9cbd6b74e2f9074b77,True,True
tv2_m16_bottleneck_00__MULTI__s9101,tv2_m16_bottleneck_00,MULTI,9101,105,WARM_JOINT,BUDGET_EXHAUSTED,-0.8747990456385881,-0.8747990456385868,0.5332044811212799,0.9991176616479616,0.5336753633619122,140,139,418,420,43890,94.60690546035767,125,140,210,0.15832006585237757,0,7443,7340,22123,1518725,3560.768486738205,1562615,22541,3655.3753921985626,7583,fits/tv2_m16_bottleneck_00__MULTI__s9101/p104/WARM_JOINT/WINNER.json,972c7653c76de02b97b59d41a931881e1c51c6614acde096d38e1ca4a99fa6d9,c611a77f3e6cec7fe39c8cefa73b263cd7c5d65119335944231297096b269777,False,,,1283940,579,1609351,173880,b2185f955bd6c45dd970753f9e3c544e14b2c2acd2e04d9476096e9d2c20183d,True,False
tv2_m16_bottleneck_00__MULTI__s9101,tv2_m16_bottleneck_00,MULTI,9101,106,FROZEN_LAYERWISE,CONVERGED,0.39347456851422224,0.3934745685142217,0.0003185513460936094,0.0017261452485501398,0.18454492538282846,4,3,10,424,1060,2.3406217098236084,2,4,2,0.0,0,916,812,2540,132293,339.73794984817505,133353,2550,342.07857155799866,920,fits/tv2_m16_bottleneck_00__MULTI__s9101/p105/FROZEN_LAYERWISE/WINNER.json,2ede41add9f36437eda5913267490be6607c06959bc4f3d2522b179c5212c3aa,2d9010ab9f59a0526d78c10a587e5715232b44cb625330a980632899158a9c0f,False,,,1296168,579,1624678,175536,0a7e08975db7d6e2cc1582c3847efb637f98c48e0e2446105b371522779c460e,True,True
tv2_m16_bottleneck_00__MULTI__s9101,tv2_m16_bottleneck_00,MULTI,9101,106,WARM_JOINT,BUDGET_EXHAUSTED,-0.8748184160549092,-0.8748184160549124,0.5333301556202882,0.9991345670640386,0.5337921168992094,142,141,424,424,44944,98.58657264709473,122,142,212,0.10076677506422849,0,7583,7479,22541,1562615,3655.3753921985626,1607559,22965,3753.9619648456573,7725,fits/tv2_m16_bottleneck_00__MULTI__s9101/p105/WARM_JOINT/WINNER.json,c611a77f3e6cec7fe39c8cefa73b263cd7c5d65119335944231297096b269777,6fcf412ec7c93031d7f6916a3ae1e1abe4ee2192f7349b6959bc9bdbc5656250,False,,,1296168,579,1624678,175536,a065d861789a2ed394eb4b1c5199233c225099d2b353367ed94adf77a8482b2a,True,False
tv2_m16_bottleneck_00__MULTI__s9101,tv2_m16_bottleneck_00,MULTI,9101,107,FROZEN_LAYERWISE,CONVERGED,0.3934745684695278,0.3934745684695273,0.00031856157827034445,0.0017261905173806538,0.18454601335299556,5,4,13,428,1391,2.9902994632720947,3,5,2,0.0,0,920,815,2550,133353,342.07857155799866,134744,2563,345.06887102127075,925,fits/tv2_m16_bottleneck_00__MULTI__s9101/p106/FROZEN_LAYERWISE/WINNER.json,2d9010ab9f59a0526d78c10a587e5715232b44cb625330a980632899158a9c0f,cf4dba97a22e0998e04acb589003f2b0439aa42895b97dbab9bc73ec55053bdb,False,,,1308396,579,1640005,177192,60069686ced32cc1e84227f383bbefc28208b51529632d5cc4b398003af4fd43,True,True
tv2_m16_bottleneck_00__MULTI__s9101,tv2_m16_bottleneck_00,MULTI,9101,107,WARM_JOINT,BUDGET_EXHAUSTED,-0.8748382095599603,-0.8748382095599624,0.5334420582716914,0.999132710823549,0.533905108393453,143,142,427,428,45689,98.99712753295898,124,143,214,0.2015144004933016,0,7725,7620,22965,1607559,3753.9619648456573,1653248,23392,3852.9590923786163,7868,fits/tv2_m16_bottleneck_00__MULTI__s9101/p106/WARM_JOINT/WINNER.json,6fcf412ec7c93031d7f6916a3ae1e1abe4ee2192f7349b6959bc9bdbc5656250,9c31b8b1d035d4cd632c0eb15b9e18f1f1f712ad5a2e2d643f27335708244918,False,,,1308396,579,1640005,177192,84005d8726fddb0931611d5f2cb7396baae27fa139d690df30a0322cac5c0542,True,False
tv2_m16_bottleneck_00__MULTI__s9101,tv2_m16_bottleneck_00,MULTI,9101,108,FROZEN_LAYERWISE,CONVERGED,0.39347456846732376,0.3934745684673241,0.0003185641491697136,0.0017262018893220642,0.18454628693218736,4,3,10,432,1080,2.4809958934783936,2,4,2,0.0,0,925,819,2563,134744,345.06887102127075,135824,2573,347.54986691474915,929,fits/tv2_m16_bottleneck_00__MULTI__s9101/p107/FROZEN_LAYERWISE/WINNER.json,cf4dba97a22e0998e04acb589003f2b0439aa42895b97dbab9bc73ec55053bdb,bdabd4edb6b33278b49b411ab4e9c9f9c0d03f6c5f86c4e7da1fbd260eb34e2c,False,,,1320624,579,1655332,178848,cb25dafa7bece324276c7ee8f35de68ea3f720457750cff88bd6c6857488c1a5,True,True
tv2_m16_bottleneck_00__MULTI__s9101,tv2_m16_bottleneck_00,MULTI,9101,108,WARM_JOINT,BUDGET_EXHAUSTED,-0.8748585411300068,-0.8748585411300049,0.533678202231334,0.9991492003909589,0.5341326420743869,144,143,430,432,46440,104.59201002120972,123,144,216,0.10530359639368037,0,7868,7762,23392,1653248,3852.9590923786163,1699688,23822,3957.551102399826,8012,fits/tv2_m16_bottleneck_00__MULTI__s9101/p107/WARM_JOINT/WINNER.json,9c31b8b1d035d4cd632c0eb15b9e18f1f1f712ad5a2e2d643f27335708244918,f05076be0482d504667518120ffd698084052b2f57619126920dda301fbbcd99,False,,,1320624,579,1655332,178848,633d5cf1c32aa35779f09f55c9d02cf8bb2eb03db619427ce4518b56b4ee4d58,True,False
tv2_m16_bottleneck_00__MULTI__s9101,tv2_m16_bottleneck_00,MULTI,9101,109,FROZEN_LAYERWISE,CONVERGED,0.39347456846732387,0.3934745684673241,0.0003185641491697136,0.001726201889322064,0.1845462869321874,4,3,10,436,1090,2.4042696952819824,2,1,2,0.0,0,929,822,2573,135824,347.54986691474915,136914,2583,349.9541366100311,933,fits/tv2_m16_bottleneck_00__MULTI__s9101/p108/FROZEN_LAYERWISE/WINNER.json,bdabd4edb6b33278b49b411ab4e9c9f9c0d03f6c5f86c4e7da1fbd260eb34e2c,76fdcdc5296bf793a4aa88b7e3cddcd70c68de1ccfe7365b2cdec9f002e354da,False,,,1332852,579,1670659,180504,0d9ebcb1686ceb6536bec2c038daf77f1fbadde9bc9a33360a3fecdaf5cf66e1,True,True
tv2_m16_bottleneck_00__MULTI__s9101,tv2_m16_bottleneck_00,MULTI,9101,109,WARM_JOINT,BUDGET_EXHAUSTED,-0.8748793283686795,-0.8748793283686818,0.5336928795245273,0.999156135214598,0.5341436245196064,146,145,436,436,47524,104.44362235069275,125,146,218,0.16381347687023728,0,8012,7905,23822,1699688,3957.551102399826,1747212,24258,4061.994724750519,8158,fits/tv2_m16_bottleneck_00__MULTI__s9101/p108/WARM_JOINT/WINNER.json,f05076be0482d504667518120ffd698084052b2f57619126920dda301fbbcd99,997aed9a33df18680d2fb488ad8810d7e67b9e24f0df67c11cd143226e302b8e,False,,,1332852,579,1670659,180504,e60f1dbbdc42fbaeabf262766e56b44073d4629a6c7437c7623c92bd36a40383,True,False
tv2_m16_bottleneck_00__MULTI__s9101,tv2_m16_bottleneck_00,MULTI,9101,110,FROZEN_LAYERWISE,CONVERGED,0.3934745681325067,0.39347456813250614,0.0003185362594969986,0.0017260786576167764,0.1845433046120891,5,4,13,440,1430,3.235994577407837,3,5,2,0.0,0,933,825,2583,136914,349.9541366100311,138344,2596,353.19013118743896,938,fits/tv2_m16_bottleneck_00__MULTI__s9101/p109/FROZEN_LAYERWISE/WINNER.json,76fdcdc5296bf793a4aa88b7e3cddcd70c68de1ccfe7365b2cdec9f002e354da,60e0040b83031fbd9cec05763ed41e59f4d690b54dcc84ee8ce5cf26300bc9aa,False,,,1345080,579,1685986,182160,177426dee0a5e2e38ad0ac9351211c776d64880d58f571e1a3839e364f0fe810,True,True
tv2_m16_bottleneck_00__MULTI__s9101,tv2_m16_bottleneck_00,MULTI,9101,110,WARM_JOINT,BUDGET_EXHAUSTED,-0.8749035962349467,-0.874903596234947,0.5346338275341319,0.9991593944921505,0.535083621773755,147,146,439,440,48290,108.55007100105286,125,146,220,0.25028961500323543,0,8158,8050,24258,1747212,4061.994724750519,1795502,24697,4170.544795751572,8305,fits/tv2_m16_bottleneck_00__MULTI__s9101/p109/WARM_JOINT/WINNER.json,997aed9a33df18680d2fb488ad8810d7e67b9e24f0df67c11cd143226e302b8e,2261fb1f6f01fe3f6d49405a7e1a0ec29853d9bca84fee23c35586d6cd554f65,False,,,1345080,579,1685986,182160,f036fca8bcf329cc654345babd04e6012a54398b3e0d1fa4a9e1f552b782d9ec,True,False
tv2_m16_bottleneck_00__MULTI__s9101,tv2_m16_bottleneck_00,MULTI,9101,111,FROZEN_LAYERWISE,CONVERGED,0.393412726586585,0.3934127265865849,0.00032754758423520863,0.0017682831876967677,0.18523480091548425,32,31,94,444,10434,24.105504035949707,15,32,2,0.0,0,938,829,2596,138344,353.19013118743896,148778,2690,377.2956352233887,970,fits/tv2_m16_bottleneck_00__MULTI__s9101/p110/FROZEN_LAYERWISE/WINNER.json,60e0040b83031fbd9cec05763ed41e59f4d690b54dcc84ee8ce5cf26300bc9aa,0833b49c17692a653cde7a4e475e6ffaeec6510584fdbb9a9004dddd6a8fa06d,False,,,1357308,579,1701313,183816,85c5297a21f068129b64ba3a179e81f25af743f5f6964cf3ac50a303860fdd2c,True,True
tv2_m16_bottleneck_00__MULTI__s9101,tv2_m16_bottleneck_00,MULTI,9101,111,WARM_JOINT,BUDGET_EXHAUSTED,-0.8749208530801227,-0.8749208530801228,0.5344668001159637,0.9991604869384417,0.5349158689748028,148,147,442,444,49062,107.96817111968994,130,148,222,0.06334018054986057,0,8305,8196,24697,1795502,4170.544795751572,1844564,25139,4278.512966871262,8453,fits/tv2_m16_bottleneck_00__MULTI__s9101/p110/WARM_JOINT/WINNER.json,2261fb1f6f01fe3f6d49405a7e1a0ec29853d9bca84fee23c35586d6cd554f65,6822939a77868e9f028132b4ad2d48b56c0f57c69323d08d8cdfe5ac59e5c6f5,False,,,1357308,579,1701313,183816,1b10a71e7c547e2652f1d088952dd727b91659b6b371ecebdc3578a291abeedc,True,False
tv2_m16_bottleneck_00__MULTI__s9101,tv2_m16_bottleneck_00,MULTI,9101,112,FROZEN_LAYERWISE,CONVERGED,0.3934127260147965,0.39341272601479677,0.0003275743978222002,0.001768408836449612,0.1852368021864575,5,4,13,448,1456,3.1651992797851562,3,5,2,0.0,0,970,860,2690,148778,377.2956352233887,150234,2703,380.4608345031738,975,fits/tv2_m16_bottleneck_00__MULTI__s9101/p111/FROZEN_LAYERWISE/WINNER.json,0833b49c17692a653cde7a4e475e6ffaeec6510584fdbb9a9004dddd6a8fa06d,5c8077714d4168f97f77f1426875d99c82993ad0f977b01b5abfcb3828029e14,False,,,1369536,579,1716640,185472,46b220526bd0a521caa0d77eb4229d4fe980a3b45588cfd72e9e438b9d4c3954,True,True
tv2_m16_bottleneck_00__MULTI__s9101,tv2_m16_bottleneck_00,MULTI,9101,112,WARM_JOINT,BUDGET_EXHAUSTED,-0.874933741910244,-0.8749337419102413,0.5348205232047838,0.9991678709644044,0.5352659335298392,150,149,448,448,50176,111.36510634422302,133,150,224,0.13089705973700733,0,8453,8343,25139,1844564,4278.512966871262,1894740,25587,4389.878073215485,8603,fits/tv2_m16_bottleneck_00__MULTI__s9101/p111/WARM_JOINT/WINNER.json,6822939a77868e9f028132b4ad2d48b56c0f57c69323d08d8cdfe5ac59e5c6f5,db9fd712a28d5e6bb1acae87bf2d04f38a4f776e18a3e8dcb3a935bffea2dcf6,False,,,1369536,579,1716640,185472,890436388eddad15d6796fb51fe4987cad04420ac1d8df853a1049eddc363c4e,True,False
tv2_m16_bottleneck_00__MULTI__s9101,tv2_m16_bottleneck_00,MULTI,9101,113,FROZEN_LAYERWISE,CONVERGED,0.3934127260147965,0.39341272601479677,0.0003275743978222002,0.0017684088364496122,0.18523680218645747,4,3,10,452,1130,2.5006604194641113,2,1,2,0.0,0,975,864,2703,150234,380.4608345031738,151364,2713,382.96149492263794,979,fits/tv2_m16_bottleneck_00__MULTI__s9101/p112/FROZEN_LAYERWISE/WINNER.json,5c8077714d4168f97f77f1426875d99c82993ad0f977b01b5abfcb3828029e14,00549fa46ed886b3e4993e2b7858f2bdab1c720e6598889901c3a323556456e2,False,,,1381764,579,1731967,187128,58e1a4937d9dad86b462c922a2791434143e27e8dad6c6ec425da30b5f3d098f,True,True
tv2_m16_bottleneck_00__MULTI__s9101,tv2_m16_bottleneck_00,MULTI,9101,113,WARM_JOINT,BUDGET_EXHAUSTED,-0.8749460184728681,-0.8749460184728682,0.5349185622073269,0.9991636469822501,0.5353663174425216,151,150,451,452,50963,113.41608715057373,131,151,226,0.05903532578235238,0,8603,8492,25587,1894740,4389.878073215485,1945703,26038,4503.294160366058,8754,fits/tv2_m16_bottleneck_00__MULTI__s9101/p112/WARM_JOINT/WINNER.json,db9fd712a28d5e6bb1acae87bf2d04f38a4f776e18a3e8dcb3a935bffea2dcf6,caef61b5756d35014cb606e5d1db9734247b46900420bf4f8feb8a582df33a2b,False,,,1381764,579,1731967,187128,680b97247d0c9549ba4761a03d8b08f1c3ee29719b11a74a2da982b34b0e7a0b,True,False
tv2_m16_bottleneck_00__MULTI__s9101,tv2_m16_bottleneck_00,MULTI,9101,114,FROZEN_LAYERWISE,CONVERGED,0.3934127260147965,0.39341272601479677,0.0003275743978222002,0.001768408836449612,0.1852368021864575,5,4,13,456,1482,3.3308982849121094,3,1,2,0.0,0,979,867,2713,151364,382.96149492263794,152846,2726,386.29239320755005,984,fits/tv2_m16_bottleneck_00__MULTI__s9101/p113/FROZEN_LAYERWISE/WINNER.json,00549fa46ed886b3e4993e2b7858f2bdab1c720e6598889901c3a323556456e2,75528144bca00296a795b61761ce491b868fbc763a1a85224367fc109b68ae23,False,,,1393992,579,1747294,188784,b9dc7d1762b5a35329f5f7cddfe2a40b50cc8ac52a9e2402d25562f0bb817689,True,True
tv2_m16_bottleneck_00__MULTI__s9101,tv2_m16_bottleneck_00,MULTI,9101,114,WARM_JOINT,BUDGET_EXHAUSTED,-0.8749534182171796,-0.874953418217174,0.5352005009583188,0.9991685498503612,0.535645863791922,152,151,454,456,51756,117.61400175094604,133,152,228,0.06621465647197333,0,8754,8642,26038,1945703,4503.294160366058,1997459,26492,4620.908162117004,8906,fits/tv2_m16_bottleneck_00__MULTI__s9101/p113/WARM_JOINT/WINNER.json,caef61b5756d35014cb606e5d1db9734247b46900420bf4f8feb8a582df33a2b,250fd54d0661a3e1f00eb5f8a536127b6173a9cc188cea10fa738b2e41e00474,False,,,1393992,579,1747294,188784,537466376c20ea57eb08ed44c32739da0f3b10da65a56d42fd8dd769204505c6,True,False
tv2_m16_bottleneck_00__MULTI__s9101,tv2_m16_bottleneck_00,MULTI,9101,115,FROZEN_LAYERWISE,CONVERGED,0.39341272601479654,0.39341272601479677,0.0003275743978222002,0.001768408836449612,0.1852368021864575,5,4,13,460,1495,3.3930437564849854,3,1,2,0.0,0,984,871,2726,152846,386.29239320755005,154341,2739,389.68543696403503,989,fits/tv2_m16_bottleneck_00__MULTI__s9101/p114/FROZEN_LAYERWISE/WINNER.json,75528144bca00296a795b61761ce491b868fbc763a1a85224367fc109b68ae23,05e8889a3ef6c1921597a60fb43588c51fe8bf38b79ad81a961ec64e22f98ee6,False,,,1406220,579,1762621,190440,878554ddcc839c15a55fe7ededc48cb0c8faae8c8fd55483b3eed5d82e8586fe,True,True
tv2_m16_bottleneck_00__MULTI__s9101,tv2_m16_bottleneck_00,MULTI,9101,115,WARM_JOINT,BUDGET_EXHAUSTED,-0.8749782061368151,-0.8749782061368172,0.5354052941610635,0.9991694875023196,0.5358503245524905,154,153,460,460,52900,118.11466932296753,135,154,230,0.10974804150853279,0,8906,8793,26492,1997459,4620.908162117004,2050359,26952,4739.022831439972,9060,fits/tv2_m16_bottleneck_00__MULTI__s9101/p114/WARM_JOINT/WINNER.json,250fd54d0661a3e1f00eb5f8a536127b6173a9cc188cea10fa738b2e41e00474,578a1646ad8c23f4384d133e2d3d1e4ffcee51053596a9a631b811e550c0f515,False,,,1406220,579,1762621,190440,3a159c3873bc3f3d8c2c5feaace8e9ae590c0d0f996bc5eecde24733adeb1410,True,False
tv2_m16_bottleneck_00__MULTI__s9101,tv2_m16_bottleneck_00,MULTI,9101,116,FROZEN_LAYERWISE,CONVERGED,0.3934127260108622,0.39341272601086275,0.0003275721590586386,0.0017683983554356954,0.18523663407158725,5,4,13,464,1508,3.5584700107574463,3,5,2,0.0,0,989,875,2739,154341,389.68543696403503,155849,2752,393.2439069747925,994,fits/tv2_m16_bottleneck_00__MULTI__s9101/p115/FROZEN_LAYERWISE/WINNER.json,05e8889a3ef6c1921597a60fb43588c51fe8bf38b79ad81a961ec64e22f98ee6,c0e41ee5cb38d4cbfa347814f021bbd3197fbfdd5b6cb5686ff96ad065acb516,False,,,1418448,579,1777948,192096,218949d8588bd319ebe2069041c298adbd6fa3c270a4eb6d0b89d5284206df8f,True,True
tv2_m16_bottleneck_00__MULTI__s9101,tv2_m16_bottleneck_00,MULTI,9101,116,WARM_JOINT,BUDGET_EXHAUSTED,-0.874999438986628,-0.8749994389866246,0.5357543405124179,0.9991791184973665,0.5361944926532509,155,154,463,464,53708,123.76076292991638,132,155,232,0.0770331598625007,0,9060,8946,26952,2050359,4739.022831439972,2104067,27415,4862.783594369888,9215,fits/tv2_m16_bottleneck_00__MULTI__s9101/p115/WARM_JOINT/WINNER.json,578a1646ad8c23f4384d133e2d3d1e4ffcee51053596a9a631b811e550c0f515,370ef4eff35fd86dd2456a6b7d84fffa668eeb347bd13e530fe71c5288812679,False,,,1418448,579,1777948,192096,f33254011c17136624f0f7574db610d3b4a525ab02fb67c5e20a3541e677b4c3,True,False
tv2_m16_bottleneck_00__MULTI__s9101,tv2_m16_bottleneck_00,MULTI,9101,117,FROZEN_LAYERWISE,CONVERGED,0.39341272601086225,0.3934127260108627,0.0003275721590586386,0.0017683983554356954,0.18523663407158725,5,4,13,468,1521,3.378422975540161,3,1,2,0.0,0,994,879,2752,155849,393.2439069747925,157370,2765,396.62232995033264,999,fits/tv2_m16_bottleneck_00__MULTI__s9101/p116/FROZEN_LAYERWISE/WINNER.json,c0e41ee5cb38d4cbfa347814f021bbd3197fbfdd5b6cb5686ff96ad065acb516,dd2860f192408b6f13f45259340920abf3775495581f352b8ae5d1f77c786cb9,False,,,1430676,579,1793275,193752,acb2eef25a334266520bacf5bae9b80df6e9e652932255dc10026555cdead096,True,True
tv2_m16_bottleneck_00__MULTI__s9101,tv2_m16_bottleneck_00,MULTI,9101,117,WARM_JOINT,BUDGET_EXHAUSTED,-0.8750191476867608,-0.8750191476867614,0.5358670147419028,0.9991869287329356,0.5363030673564088,156,155,466,468,54522,120.32615852355957,139,156,234,0.08623082231632795,0,9215,9100,27415,2104067,4862.783594369888,2158589,27881,4983.109752893448,9371,fits/tv2_m16_bottleneck_00__MULTI__s9101/p116/WARM_JOINT/WINNER.json,370ef4eff35fd86dd2456a6b7d84fffa668eeb347bd13e530fe71c5288812679,5538b33f70143f2e960dd19593b17555f9cbe1be16cd5c10ec10a235bb7bf1c6,False,,,1430676,579,1793275,193752,859d9bdf1efc6c2d147e3710e9fe46ef959a25869d66bb8ea358440cb3541d8d,True,False
tv2_m16_bottleneck_00__MULTI__s9101,tv2_m16_bottleneck_00,MULTI,9101,118,FROZEN_LAYERWISE,CONVERGED,0.39341272591593,0.39341272591593,0.00032756130541514866,0.0017683476266812897,0.18523581024048572,5,4,13,472,1534,3.4691386222839355,3,5,2,0.0,0,999,883,2765,157370,396.62232995033264,158904,2778,400.0914685726166,1004,fits/tv2_m16_bottleneck_00__MULTI__s9101/p117/FROZEN_LAYERWISE/WINNER.json,dd2860f192408b6f13f45259340920abf3775495581f352b8ae5d1f77c786cb9,5769c94a23327c433d61c1f473112af537adb70a5bb6455c273d122ce76343db,False,,,1442904,579,1808602,195408,c60074f8a31b1a0ce6542516a52fbbcc3672ef8f7e2503489cf9eb7a917094d8,True,True
tv2_m16_bottleneck_00__MULTI__s9101,tv2_m16_bottleneck_00,MULTI,9101,118,WARM_JOINT,BUDGET_EXHAUSTED,-0.8750316255658913,-0.8750316255658934,0.5360760994935735,0.9991812845901482,0.5365153528805989,158,157,472,472,55696,125.43454551696777,137,157,236,0.061137306932637414,0,9371,9255,27881,2158589,4983.109752893448,2214285,28353,5108.544298410416,9529,fits/tv2_m16_bottleneck_00__MULTI__s9101/p117/WARM_JOINT/WINNER.json,5538b33f70143f2e960dd19593b17555f9cbe1be16cd5c10ec10a235bb7bf1c6,13c75e768327c187402d134426af7556dd9f70c2128fd25aa32fbe7051f8285f,False,,,1442904,579,1808602,195408,f2bbecd0b8e6cdcbd6108da50dc265b39d049245caf91339ee4555a4bdbcba2d,True,False
tv2_m16_bottleneck_00__MULTI__s9101,tv2_m16_bottleneck_00,MULTI,9101,119,FROZEN_LAYERWISE,CONVERGED,0.3934127258189438,0.39341272581894376,0.00032757296815171525,0.0017684023660678105,0.18523667149354756,4,3,10,476,1190,2.5786173343658447,2,4,2,0.0,0,1004,887,2778,158904,400.0914685726166,160094,2788,402.6700859069824,1008,fits/tv2_m16_bottleneck_00__MULTI__s9101/p118/FROZEN_LAYERWISE/WINNER.json,5769c94a23327c433d61c1f473112af537adb70a5bb6455c273d122ce76343db,5e1ddee0432ba001797d5e950c64cd53f7786539885d1833b165614e2484dc38,False,,,1455132,579,1823929,197064,e38c83cd27c21b80efc46505a198f9fa0b432b4fce10e28083dcaf659e4cd37d,True,True
tv2_m16_bottleneck_00__MULTI__s9101,tv2_m16_bottleneck_00,MULTI,9101,119,WARM_JOINT,BUDGET_EXHAUSTED,-0.8750433610911451,-0.8750433610911473,0.5363702494148684,0.9991805463246953,0.536810140457407,159,158,475,476,56525,124.40257692337036,140,159,238,0.049043477497744625,0,9529,9412,28353,2214285,5108.544298410416,2270810,28828,5232.946875333786,9688,fits/tv2_m16_bottleneck_00__MULTI__s9101/p118/WARM_JOINT/WINNER.json,13c75e768327c187402d134426af7556dd9f70c2128fd25aa32fbe7051f8285f,3495cd8f340cf81e678fe9d44a2a4679e21524c949e34dfc36fc16239d1a36f1,False,,,1455132,579,1823929,197064,4db8e47cdedadb2f1eaf81dcc1a6e1a7481de8e19285d339a116f2a182714b65,True,False
tv2_m16_bottleneck_00__MULTI__s9101,tv2_m16_bottleneck_00,MULTI,9101,120,FROZEN_LAYERWISE,CONVERGED,0.3934127257979787,0.39341272579797826,0.0003275677307833053,0.0017683777585260727,0.18523628744139495,5,4,13,480,1560,3.4622011184692383,3,5,2,0.0,0,1008,890,2788,160094,402.6700859069824,161654,2801,406.13228702545166,1013,fits/tv2_m16_bottleneck_00__MULTI__s9101/p119/FROZEN_LAYERWISE/WINNER.json,5e1ddee0432ba001797d5e950c64cd53f7786539885d1833b165614e2484dc38,80ab5869c9f902822bf7ba11447c1f22589c91ab709673028a14b9463775c828,True,94f7c3f41a9ca01c88fdd48d22c13fae0882ba2ebd01fe1bd7fc3f32c417db38,7.473578513647951e-16,1467360,579,1839256,198720,898664e32e924aa0975c9cbf6d14d55a1a674a52cbd0ddc5c8de8e3d688ba515,True,True
tv2_m16_bottleneck_00__MULTI__s9101,tv2_m16_bottleneck_00,MULTI,9101,120,WARM_JOINT,BUDGET_EXHAUSTED,-0.8750531533656529,-0.8750531533656496,0.5364322151043129,0.9991844712566471,0.5368700480599511,160,159,478,480,57360,127.18178296089172,142,160,240,0.07348708660828684,0,9688,9570,28828,2270810,5232.946875333786,2328170,29306,5360.128658294678,9848,fits/tv2_m16_bottleneck_00__MULTI__s9101/p119/WARM_JOINT/WINNER.json,3495cd8f340cf81e678fe9d44a2a4679e21524c949e34dfc36fc16239d1a36f1,2fac0200a6b9b8439cd6f150fada4041e277f84829d591ba66aa8b0ada66b1ad,True,63de9681522c34aeabb15f2d0784598f0b103791b43202697bd5ccfa206680ca,2.0390055148399215e-14,1467360,579,1839256,198720,1644023fba71284c4f86b183d10ce71248bcabc08417d0a86a0cece3cc4217b7,True,False
tv2_m16_bottleneck_00__MULTI__s9101,tv2_m16_bottleneck_00,MULTI,9101,120,RANDOM_JOINT,BUDGET_EXHAUSTED,-0.7916476975707655,-0.7916476975707661,0.1587619094408086,0.9629501502079715,0.16487033041795596,160,160,480,480,57600,129.79857993125916,147,160,240,3.0355532772969163,0,0,0,0,0,0.0,57600,480,129.79857993125916,160,,,145efbccee60686dd3ef62be1bbfb3bebb5dbfefab3314222e960e345c78f58b,True,eae5e9244c94ea0977cbab6b85a168980953ce30a0917f735eeae82a188cfa85,4.696047362219215e-15,1467360,579,1839256,198720,e13155dfaa7b404e5670a2d9d13742209853f7da39007d6dc48a9f892ac1f203,False,False
